ticket_id,created_at,customer_name,email,phone,city,product,issue_category,priority,channel,status,customer_tier,satisfaction_rating,first_response_minutes,resolution_time_hours,refund_amount,tags,agent_notes
TKT-02552,2025-06-05 21:31:00,Sage Larsen,sage.larsen@outlook.com,+1 (369) 844-8432,Bristol,Atlas Pro,Subscription,Medium,Email,pending_customer,Enterprise,2,-5,32.3,0,account;security;urgent,Follow-up required next business day.
TKT-01140,07/18/2025 15:05,Casey Sullivan,casey.sullivan@outlook.com,0065-50823438,Seattle,Atlas Pro,Subscription,Low,email,Open,,0,,-1,117.56,delivery | late,Customer mentioned a previous unresolved ticket.
TKT-01368,02-Mar-2025,Devon Morris,devon.morris@mailbox.org,0054-79772205,london,Vertex Analytics,Account Access,Low,Email,OPEN,Free,4,1521,48h,27.67,BILLING;invoice,Follow-up required next business day.
TKT-02723,01/22/2026 12:42,Kendall Bennett,kendall.bennett@outlook.com,,Austin,Orchid Plus,Refund,High,chat,Open,Premium, four,-5,48h,20.76,BILLING;invoice,Customer mentioned a previous unresolved ticket.
TKT-00809,2025-08-01 13:52:00,Riley Santos,riley.santos@mailbox.org,,Dublin,Vertex Analytics,Product Question,low,chat,Resolved,,3,385,,148.07,bug;mobile,Follow-up required next business day.
TKT-01178,12/02/2025 01:56,Parker Reed,PARKER.REED@GMAIL.COM,+1 (697) 785-4460,New York,Lumen Starter,Subscription,Urgent,Phone,resolved,,5,1061,45.9,73.59,,No additional context provided.
TKT-01077,30-Dec-2025,Sage Larsen,sage.larsen @example.com,+44 7225 564388,Austin,Harbor Essentials,Product Question,Urgent,social,OPEN,Enterprise,5,unknown,-1,$0.00,product question,Customer requested an update after the first response.
TKT-01567,04/06/2024 04:04,Avery Kim,avery.kim@outlook.com,,Berlin,Atlas Pro,Product Question,Low,Live Chat,Open,,0,13,2.9,82.68,bug;mobile,Customer requested an update after the first response.
TKT-00796,11/16/2024 10:42,Robin Patel,robin.patel@gmail.com,461.302.8019,Birmingham,Vertex Analytics,Delivery,MEDIUM,Live Chat,Escalated,premium,5,,-1,136.92,delivery | late,Customer supplied screenshots.
TKT-02145,2024-05-26 12:14:00,Parker Meyer,parker.meyer43@outlook.com,N/A,London,Nimbus Basic,Technical Issue,Urgent,Email,Escalated,Standard,3,,,66.72,login;password,
TKT-02245,04/18/2024 09:32,Sage Carter,sage.carter@mailbox.org,,Berlin,Lumen Starter,Delivery,Low,Social Media,pending_customer,Free,5,unknown,-1,167.95,refund,Customer supplied screenshots.
TKT-00270,26-Apr-2026,Micah Ahmed,micah.ahmed@example.com,+1 (814) 213-1153,Bristol,Atlas Pro,Billing,Medium,web-form,Closed,Free,,unknown,48h,86.19,login;password,
TKT-00111,08/02/2024 21:18,Devon Okafor,devon.okafor@outlook.com,,Berlin,Orchid Plus,Billing,low,Web Form,Resolved,Premium, four,-5,-1,0,bug;mobile,No additional context provided.
TKT-00843,2025-09-10 22:08:00,Jordan Ibrahim,jordan.ibrahim@example.com,,New York,Orchid Plus,Delivery,low,chat,Resolved,,0,,92.9,17.25,bug;mobile,Customer requested an update after the first response.
TKT-01613,2026/01/21,Blake Parker,blake.parker@example.com,,Seattle,Nimbus Basic,Refund,high,social,Pending Customer,Standard,1,,48.0,127.57,account;security;urgent,
TKT-01730,2025-05-01 09:58:00,Marley Meyer,marley.meyer41@gmail.com,805.670.1369,Singapore,Harbor Essentials,Subscription,High,web-form,Open,Premium,5,,48h,180.1,,Follow-up required next business day.
TKT-01312,2025/08/19,Ellis Larsen,ellis.larsen83@gmail.com,,London,Cobalt Enterprise,Refund,urgent,email,Escalated,Free,,-5,48h,123.98,account;security;urgent,Issue reproduced on a mobile device.
TKT-01458,2026-04-22 16:38:00,Robin Diaz,robin.diaz@mailbox.org,+1 (936) 701-1523,,Lumen Starter,Product Question,Urgent,web-form,pending_customer,premium,4,1143,48h,99.96,"billing,invoice",Escalated to the specialist queue.
TKT-02318,16-Sep-2024,Avery Carter,avery.carter@company.co,501.403.3283,Toronto,Atlas Pro,Refund,MEDIUM,Live Chat,OPEN,,4,1459,48h,45.05,delivery | late,
TKT-01007,22-Feb-2025,Devon Bennett,devon.bennett@outlook.com,N/A, BERLIN ,Orchid Plus,Subscription,high,PHONE,pending_customer,,3,1782,,$128.24,refund,Escalated to the specialist queue.
TKT-00616,03/26/2024 11:10,Alexis Parker,alexis.parker@gmail.com,612.709.8591,Melbourne,Orchid Plus,Subscription,Urgent,Phone,Resolved,,5,unknown,81.7,86.11,refund,Customer supplied screenshots.
TKT-02296,2024/12/04,Finley Okafor,FINLEY.OKAFOR@OUTLOOK.COM,778.675.8185,Bristol,Cobalt Enterprise,Subscription,low,web-form,Resolved,Free,2,,33.9,107.74,account;security;urgent,
TKT-01731,2025-03-10 02:51:00,Quinn Walker,quinn.walker17@example.com,+44 7403 845763,Birmingham,Harbor Essentials,Refund,Urgent,Social Media,Resolved,premium,6,-5,-1,66.71,refund,
TKT-00667,26-Apr-2026,Casey Ibrahim,casey.ibrahim@gmail.com,561.638.9946,Cape Town,Lumen Starter,Security,Low,email,OPEN,,0,1738,37.4,64.98,bug;mobile,No additional context provided.
TKT-00582,2025/08/22,Parker Ahmed,parker.ahmed12@outlook.com,N/A,Austin,Cobalt Enterprise,Technical Issue,Urgent,chat,Resolved,premium,2,1180,75.6,$56.16,account;security;urgent,Customer supplied screenshots.
TKT-00572,2024-01-01 07:15:00,Jordan Singh,jordan.singh@outlook.com,, BERLIN ,Harbor Essentials,Account Access,high,Email,Resolved,Free,6,unknown,48h,171.2,account;security;urgent,
TKT-00924,07/02/2024 10:47,Marley Fischer,marley.fischer@company.co,607.242.9592,Cape Town,Mosaic Team,Technical Issue,Medium,chat,OPEN,Standard,5,unknown,48h,,BILLING;invoice,Customer mentioned a previous unresolved ticket.
TKT-01463,06-Dec-2024,Kendall Meyer,kendall.meyer89@gmail.com,537.536.1730,Dublin,Orchid Plus,Security,low,PHONE,Closed,,5,,-1,67.5,account;security;urgent,Customer mentioned a previous unresolved ticket.
TKT-00648,2025-02-22 13:57:00,Taylor Hansen,taylor.hansen56@company.co,353.914.6035,london,Harbor Essentials,Delivery,High,Live Chat,pending_customer,Premium,3,653,-1,76.01,,Issue reproduced on a mobile device.
TKT-01727,2025/06/23,Blake Kim,blake.kim@mailbox.org,,Seattle,Lumen Starter,Feature Request,Urgent,chat,Open,,2,-5,48h,49.52,product question,Issue reproduced on a mobile device.
TKT-02338,2024/01/23,Sage Hansen,sage.hansen@mailbox.org,0045-30159075,Birmingham,Cobalt Enterprise,Billing,high,Social Media,Open,premium,,1456,,81.74,,Issue reproduced on a mobile device.
TKT-02098,2025/12/03,Drew Novak,drew.novak@example.com,+44 7680 163744,New York,Nimbus Basic,Delivery,High,Phone,Resolved,,6,,48h,20.05,"billing,invoice",No additional context provided.
TKT-01830,02/07/2024 17:18,Milan Singh,milan.singh30@gmail.com,+44 7476 591147,Toronto,Vertex Analytics,Technical Issue,urgent,Phone,pending_customer,,1,unknown,48h,80.04,BILLING;invoice,Follow-up required next business day.
TKT-01792,05/25/2025 06:04,Rowan Patel,rowan.patel@example.com,433.742.7508,Melbourne,Mosaic Team,Security,High,social,Open,Standard,4,221,11.4,85.33,delivery | late,No additional context provided.
TKT-00886,20-Oct-2024,Sage Kim,sage.kim@company.co,+1 (575) 346-2010,Austin,Orchid Plus,Billing,Urgent,Email,Pending Customer,Enterprise,5,199,,180.57,feature-request,
TKT-00073,03/30/2026 05:36,Arden Diaz,arden.diaz@mailbox.org,+1 (673) 437-7636,Dublin,Harbor Essentials,Technical Issue,low,PHONE,resolved,premium,4,unknown,,77.03,"billing,invoice",Issue reproduced on a mobile device.
TKT-01080,08/11/2025 18:07,Reese Morris,reese.morris@gmail.com,0070-95550523,Toronto,Nimbus Basic,Account Access,MEDIUM,social,pending_customer,premium,2,179,48h,125.76,login;password,No additional context provided.
TKT-00408,03-May-2024,Casey Ahmed,casey.ahmed@example.com,0039-56059442,Melbourne,Nimbus Basic,Security,MEDIUM,PHONE,Resolved,Enterprise,6,-5,-1,71.17,feature-request,Customer requested an update after the first response.
TKT-00706,2025-10-05 04:23:00,Sage Carter,sage.carter11@mailbox.org,+44 7774 461080,Austin,Cobalt Enterprise,Refund,urgent,email,Closed,,6,238,-1,112.33,bug;mobile,Customer mentioned a previous unresolved ticket.
TKT-02483,2025/07/16,Tatum Turner,tatum.turner16@gmail.com,+44 7058 440564,Leeds,Harbor Essentials,Delivery,high,Email,resolved,Free,5,1456,75.7,188.59,account;security;urgent,Customer mentioned a previous unresolved ticket.
TKT-00947,2025-06-24 06:59:00,Micah Larsen,micah.larsen57@outlook.com,0099-57146553,New York,Vertex Analytics,Security,low,Web Form,Open,Enterprise,1,,-1,0,login;password,Follow-up required next business day.
TKT-01363,2026-04-22 00:53:00,Emerson Brooks,emerson.brooks@gmail.com,+44 7812 988975,Austin,Lumen Starter,Security,urgent,email,Open,Premium,5,,,85.58,delivery | late,Issue reproduced on a mobile device.
TKT-00370,2025-06-15 22:47:00,Rowan Carter,rowan.carter14@company.co,+1 (297) 320-4909,Glasgow,Atlas Pro,Refund,Medium,Social Media,OPEN,,,-5,82.9,36.48,BILLING;invoice,Customer mentioned a previous unresolved ticket.
TKT-00020,11/09/2024 08:34,Parker Patel,parker.patel@mailbox.org,+44 7283 859782,london,Nimbus Basic,Billing,low,PHONE,pending_customer,Enterprise,5,369,,1.32,account;security;urgent,No additional context provided.
TKT-02711,20-Sep-2025,Avery Fischer,avery.fischer@mailbox.org,716.756.7178,New York,Vertex Analytics,Subscription,Urgent,email,pending_customer,premium,3,-5,,33.99,feature-request,Escalated to the specialist queue.
TKT-00279,2024/03/26,Emerson Petrov,emerson.petrov34@gmail.com,+1 (450) 916-1130,Austin,Nimbus Basic,Refund,MEDIUM,social,pending_customer,Standard,,,-1,82.84,"billing,invoice",Customer mentioned a previous unresolved ticket.
TKT-01001,18-Mar-2024,Cameron Sullivan,cameron.sullivan@mailbox.org,785.239.6176,Austin,Cobalt Enterprise,Delivery,urgent,email,Pending Customer,Enterprise, four,,48h,155.96,"billing,invoice",
TKT-01269,06/17/2026 07:58,Arden Diaz,arden.diaz@gmail.com,0047-56352804,Birmingham,Harbor Essentials,Feature Request,urgent,chat,Resolved,Standard,0,71,-1,38.55,BILLING;invoice,Follow-up required next business day.
TKT-00201,2024-09-25 08:02:00,Alexis Brooks,,+1 (336) 531-7513,Melbourne,Lumen Starter,Security,MEDIUM,Phone,Resolved,premium,1,683,48h,98.68,product question,Customer requested an update after the first response.
TKT-01309,07/15/2024 00:58,Tatum Wilson,tatum.wilson77@company.co,+1 (612) 467-2587,Glasgow,Vertex Analytics,Feature Request,high,email,OPEN,Standard,6,unknown,,138.72,account;security;urgent,
TKT-00317,2024/09/23,Reese Ibrahim,reese.ibrahim@example.com,0059-12082019,Seattle,Orchid Plus,Security,Urgent,Social Media,Open,Premium,,208,-1,$116.51,"billing,invoice",Customer supplied screenshots.
TKT-01485,2025/11/24,Ellis Kim,ellis.kim83@company.co,0088-86295191,Amsterdam,Lumen Starter,Refund,Urgent,chat,Closed,premium,5,,48h,91.36,bug;mobile,Escalated to the specialist queue.
TKT-01974,2026-01-24 02:47:00, shawn morales ,shawn.morales@example.com,+1 (863) 663-7874,Manchester,Harbor Essentials,Product Question,urgent,Live Chat,Resolved,Premium,6,1304,21.1,89.71,delivery | late,
TKT-01113,2024-08-09 09:38:00,Devon Ahmed,devon.ahmed@example.com,,Birmingham,Orchid Plus,Product Question,high,PHONE,OPEN,,3,1595,96.0,126.85,refund,Customer mentioned a previous unresolved ticket.
TKT-02491,2026-04-21 00:01:00,Blake Morales,blake.morales99@example.com,0088-94533141, BERLIN ,Mosaic Team,Security,urgent,email,Resolved,Premium, four,79,33.4,78.24,product question,
TKT-01881,2024-10-24 22:09:00,Shawn Walker,shawn.walker54@mailbox.org,+1 (298) 995-3355,london,Lumen Starter,Feature Request,high,PHONE,Pending Customer,Enterprise,,-5,-1,$132.07,refund,Customer requested an update after the first response.
TKT-01719,2025/02/12,Tatum Ahmed,tatum.ahmed99@company.co,+44 7535 880203, BERLIN ,Harbor Essentials,Billing,High,PHONE,Escalated,premium,6,-5,-1,118.02,"billing,invoice",No additional context provided.
TKT-01602,02/11/2024 20:54,Marley Patel,marley.patel@example.com,0050-66049215,Glasgow,Atlas Pro,Account Access,MEDIUM,Web Form,Pending Customer,Premium,4,-5,-1,154.62,,
TKT-00718,2025/12/02,Marley Hughes,marley.hughes17@example.com,0026-49286523,Amsterdam,Orchid Plus,Technical Issue,low,PHONE,Pending Customer,,,unknown,,87.27,refund,Customer requested an update after the first response.
TKT-02042,2024/08/12,Arden Reed,arden.reed75@outlook.com,,Manchester,Harbor Essentials,Account Access,MEDIUM,PHONE,pending_customer,Premium,,unknown,,56.49,delivery | late,No additional context provided.
TKT-00451,2025/05/17,Arden Novak,arden.novak@example.com,,Bristol,Vertex Analytics,Security,High,Social Media,Escalated,Premium,5,,61.2,75.55,account;security;urgent,Customer supplied screenshots.
TKT-00294,2024/01/17,Casey Sullivan,casey.sullivan61@example.com,0020-63274774,Bristol,Atlas Pro,Delivery,Medium,Web Form,Open,Free,5,759,-1,125.73,delivery | late,No additional context provided.
TKT-01374,05/06/2024 13:14,Ellis Wilson,ellis.wilson92@gmail.com,+1 (852) 261-1030,Toronto,Nimbus Basic,Product Question,Urgent,Social Media,Closed,Enterprise,6,,-1,0,delivery | late,Follow-up required next business day.
TKT-00597,2024/01/03,Milan Parker,milan.parker50@example.com,,Melbourne,Vertex Analytics,Billing,Low,Email,Closed,,1,,29.0,64.16,account;security;urgent,Customer mentioned a previous unresolved ticket.
TKT-02493,2025-07-17 10:35:00,Alexis Ahmed,alexis.ahmed@company.co,0056-97064162, BERLIN ,Vertex Analytics,Refund,Low,Phone,OPEN,,,-5,48h,51.88,product question,Issue reproduced on a mobile device.
TKT-02220,02/02/2026 19:17,Micah Kowalski,micah.kowalski@gmail.com,0027-88732133,,Orchid Plus,Product Question,Low,PHONE,Closed,premium, four,,,65.41,refund,
TKT-01435,2024/09/01,Kendall Bennett,kendall.bennett@gmail.com,,Birmingham,Cobalt Enterprise,Account Access,Urgent,Live Chat,Open,,3,1569,48h,69.81,login;password,
TKT-00877,01/03/2025 13:58,Sage Wilson,sage.wilson18@gmail.com,0043-92314272,Glasgow,Harbor Essentials,Technical Issue,high,Phone,Closed,Premium,2,73,-1,50.53,bug;mobile,Customer requested an update after the first response.
TKT-02506,06-Sep-2025,Quinn Kim,quinn.kim29@company.co,849.897.4176,Melbourne,Nimbus Basic,Delivery,High,Phone,Open,Standard,0,1135,48h,33.6,refund,
TKT-01045,15-Nov-2025,Drew Larsen,drew.larsen57@outlook.com,0033-17517599,london,Mosaic Team,Subscription,urgent,chat,Open,premium,0,166,52.2,69.51,"billing,invoice",No additional context provided.
TKT-01772,2024-03-14 08:24:00,Robin Morris,robin.morris@outlook.com,+1 (493) 570-8366,Berlin,Orchid Plus,Delivery,urgent,email,pending_customer,Premium,2,1340,48h,172.23,bug;mobile,Customer requested an update after the first response.
TKT-01002,26-Jun-2025,Kendall Walker,kendall.walker@company.co,,london,Cobalt Enterprise,Billing,urgent,web-form,Open,premium,5,116,48h,129.85,account;security;urgent,Customer requested an update after the first response.
TKT-01262,2026/02/19,Marley Ahmed,marley.ahmed@company.co,+1 (819) 989-1699,,Orchid Plus,Technical Issue,Medium,Email,resolved,Free,0,462,48h,$83.18,BILLING;invoice,
TKT-02445,12-Jun-2026,Micah Parker,,0089-39626639,Birmingham,Orchid Plus,Billing,Medium,Phone,Closed,premium,5,unknown,-1,51.34,"billing,invoice",Escalated to the specialist queue.
TKT-01161,07-May-2026,Parker Patel,parker.patel@gmail.com,0089-70247394,Cape Town,Vertex Analytics,Refund,High,chat,Escalated,Premium,5,96,48h,$0.00,login;password,Customer requested an update after the first response.
TKT-01595,12/10/2025 20:03, avery ibrahim ,avery.ibrahim@outlook.com,+44 7848 214846,Amsterdam,Nimbus Basic,Refund,urgent,social,pending_customer,Free,1,unknown,-1,0,refund,No additional context provided.
TKT-00100,2025-05-24 10:05:00,Drew  Hansen,drew.hansen@gmail.com,0082-73852097,Amsterdam,Lumen Starter,Security,MEDIUM,email,Closed,premium,0,372,48h,66.1,delivery | late,Escalated to the specialist queue.
TKT-00120,14-May-2025,Morgan Sullivan,morgan.sullivan@outlook.com,006-97043518,Amsterdam,Mosaic Team,Refund,MEDIUM,PHONE,pending_customer,premium,5,-5,-1,120.36,"billing,invoice",
TKT-00117,07/14/2025 02:54,Cameron Fischer,cameron.fischer@outlook.com,972.155.9992,Amsterdam,Nimbus Basic,Product Question,Medium,Web Form,resolved,Enterprise,2,597,,77.09,feature-request,Escalated to the specialist queue.
TKT-00310,01-Nov-2025,Cameron Hughes,cameron.hughes@company.co,0046-39566459,london,Lumen Starter,Technical Issue,Urgent,Phone,Escalated,Premium,5,1340,48h,67.88,"billing,invoice",Customer requested an update after the first response.
TKT-00731,11/02/2025 07:24,Rowan Chen,rowan.chen@mailbox.org,0057-79932957,Manchester,Vertex Analytics,Billing,low,Web Form,pending_customer,Enterprise,0,-5,,89.77,"billing,invoice",Escalated to the specialist queue.
TKT-01653,2025-04-20T15:00:00,Rowan Petrov,rowan.petrov@outlook.com,,Manchester,Cobalt Enterprise,Account Access,Urgent,web-form,Open,Premium,5,unknown,48h,89.69,delivery | late,Customer supplied screenshots.
TKT-01537,2024-09-10 16:43:00,Arden Ahmed,arden.ahmed45@gmail.com,+44 7108 418807,Dublin,Mosaic Team,Technical Issue,Medium,web-form,Escalated,,,1124,64.6,107.25,delivery | late,
TKT-01952,2025/03/14,Jamie Brooks,jamie.brooks@mailbox.org,+44 7789 572045,london,Mosaic Team,Security,low,PHONE,Closed,premium,5,unknown,48h,148.41,,Issue reproduced on a mobile device.
TKT-01461,2024/04/11,Morgan Ibrahim,morgan.ibrahim97@gmail.com,+44 7101 643054,Melbourne,Nimbus Basic,Delivery,Low,PHONE,Escalated,, four,349,65.8,71.38,delivery | late,Issue reproduced on a mobile device.
TKT-01944,2026/04/26,Ellis Diaz,ellis.diaz80@outlook.com,N/A,Leeds,Harbor Essentials,Product Question,high,PHONE,Escalated,Free,3,608,-1,60.12,refund,
TKT-01324,11-Apr-2026,Reese Hughes,reese.hughes47@example.com,,london,Orchid Plus,Account Access,low,Email,resolved,,5,,,105.76,delivery | late,Follow-up required next business day.
TKT-00549,2025/08/05,Rowan Kim,rowan.kim@outlook.com,573.523.4381,Austin,Lumen Starter,Product Question,Urgent,Social Media,Closed,,2,-5,48h,99.41,refund,Customer mentioned a previous unresolved ticket.
TKT-01455,2024-03-22 02:05:00,Finley Ibrahim,finley.ibrahim77@mailbox.org,,Toronto,Orchid Plus,Feature Request,MEDIUM,Social Media,Resolved,Premium, four,,70.2,110.1,bug;mobile,
TKT-02484,01-Mar-2026,Avery Singh,avery.singh@mailbox.org,+44 7136 438963,Cape Town,Vertex Analytics,Refund,Low,Live Chat,Resolved,Standard,1,1601,-1,36.83,,Customer mentioned a previous unresolved ticket.
TKT-02265,07/18/2024 10:10,Blake Parker,BLAKE.PARKER19@MAILBOX.ORG,,Melbourne,Harbor Essentials,Billing,Low,chat,Escalated,Premium,2,,,116.41,feature-request,Escalated to the specialist queue.
TKT-01864,2025-03-18 09:10:00,Parker Petrov,parker.petrov3@outlook.com,+44 7921 870656,Toronto,Harbor Essentials,Product Question,Urgent,Email,Open,premium,5,-5,48h,0,refund,Follow-up required next business day.
TKT-01590,02/23/2025 08:27,Sage Morales,sage.morales@mailbox.org,+1 (782) 951-6148,New York,Atlas Pro,Delivery,low,email,Closed,premium,,,82.5,83.74,feature-request,No additional context provided.
TKT-01517,2026/05/15,Shawn Fischer,shawn.fischer64@mailbox.org,+44 7781 601846,Singapore,Lumen Starter,Subscription,low,Live Chat,Escalated,Standard,,285,,,delivery | late,Escalated to the specialist queue.
TKT-01978,2024/05/05,Arden Morris,arden.morris33@company.co,,Birmingham,Lumen Starter,Feature Request,urgent,PHONE,pending_customer,,1,,,131.11,BILLING;invoice,Follow-up required next business day.
TKT-02544,2024/05/24,Reese Reed,reese.reed@company.co,+44 7465 956327,london,Cobalt Enterprise,Delivery,Low,Email,OPEN,Free, four,1187,-1,62.03,product question,
TKT-01280,2024/08/02,Hayden Brooks,hayden.brooks@company.co,,Singapore,Harbor Essentials,Refund,MEDIUM,PHONE,Open,,6,1421,,62.0,,Follow-up required next business day.
TKT-01344,08/09/2024 14:03,Avery Novak,avery.novak@company.co,+1 (809) 863-6676,Glasgow,Cobalt Enterprise,Billing,Low,email,resolved,Enterprise,5,-5,62.0,144.49,BILLING;invoice,Customer requested an update after the first response.
TKT-01694,2026/02/16,Emerson Hughes,emerson.hughes@example.com,0032-73362712,New York,Atlas Pro,Subscription,low,social,Pending Customer,Standard, four,-5,48h,4.97,feature-request,
TKT-00188,10-Aug-2024,Cameron Morales,cameron.morales1@company.co,0024-69010948,New York,Atlas Pro,Technical Issue,MEDIUM,PHONE,Open,Enterprise, four,1055,48h,74.99,delivery | late,
TKT-02095,2025/10/23,Cameron Wilson,cameron.wilson34@example.com,671.473.6339,Seattle,Nimbus Basic,Product Question,Urgent,email,Escalated,,4,,-1,$136.15,login;password,Customer supplied screenshots.
TKT-00508,01-Oct-2025,Reese Parker,reese.parker@mailbox.org,0092-63195723,New York,Vertex Analytics,Feature Request,MEDIUM,Live Chat,pending_customer,premium,2,,48h,31.48,feature-request,No additional context provided.
TKT-02447,06/19/2025 11:03,Quinn Novak,quinn.novak34@gmail.com,300.772.4133,Amsterdam,Harbor Essentials,Feature Request,High,Live Chat,Resolved,Premium,6,-5,-1,,login;password,Issue reproduced on a mobile device.
TKT-00914,2024/10/13,Skyler Kowalski,skyler.kowalski79 @example.com,+44 7653 686392,Manchester,Cobalt Enterprise,Account Access,Low,email,OPEN,Enterprise, four,,-1,165.76,bug;mobile,
TKT-02763,2024-08-12 01:31:00,Ellis Ibrahim,ellis.ibrahim@gmail.com,0021-31975610,London,Atlas Pro,Refund,Medium,Phone,Closed,premium,0,1576,,128.24,BILLING;invoice,Follow-up required next business day.
TKT-01758,03/24/2024 23:48,Reese Hughes,reese.hughes@mailbox.org,+44 7168 722409,Birmingham,Cobalt Enterprise,Subscription,urgent,web-form,pending_customer,Standard,,1593,48h,131.41,login;password,
TKT-00875,2024/09/18,Kendall Larsen,kendall.larsen@outlook.com,0033-73678218,Singapore,Harbor Essentials,Feature Request,urgent,PHONE,resolved,Premium,,,48h,77.18,delivery | late,Customer mentioned a previous unresolved ticket.
TKT-01557,2025-08-18 11:22:00,Tatum Bennett,tatum.bennett@mailbox.org,+44 7983 104324,Melbourne,Nimbus Basic,Subscription,Medium,Email,Open,Premium,5,270,,129.25,login;password,
TKT-00217,06/19/2025 05:13,Taylor Meyer,taylor.meyer@outlook.com,+1 (803) 631-1797, BERLIN ,Harbor Essentials,Subscription,urgent,Phone,resolved,Free,5,140,48h,36.49,,
TKT-00680,2024/11/28,Micah Santos,micah.santos@company.co,0019-41154721,London,Nimbus Basic,Security,Urgent,Phone,resolved,Enterprise,5,unknown,48h,$148.94,bug;mobile,Customer mentioned a previous unresolved ticket.
TKT-02142,01-Jul-2024,Casey Kim,casey.kim@mailbox.org,+44 7533 917208,london,Orchid Plus,Subscription,MEDIUM,PHONE,Escalated,Free,4,1133,62.9,81.8,account;security;urgent,No additional context provided.
TKT-02252,07-Apr-2025,Shawn Nguyen,shawn.nguyen97@gmail.com,+1 (218) 696-6950,New York,Harbor Essentials,Technical Issue,Medium,Web Form,Pending Customer,Free,,-5,5.3,162.11,bug;mobile,
TKT-01015,2024-08-01 11:41:00,Micah Reed,micah.reed@example.com,,London,Cobalt Enterprise,Subscription,Urgent,chat,Resolved,,6,754,48h,174.48,,Customer requested an update after the first response.
TKT-00087,2025-04-18 03:28:00,Tatum Wilson,tatum.wilson@mailbox.org,N/A,Manchester,Orchid Plus,Security,high,PHONE,Resolved,Enterprise,2,unknown,77.7,129.35,feature-request,Issue reproduced on a mobile device.
TKT-00650,2025-12-09 16:03:00,Emerson Ibrahim,emerson.ibrahim97@example.com,,New York,Nimbus Basic,Technical Issue,MEDIUM,PHONE,Closed,Premium,5,787,93.3,117.29,feature-request,
TKT-00921,08/29/2025T12:38,Morgan Kowalski,morgan.kowalski63@outlook.com,,Toronto,Cobalt Enterprise,Security,Medium,Email,OPEN,,4,123,-1,138.05,login;password,Customer mentioned a previous unresolved ticket.
TKT-00488,06-Jan-2026,Emerson Kowalski,emerson.kowalski@company.co,N/A,Toronto,Nimbus Basic,Refund,urgent,social,resolved,Premium,1,-5,-1,19.51,BILLING;invoice,
TKT-01188,10/07/2025 07:23,Skyler Sullivan,skyler.sullivan96@outlook.com,0097-65029330,london,Orchid Plus,Feature Request,High,PHONE,OPEN,premium,1,1453,48h,66.65,BILLING;invoice,
TKT-01338,28-Mar-2024,Morgan Carter,morgan.carter6@gmail.com,, BERLIN ,Vertex Analytics,Refund,Medium,email,OPEN,Free,5,unknown,-1,62.36,BILLING;invoice,Issue reproduced on a mobile device.
TKT-02109,12/28/2024 10:03,Micah Reed,micah.reed@outlook.com,+1 (732) 430-3565,Cape Town,Nimbus Basic,Subscription,MEDIUM,chat,pending_customer,premium,1,-5,-1,60.93,product question,
TKT-02504,2025/10/10,Tatum Sullivan,tatum.sullivan@gmail.com,313.875.1481,Berlin,Harbor Essentials,Security,High,social,OPEN,Free,4,1197,48h,45.33,delivery | late,
TKT-01917,2024-03-28 00:42:00,Robin Chen,robin.chen19@gmail.com,0017-95904796,Cape Town,Mosaic Team,Security,Urgent,Live Chat,Resolved,Free,1,-5,48h,35.67,refund,Customer supplied screenshots.
TKT-00404,2026-02-01 23:16:00,Tatum Bennett,tatum.bennett@gmail.com,+44 7276 123654,Berlin,Lumen Starter,Subscription,Urgent,Social Media,Resolved,, four,unknown,-1,81.58,product question,Customer requested an update after the first response.
TKT-00634,2026-01-15 12:48:00, morgan larsen ,morgan.larsen@gmail.com,0052-84283162, BERLIN ,Lumen Starter,Refund,Low,PHONE,OPEN,Free,2,-5,71.7,55.52,,Customer supplied screenshots.
TKT-01692,04/30/2026 04:53,Arden Reed,arden.reed@example.com,831.894.9896,Leeds,Harbor Essentials,Product Question,Low,Phone,OPEN,Premium,4,343,,52.88,refund,No additional context provided.
TKT-02523,25-May-2026,Skyler Santos,skyler.santos@example.com,N/A,Leeds,Mosaic Team,Billing,urgent,Social Media,resolved,,4,979,-1,99.21,feature-request,Customer requested an update after the first response.
TKT-00022,2024/06/26,Morgan Morales,morgan.morales@example.com,370.906.4241,Toronto,Mosaic Team,Product Question,urgent,PHONE,Open,premium,4,,79.4,66.58,product question,No additional context provided.
TKT-02494,2024/12/27,Shawn Petrov,shawn.petrov@gmail.com,,Birmingham,Vertex Analytics,Account Access,Urgent,web-form,Open,Enterprise,1,,48h,,"billing,invoice",Customer mentioned a previous unresolved ticket.
TKT-01925,2025/01/28,Morgan Chen,morgan.chen@company.co,751.726.1539,Glasgow,Nimbus Basic,Product Question,Medium,email,Pending Customer,Standard, four,176,48h,193.07,,Follow-up required next business day.
TKT-01408,2025-11-05 15:04:00,Milan Wilson,milan.wilson@company.co,971.389.1378,,Orchid Plus,Account Access,Low,social,Pending Customer,,4,unknown,10.0,161.57,"billing,invoice",
TKT-01346,2026-05-03 23:44:00,Morgan Patel,MORGAN.PATEL@GMAIL.COM,+1 (883) 241-5572,,Atlas Pro,Delivery,high,PHONE,Closed,premium,,1322,48h,0,account;security;urgent,Customer mentioned a previous unresolved ticket.
TKT-02651,2026/05/13,Jordan Hughes,jordan.hughes99@company.co,,,Vertex Analytics,Refund,High,Web Form,resolved,Enterprise, four,866,-1,29.07,,No additional context provided.
TKT-01150,09-Sep-2025,Tatum Larsen,tatum.larsen@mailbox.org,001-75208696,Birmingham,Vertex Analytics,Account Access,high,Phone,Open,Standard,5,1633,41.9,32.42,delivery | late,Escalated to the specialist queue.
TKT-01318,2025/06/06,Taylor Kim,taylor.kim@example.com,,Dublin,Harbor Essentials,Billing,high,social,resolved,,0,unknown,0.8,62.21,login;password,Escalated to the specialist queue.
TKT-01554,2025/05/28,Alexis Petrov,alexis.petrov95@mailbox.org,578.121.7759,Cape Town,Nimbus Basic,Technical Issue,Urgent,Live Chat,resolved,,,-5,,33.52,feature-request,No additional context provided.
TKT-00817,2025/09/07,Blake Hansen,blake.hansen31@company.co,825.908.8554,Melbourne,Cobalt Enterprise,Subscription,Medium,email,OPEN,,5,,48h,93.69,,
TKT-00459,2026-06-11 00:55:00,Rowan Hughes,rowan.hughes@gmail.com,,Toronto,Atlas Pro,Feature Request,urgent,Web Form,resolved,Premium,6,unknown,,48.55,refund,No additional context provided.
TKT-02218,2025/10/21,Kendall Fischer,kendall.fischer@mailbox.org,+44 7763 885995,london,Vertex Analytics,Technical Issue,Medium,Email,Pending Customer,Free,3,1096,67.4,75.36,delivery | late,Customer supplied screenshots.
TKT-00076,29-Apr-2026,Micah Kim,micah.kim@outlook.com,+44 7214 950083, BERLIN ,Nimbus Basic,Account Access,high,Email,Closed,,4,1668,48h,124.2,refund,No additional context provided.
TKT-02406,08/06/2025 03:19,Shawn Reed,shawn.reed@gmail.com,730.801.5835,Berlin,Mosaic Team,Feature Request,urgent,Live Chat,OPEN,premium,2,-5,-1,152.73,account;security;urgent,Customer mentioned a previous unresolved ticket.
TKT-00255,06/15/2025 19:57,Sage Turner,sage.turner@example.com,,London,Vertex Analytics,Product Question,Low,web-form,Closed,,3,,81.8,0,refund,Escalated to the specialist queue.
TKT-01855,2024-01-29 05:20:00,Casey Santos,casey.santos92@example.com,,Austin,Harbor Essentials,Feature Request,Medium,web-form,Escalated,Standard,,-5,,134.03,account;security;urgent,Issue reproduced on a mobile device.
TKT-02094,08/27/2024 10:38,Jamie Morales,jamie.morales@outlook.com,+44 7145 712654,Manchester,Nimbus Basic,Delivery,High,email,pending_customer,Free,1,-5,48h,16.36,login;password,
TKT-01152,12-Mar-2026,Riley Kowalski,riley.kowalski@gmail.com,+1 (659) 657-8037,Dublin,Nimbus Basic,Delivery,high,PHONE,resolved,,5,-5,-1,0,delivery | late,No additional context provided.
TKT-02426,04/21/2026 02:15,Ellis Patel,ellis.patel@company.co,+1 (307) 775-8179,london,Vertex Analytics,Billing,Medium,PHONE,Pending Customer,,1,-5,48h,107.28,delivery | late,Customer supplied screenshots.
TKT-01352,13-Aug-2025,Sage Ahmed,sage.ahmed33@outlook.com,,Melbourne,Atlas Pro,Account Access,high,email,Escalated,Standard,4,unknown,-1,0,"billing,invoice",No additional context provided.
TKT-02143,2024/05/17,Robin Diaz,robin.diaz38@company.co,+44 7210 776213,london,Lumen Starter,Delivery,low,Live Chat,Open,,1,1071,-1,88.53,bug;mobile,Issue reproduced on a mobile device.
TKT-01499,2024-05-07 17:17:00,Shawn Kim,shawn.kim@outlook.com,0075-98922795,Melbourne,Lumen Starter,Technical Issue,low,Social Media,resolved,Standard,0,,52.6,135.32,"billing,invoice",
TKT-02011,2024/01/09,Parker Hughes,parker.hughes68@mailbox.org,+44 7691 873011,Cape Town,Cobalt Enterprise,Delivery,High,Web Form,OPEN,Standard,2,-5,27.7,0,product question,
TKT-00559,24-Jul-2025, casey morales ,casey.morales@example.com,,Cape Town,Atlas Pro,Account Access,Low,email,OPEN,,4,,42.6,100.69,,
TKT-02602,23-Mar-2025,Kendall Turner,kendall.turner36@gmail.com,+44 7879 161143,Amsterdam,Atlas Pro,Refund,Urgent,Social Media,OPEN,Premium,0,unknown,31.5,113.08,product question,Customer requested an update after the first response.
TKT-00554,10/19/2024 02:11, finley sullivan ,finley.sullivan@mailbox.org,0072-91805966,Austin,Mosaic Team,Technical Issue,Urgent,Web Form,Resolved,Standard,5,1788,,92.99,bug;mobile,Customer requested an update after the first response.
TKT-00295,06-Feb-2024,Drew Kim,drew.kim@example.com,+44 7103 330569,Amsterdam,Orchid Plus,Refund,Medium,Phone,Pending Customer,Premium,5,,70.5,98.64,product question,
TKT-00351,05/23/2026 17:06,Reese Petrov,reese.petrov@outlook.com,+44 7684 167898,Manchester,Mosaic Team,Technical Issue,MEDIUM,web-form,Open,Premium,2,,48.0,96.1,account;security;urgent,Follow-up required next business day.
TKT-00305,2026-01-20 05:25:00,Parker Patel,parker.patel64@example.com,+1 (950) 442-2727,Melbourne,Orchid Plus,Feature Request,Urgent,Web Form,Closed,Enterprise,2,78,48h,77.85,delivery | late,Escalated to the specialist queue.
TKT-00716,03-Aug-2024,Riley Carter,riley.carter@example.com,0024-67858924,Austin,Mosaic Team,Subscription,high,Social Media,pending_customer,premium,3,,48h,139.68,bug;mobile,
TKT-01782,11/05/2024 18:28,Tatum Larsen,,,New York,Mosaic Team,Product Question,High,email,Resolved,Premium,0,unknown,48h,74.43,account;security;urgent,Customer supplied screenshots.
TKT-01351,05/13/2025 18:20,Arden Wilson,arden.wilson@outlook.com,,Leeds,Cobalt Enterprise,Security,MEDIUM,web-form,Pending Customer,, four,92,-1,14.64,product question,
TKT-02031,2025-11-16 08:22:00,Devon Parker,devon.parker@mailbox.org,0036-99620757,Leeds,Vertex Analytics,Subscription,Low,social,Resolved,Standard,5,-5,-1,123.39,,
TKT-00876,12-Oct-2024,Blake Sullivan,,716.545.3981,london,Vertex Analytics,Security,MEDIUM,chat,Open,Free,2,1192,,177.7,delivery | late,No additional context provided.
TKT-02207,08-Jan-2025,Morgan Meyer,morgan.meyer@outlook.com,0048-38933690,London,Cobalt Enterprise,Subscription,high,web-form,pending_customer,,3,-5,,160.63,delivery | late,
TKT-02553,2025-08-24 18:52:00,Arden Carter,arden.carter@company.co,+1 (852) 444-8291,Glasgow,Harbor Essentials,Subscription,Medium,Email,resolved,,4,1144,,181.9,refund,Customer supplied screenshots.
TKT-01419,09-May-2026,Devon Walker,devon.walker29@gmail.com,+1 (580) 232-5845,Melbourne,Orchid Plus,Subscription,high,Web Form,resolved,,3,687,,163.07,BILLING;invoice,No additional context provided.
TKT-01271,2024-12-22 08:31:00,Milan Ibrahim,milan.ibrahim54@mailbox.org,+1 (994) 378-1700,Berlin,Mosaic Team,Subscription,Low,Live Chat,Closed,,2,886,22.3,139.02,account;security;urgent,Customer requested an update after the first response.
TKT-00128,2025-07-21 06:05:00,Skyler Ibrahim,skyler.ibrahim28@outlook.com,+44 7240 871153,Seattle,Cobalt Enterprise,Subscription,low,PHONE,Pending Customer,,5,321,11.7,47.85,product question,Customer requested an update after the first response.
TKT-02676,12-Jan-2026,Emerson Nguyen,emerson.nguyen@gmail.com,,Seattle,Mosaic Team,Refund,low,chat,pending_customer,,2,unknown,46.0,0,,
TKT-01866,2025-03-30 21:31:00,Morgan Hansen,morgan.hansen64@gmail.com,,,Vertex Analytics,Technical Issue,Low,email,pending_customer,Enterprise,0,-5,10.5,0,product question,Customer supplied screenshots.
TKT-02479,2024/04/01,Hayden Fischer,hayden.fischer@company.co,+1 (341) 322-1127,london,Atlas Pro,Account Access,Medium,Social Media,pending_customer,,6,,48h,5.38,BILLING;invoice,Customer requested an update after the first response.
TKT-00938,2026-02-06 06:47:00,Emerson Sullivan,emerson.sullivan@gmail.com,0068-62852261,,Mosaic Team,Subscription,Urgent,chat,pending_customer,Standard,6,-5,54.9,117.96,bug;mobile,
TKT-01163,2024-07-15 05:09:00,Riley Turner,riley.turner88@gmail.com,,Glasgow,Lumen Starter,Technical Issue,High,Social Media,Closed,Premium,0,1220,,2.57,feature-request,Issue reproduced on a mobile device.
TKT-00147,2024/12/21,Hayden Meyer,hayden.meyer31@outlook.com,772.240.2438,Dublin,Orchid Plus,Feature Request,Urgent,Phone,Closed,,6,1283,,10.97,product question,Escalated to the specialist queue.
TKT-00576,12/10/2024 01:46,Blake Parker,blake.parker@example.com,0082-38833181,Dublin,Atlas Pro,Refund,Urgent,PHONE,Resolved,Standard,0,,-1,0,product question,
TKT-00287,2025-11-06 19:21:00,Jamie Chen,jamie.chen@example.com,N/A,Leeds,Lumen Starter,Product Question,urgent,Web Form,Open,Premium,0,314,83.2,70.65,delivery | late,Follow-up required next business day.
TKT-01837,2026-01-11 06:04:00,Riley Hansen,riley.hansen@outlook.com,691.439.5293,Glasgow,Lumen Starter,Delivery,Low,Live Chat,Escalated,,1,-5,,16.1,bug;mobile,
TKT-02407,2024-12-25 11:57:00,Morgan Parker,morgan.parker@mailbox.org,385.957.4137,New York,Cobalt Enterprise,Feature Request,Medium,Web Form,Resolved,premium,3,1217,68.3,7.52,refund,Escalated to the specialist queue.
TKT-02662,2024-10-05 18:34:00, kendall carter ,kendall.carter @gmail.com,+44 7199 318541,Amsterdam,Mosaic Team,Technical Issue,Medium,email,Resolved,,4,1202,,29.77,bug;mobile,
TKT-02321,09/13/2024 15:44,Shawn Diaz,shawn.diaz @outlook.com,0048-70965894,Amsterdam,Cobalt Enterprise,Delivery,low,Phone,Pending Customer,Free,0,,,103.17,account;security;urgent,Customer mentioned a previous unresolved ticket.
TKT-02328,2024/01/07,Alexis Diaz,,706.229.7160,Bristol,Orchid Plus,Refund,low,social,pending_customer,Free,6,-5,,57.71,bug;mobile,No additional context provided.
TKT-02637,16-Nov-2024,Ellis Sullivan,ellis.sullivan@outlook.com,+1 (502) 960-7468,london,Atlas Pro,Subscription,High,Social Media,Open,Premium,,unknown,4.2,89.48,"billing,invoice",No additional context provided.
TKT-01210,27-Jul-2024,Jordan Santos,jordan.santos@example.com,+44 7208 600361,Singapore,Cobalt Enterprise,Delivery,Medium,Social Media,resolved,,0,-5,-1,175.23,bug;mobile,Customer mentioned a previous unresolved ticket.
TKT-00089,03-Sep-2025,Avery Grant,avery.grant@outlook.com,+44 7672 352867,,Orchid Plus,Delivery,urgent,web-form,Closed,Standard, four,1720,48h,49.86,product question,Customer requested an update after the first response.
TKT-00547,2024/04/28, morgan walker ,morgan.walker@gmail.com,,Manchester,Atlas Pro,Account Access,high,web-form,pending_customer,Enterprise,1,unknown,48h,110.74,,No additional context provided.
TKT-01560,17-Feb-2026,Drew Fischer,drew.fischer@gmail.com,+44 7195 289208,Austin,Lumen Starter,Technical Issue,urgent,PHONE,OPEN,Premium, four,1580,,64.09,bug;mobile,No additional context provided.
TKT-01058,03/03/2026 11:00,Finley Grant,finley.grant@mailbox.org,438.937.5758,,Mosaic Team,Refund,High,Web Form,OPEN,Enterprise,6,1733,-1,143.5,delivery | late,
TKT-01372,31-Oct-2025,Arden Sullivan,arden.sullivan@example.com,001-14993441,Austin,Vertex Analytics,Security,High,email,resolved,Enterprise,2,1743,48h,173.14,product question,No additional context provided.
TKT-01918,09/09/2025 10:34,Reese Fischer,reese.fischer77@example.com,0096-41995762,Cape Town,Cobalt Enterprise,Billing,low,Social Media,Closed,premium,,1423,48h,$44.85,delivery | late,Follow-up required next business day.
TKT-01551,12/05/2024 17:08,Shawn Larsen,shawn.larsen76@company.co,+1 (507) 598-4973,Birmingham,Cobalt Enterprise,Technical Issue,High,web-form,resolved,Free,3,-5,23.7,73.49,"billing,invoice",Customer supplied screenshots.
TKT-02099,2026/04/01,Arden Nguyen,arden.nguyen22@outlook.com,0092-69363161,Birmingham,Harbor Essentials,Product Question,Low,social,Pending Customer,Standard,1,unknown,48h,0,"billing,invoice",
TKT-01873,2026/04/05,Avery Wilson,avery.wilson19@outlook.com,+44 7161 399861,Berlin,Cobalt Enterprise,Security,high,PHONE,Resolved,Standard,3,596,,62.06,login;password,Customer mentioned a previous unresolved ticket.
TKT-00024,02/17/2026 18:46,Jordan Brooks,jordan.brooks@example.com,630.470.9167,London,Mosaic Team,Technical Issue,Urgent,Live Chat,pending_customer,Free,4,1126,-1,0.64,login;password,Follow-up required next business day.
TKT-01201,2025/02/24,Robin Petrov,robin.petrov@example.com,+1 (591) 875-9830,Manchester,Cobalt Enterprise,Product Question,Medium,PHONE,Open,Premium,4,-5,,85.89,,Customer mentioned a previous unresolved ticket.
TKT-00795,2024/11/23,Reese Carter,reese.carter@company.co,+1 (612) 237-3009,Berlin,Atlas Pro,Subscription,high,social,Pending Customer,premium,5,1263,63.3,19.54,login;password,Customer mentioned a previous unresolved ticket.
TKT-02132,13-Apr-2025,Emerson Grant,emerson.grant80@gmail.com,700.779.6395, BERLIN ,Nimbus Basic,Delivery,Urgent,Web Form,Open,Standard,3,,15.9,80.08,"billing,invoice",Issue reproduced on a mobile device.
TKT-00827,2025/06/24,Hayden Hansen,hayden.hansen@gmail.com,N/A,Dublin,Harbor Essentials,Delivery,MEDIUM,chat,Closed,Free,,unknown,15.2,165.88,"billing,invoice",No additional context provided.
TKT-02762,05-Jul-2024,Jamie Meyer,jamie.meyer@company.co,114.793.9613,london,Lumen Starter,Billing,high,Phone,pending_customer,premium,,612,48h,34.76,feature-request,Customer mentioned a previous unresolved ticket.
TKT-02670,29-May-2025,Ellis Turner,ellis.turner@outlook.com,+44 7266 314705,London,Vertex Analytics,Technical Issue,Low,email,resolved,,5,unknown,-1,$113.41,BILLING;invoice,
TKT-01942,2024-02-14 04:38:00,Emerson Parker,emerson.parker72@gmail.com,0035-80247473,Austin,Mosaic Team,Security,low,social,Pending Customer,Enterprise,6,unknown,-1,57.46,refund,Customer requested an update after the first response.
TKT-00698,01-Nov-2025,Robin Singh,robin.singh@example.com,+1 (365) 239-3466,Berlin,Orchid Plus,Billing,Urgent,email,Escalated,Free,2,-5,48h,10.19,bug;mobile,No additional context provided.
TKT-00541,2025-10-17 23:39:00,Micah Ahmed,micah.ahmed30@gmail.com,+44 7372 994292,Melbourne,Harbor Essentials,Technical Issue,High,Web Form,OPEN,Free, four,,-1,124.96,account;security;urgent,
TKT-01813,17-Nov-2024,Devon Meyer,,,,Cobalt Enterprise,Refund,urgent,Email,Closed,Standard,2,1035,9.4,167.67,BILLING;invoice,Customer requested an update after the first response.
TKT-00037,24-May-2025,Casey Hughes,casey.hughes69@gmail.com,006-68548403,Bristol,Vertex Analytics,Security,high,web-form,Open,Enterprise,6,unknown,-1,$90.49,product question,
TKT-02045,18-May-2024,Parker Ahmed,parker.ahmed@mailbox.org,0024-25999350,Glasgow,Orchid Plus,Subscription,Medium,web-form,Resolved,Premium,4,unknown,-1,33.77,refund,Follow-up required next business day.
TKT-00267,06/05/2025 13:06,Sage Novak,sage.novak52@gmail.com,0066-71128254,Berlin,Orchid Plus,Product Question,Low,Web Form,Escalated,premium,4,,,168.78,refund,Customer requested an update after the first response.
TKT-00066,2024-12-28 09:07:00,Tatum Santos,tatum.santos@example.com,195.515.7213,,Harbor Essentials,Product Question,Low,Live Chat,Closed,premium,1,21,-1,153.59,"billing,invoice",
TKT-00283,2025/03/14,Casey Larsen,casey.larsen21@company.co,+1 (896) 647-5640,Cape Town,Mosaic Team,Technical Issue,Urgent,PHONE,Open,Premium,6,unknown,72.0,166.23,login;password,No additional context provided.
TKT-00491,31-Jan-2024,Taylor Larsen,taylor.larsen@example.com,958.547.7449,Singapore,Nimbus Basic,Product Question,MEDIUM,social,Resolved,,2,725,,78.56,login;password,Customer requested an update after the first response.
TKT-01361,2024/11/14,Robin Santos,robin.santos93@company.co,241.284.6112,Birmingham,Lumen Starter,Feature Request,MEDIUM,PHONE,Pending Customer,Premium,3,unknown,-1,78.16,,Issue reproduced on a mobile device.
TKT-01924,21-May-2025,Milan Larsen,milan.larsen@mailbox.org,+1 (474) 395-4289,Singapore,Orchid Plus,Subscription,Medium,web-form,Open,Free,3,,,92.16,login;password,Escalated to the specialist queue.
TKT-02765,2024-05-24 14:06:00,Riley Ahmed,riley.ahmed66@mailbox.org,845.714.8998,London,Harbor Essentials,Feature Request,High,Phone,Escalated,premium,6,609,75.5,92.92,"billing,invoice",Issue reproduced on a mobile device.
TKT-02282,28-Jan-2025,Morgan Ibrahim,morgan.ibrahim28@example.com,,Cape Town,Nimbus Basic,Delivery,MEDIUM,Live Chat,resolved,premium, four,,14.6,41.73,account;security;urgent,Customer supplied screenshots.
TKT-00528,2025/09/02,Avery Hansen,avery.hansen@gmail.com,+1 (969) 763-1100,Bristol,Mosaic Team,Delivery,MEDIUM,email,Open,,0,-5,-1,81.64,product question,Issue reproduced on a mobile device.
TKT-00686,04-Apr-2024,Alexis Carter,alexis.carter28@example.com,,Berlin,Mosaic Team,Technical Issue,MEDIUM,PHONE,Closed,premium,3,-5,22.1,118.21,bug;mobile,Issue reproduced on a mobile device.
TKT-01795,05-Jun-2026,Milan Sullivan,milan.sullivan@company.co,,Seattle,Vertex Analytics,Delivery,low,Phone,pending_customer,Standard,4,unknown,-1,$90.73,delivery | late,Issue reproduced on a mobile device.
TKT-00453,2024/09/11,Quinn Santos,quinn.santos68@mailbox.org,634.685.6038,Melbourne,Lumen Starter,Security,High,email,resolved,,1,861,-1,24.79,refund,Issue reproduced on a mobile device.
TKT-01848,03/29/2024 06:13, micah petrov ,micah.petrov@mailbox.org,+44 7925 382993,Berlin,Cobalt Enterprise,Refund,Low,social,Closed,Enterprise,6,-5,48h,31.36,product question,Customer mentioned a previous unresolved ticket.
TKT-00392,04/03/2024 00:07,Emerson Wilson,emerson.wilson@mailbox.org,580.394.2003,Amsterdam,Orchid Plus,Security,low,social,OPEN,premium,1,362,,106.06,"billing,invoice",Follow-up required next business day.
TKT-02682,03-Apr-2025,Drew Wilson,drew.wilson88@gmail.com,+1 (830) 324-5191,Toronto,Nimbus Basic,Subscription,High,chat,pending_customer,,3,514,91.7,62.39,product question,
TKT-00069,01/29/2025 00:25,Cameron Kowalski,cameron.kowalski11@gmail.com,375.408.5397,Leeds,Lumen Starter,Billing,high,email,OPEN,,3,unknown,28.9,98.89,BILLING;invoice,
TKT-00565,03/08/2025 13:59,Avery Diaz,avery.diaz@mailbox.org,0051-35307028,Glasgow,Atlas Pro,Billing,urgent,chat,OPEN,Standard,5,,,,feature-request,
TKT-00926,2024/06/04, ellis diaz ,ellis.diaz@gmail.com,0058-34126013,Amsterdam,Lumen Starter,Account Access,Urgent,Phone,Pending Customer,,1,739,31.9,0,refund,Escalated to the specialist queue.
TKT-00129,07-Jun-2025,Rowan Kim,rowan.kim@company.co,223.815.9490,london,Cobalt Enterprise,Refund,High,PHONE,OPEN,Standard,1,1382,36.5,84.48,refund,Customer supplied screenshots.
TKT-00371,01/30/2024 15:35,Marley Grant,marley.grant46@outlook.com,+44 7469 833064,Toronto,Nimbus Basic,Technical Issue,high,email,pending_customer,,0,unknown,,80.35,feature-request,Escalated to the specialist queue.
TKT-00855,05/06/2026 18:33, emerson nguyen ,emerson.nguyen@outlook.com,0047-90028295,Toronto,Cobalt Enterprise,Subscription,high,Phone,pending_customer,,,unknown,57.6,157.13,,
TKT-02014,2024/09/06,Devon Ibrahim,devon.ibrahim@gmail.com,0010-15233560,Berlin,Harbor Essentials,Product Question,Low,PHONE,Pending Customer,Standard,5,,-1,27.31,account;security;urgent,Issue reproduced on a mobile device.
TKT-01650,2025/01/24,Robin Petrov,robin.petrov19@gmail.com,+1 (996) 976-4078,Cape Town,Vertex Analytics,Account Access,MEDIUM,email,Escalated,premium,5,1303,-1,$221.43,bug;mobile,Customer requested an update after the first response.
TKT-02548,10/27/2025 08:58,Avery Wilson,avery.wilson@gmail.com,+44 7857 411033,Birmingham,Orchid Plus,Subscription,Low,web-form,Escalated,Premium, four,-5,48h,47.94,,
TKT-02071,2026/05/01, morgan fischer ,morgan.fischer@example.com,+44 7109 322317,London,Orchid Plus,Delivery,Low,social,resolved,,4,1698,73.5,132.1,delivery | late,Escalated to the specialist queue.
TKT-00045,18-May-2024,Devon Novak,devon.novak@gmail.com,0070-73538641,london,Harbor Essentials,Refund,low,Live Chat,OPEN,Free,1,,48h,0,,Customer mentioned a previous unresolved ticket.
TKT-01469,2024-09-29 10:00:00,Skyler Grant,skyler.grant@gmail.com,+44 7269 971605,Amsterdam,Vertex Analytics,Security,urgent,PHONE,pending_customer,Premium,6,unknown,,13.23,,
TKT-02190,30-Apr-2025,Ellis  Grant,ellis.grant@gmail.com,,London,Mosaic Team,Billing,Urgent,Email,pending_customer,,,-5,35.1,111.37,"billing,invoice",
TKT-01953,2025/03/20,Jamie Ibrahim,jamie.ibrahim@gmail.com,0079-76573422,Manchester,Mosaic Team,Refund,MEDIUM,Email,Escalated,,5,1785,57.8,29.18,account;security;urgent,Customer requested an update after the first response.
TKT-02058,12-Jan-2026,Tatum Grant,tatum.grant@outlook.com,159.902.5741,Manchester,Lumen Starter,Technical Issue,High,social,Escalated,Enterprise, four,unknown,-1,127.09,account;security;urgent,Issue reproduced on a mobile device.
TKT-00749,2024-03-02 03:25:00,Sage Okafor,sage.okafor@mailbox.org,801.848.2258, BERLIN ,Lumen Starter,Subscription,high,PHONE,Pending Customer,Free, four,457,23.0,45.37,bug;mobile,Customer mentioned a previous unresolved ticket.
TKT-02116,09-Feb-2025,Arden Reed,arden.reed63@gmail.com,0071-80271405,Glasgow,Mosaic Team,Refund,High,PHONE,OPEN,Enterprise,3,589,-1,50.77,account;security;urgent,Customer mentioned a previous unresolved ticket.
TKT-02021,2026-06-14 14:15:00,Sage Ibrahim,sage.ibrahim@mailbox.org,+44 7118 450468,london,Mosaic Team,Security,urgent,web-form,OPEN,,5,-5,10.8,82.3,delivery | late,No additional context provided.
TKT-01195,2025-06-10 01:42:00,Riley Bennett,riley.bennett@outlook.com,905.804.5071,Dublin,Cobalt Enterprise,Delivery,Medium,Live Chat,Resolved,Free,3,unknown,50.9,0,feature-request,Escalated to the specialist queue.
TKT-00334,11/14/2025 22:51,Jordan Nguyen,jordan.nguyen98@mailbox.org,0053-33215400,Glasgow,Cobalt Enterprise,Billing,High,Email,Escalated,,5,unknown,54.6,41.76,"billing,invoice",Issue reproduced on a mobile device.
TKT-00538,2025-06-27 12:09:00,Arden Morales,arden.morales@mailbox.org,386.856.3887,Singapore,Cobalt Enterprise,Account Access,Urgent,PHONE,pending_customer,Enterprise,0,,-1,57.85,BILLING;invoice,Customer supplied screenshots.
TKT-00638,2024/10/25,Avery Fischer,avery.fischer69@company.co,+1 (890) 989-4889,Seattle,Lumen Starter,Feature Request,High,Social Media,Escalated,premium,6,unknown,-1,83.03,feature-request,
TKT-00699,2025/03/11,Devon Reed,devon.reed@company.co,201.975.2415,London,Orchid Plus,Feature Request,Medium,Social Media,Open,Free,3,1604,48h,129.82,delivery | late,No additional context provided.
TKT-01505,2026/02/09,Milan Singh,milan.singh@mailbox.org,,Seattle,Cobalt Enterprise,Technical Issue,High,web-form,resolved,Enterprise,3,unknown,-1,69.64,product question,
TKT-00916,15-Aug-2024,Micah Parker,micah.parker@mailbox.org,942.340.9264,Manchester,Vertex Analytics,Subscription,high,Social Media,pending_customer,Premium,0,94,48h,94.35,,Customer requested an update after the first response.
TKT-00836,18-Feb-2024,Finley Patel,,585.228.3498,,Harbor Essentials,Billing,Urgent,Web Form,Open,,,1230,48h,$91.88,,No additional context provided.
TKT-00143,03/20/2025 14:13,Arden Parker,arden.parker@example.com,0068-15527388,london,Atlas Pro,Feature Request,high,Social Media,Open,Enterprise,4,unknown,93.2,0,,Customer supplied screenshots.
TKT-02507,2024/10/18,Hayden Sullivan,HAYDEN.SULLIVAN@MAILBOX.ORG,+1 (418) 630-2767,Toronto,Mosaic Team,Delivery,High,web-form,Pending Customer,Standard,0,678,,241.2,refund,Customer mentioned a previous unresolved ticket.
TKT-01397,05/14/2026 05:05,Jamie Morris,jamie.morris51@gmail.com,+44 7087 322504, BERLIN ,Cobalt Enterprise,Technical Issue,high,PHONE,OPEN,,2,1195,-1,4.91,login;password,Customer mentioned a previous unresolved ticket.
TKT-02033,04/21/2025 19:38,Milan Nguyen,milan.nguyen@mailbox.org,788.604.6096,Austin,Vertex Analytics,Feature Request,high,chat,pending_customer,, four,370,29.3,105.2,,
TKT-02460,2025/12/21, milan bennett ,milan.bennett@mailbox.org,+44 7133 997702,Berlin,Cobalt Enterprise,Refund,Urgent,web-form,pending_customer,premium,2,371,-1,104.96,account;security;urgent,Customer supplied screenshots.
TKT-01139,12-Jan-2024,Robin Walker,robin.walker@outlook.com,+44 7702 185658,Bristol,Nimbus Basic,Subscription,urgent,email,Escalated,premium,3,1060,-1,111.86,refund,Issue reproduced on a mobile device.
TKT-01466,06/06/2025 03:39,Arden Wilson,arden.wilson@gmail.com,+1 (405) 279-4378,Singapore,Cobalt Enterprise,Technical Issue,Medium,web-form,Pending Customer,Premium,3,unknown,-1,111.37,feature-request,Escalated to the specialist queue.
TKT-00552,03-Jun-2026,Reese Parker,reese.parker46@gmail.com,+1 (545) 843-8722,Dublin,Lumen Starter,Account Access,Urgent,chat,Pending Customer,,5,613,48h,70.44,"billing,invoice",Follow-up required next business day.
TKT-01518,03/12/2024 03:25,Hayden Nguyen,hayden.nguyen54@company.co,0084-68030062,Melbourne,Cobalt Enterprise,Delivery,high,chat,pending_customer,Free,1,-5,,113.69,refund,Issue reproduced on a mobile device.
TKT-01742,03/01/2024 23:35,Hayden Brooks,hayden.brooks@example.com,N/A,Amsterdam,Harbor Essentials,Billing,High,chat,Open,Enterprise,5,-5,91.5,69.71,"billing,invoice",
TKT-02422,05/10/2024 00:58,Ellis Kowalski,ellis.kowalski@gmail.com,812.484.5868,Birmingham,Harbor Essentials,Subscription,urgent,Web Form,OPEN,,3,865,-1,143.33,delivery | late,
TKT-02768,25-Nov-2025,Taylor Kowalski,taylor.kowalski69@gmail.com,0096-90276947, BERLIN ,Lumen Starter,Refund,Urgent,Live Chat,Open,Premium,6,-5,1.0,104.01,,Customer requested an update after the first response.
TKT-01598,26-Aug-2024,Micah Nguyen,micah.nguyen@outlook.com,, BERLIN ,Harbor Essentials,Technical Issue,high,chat,Escalated,,4,,54.1,192.16,product question,Customer mentioned a previous unresolved ticket.
TKT-01075,2026/05/09,Jamie Ibrahim,JAMIE.IBRAHIM91@OUTLOOK.COM,0034-87900131,Austin,Atlas Pro,Billing,Medium,email,resolved,,5,unknown,82.9,133.79,account;security;urgent,
TKT-02450,14-Feb-2026,Tatum Santos,TATUM.SANTOS@MAILBOX.ORG,0011-89517913,Leeds,Orchid Plus,Subscription,MEDIUM,Web Form,Closed,,4,,,41.02,"billing,invoice",Customer requested an update after the first response.
TKT-02381,2024/01/14,Parker Petrov,parker.petrov77@outlook.com,+44 7533 923278, BERLIN ,Orchid Plus,Refund,MEDIUM,email,Open,Free,3,,48h,25.99,delivery | late,Follow-up required next business day.
TKT-01135,24-Jul-2025,Finley Novak,finley.novak63@outlook.com,,Melbourne,Nimbus Basic,Security,Urgent,social,resolved,Standard,5,,,65.57,account;security;urgent,No additional context provided.
TKT-00298,2025/02/04,Emerson Sullivan,emerson.sullivan@outlook.com,+44 7580 931023,Toronto,Nimbus Basic,Billing,urgent,Social Media,Resolved,Enterprise,3,-5,,95.9,refund,Customer requested an update after the first response.
TKT-02069,30-Nov-2024,Emerson Bennett,emerson.bennett@outlook.com,0085-74234227,Leeds,Mosaic Team,Billing,High,PHONE,Escalated,Standard,,unknown,,157.25,login;password,Follow-up required next business day.
TKT-00055,07/27/2025 09:20,Cameron Patel,cameron.patel87@company.co,454.552.5201,Singapore,Cobalt Enterprise,Subscription,Medium,Phone,Resolved,premium,0,,,135.7,account;security;urgent,Follow-up required next business day.
TKT-01519,31-Jul-2024,Cameron Kowalski,cameron.kowalski@mailbox.org,0042-39036170,Amsterdam,Cobalt Enterprise,Account Access,Medium,social,pending_customer,Free,6,-5,48h,22.67,,
TKT-01385,2026/02/16,Quinn Brooks,,684.515.1687,Amsterdam,Harbor Essentials,Account Access,MEDIUM,Email,Resolved,premium,5,322,91.6,119.82,,Customer requested an update after the first response.
TKT-01632,01/13/2025 09:02,Robin Turner,robin.turner@outlook.com,389.916.8175,Melbourne,Nimbus Basic,Delivery,urgent,chat,Pending Customer,Standard,2,935,-1,32.45,product question,No additional context provided.
TKT-00939,02/07/2024 19:56,Robin Santos,robin.santos@example.com,+44 7058 481506,london,Harbor Essentials,Billing,Medium,Live Chat,resolved,Premium,5,1272,48h,92.41,product question,Follow-up required next business day.
TKT-02080,08/10/2024 16:19,Jamie Larsen,jamie.larsen@gmail.com,+1 (938) 416-3688,London,Harbor Essentials,Product Question,MEDIUM,social,OPEN,Standard,6,,-1,54.24,BILLING;invoice,Customer supplied screenshots.
TKT-02631,03-Feb-2024,Parker Novak,parker.novak @gmail.com,,Cape Town,Mosaic Team,Account Access,low,web-form,OPEN,Premium,,1408,,95.31,login;password,Customer supplied screenshots.
TKT-02047,2026/04/27,Parker Patel,parker.patel94@example.com,+1 (582) 506-1762,Bristol,Harbor Essentials,Subscription,low,Phone,pending_customer,premium, four,1041,48h,79.01,"billing,invoice",Customer supplied screenshots.
TKT-00917,15-Apr-2025,Kendall Hansen,kendall.hansen16@company.co,0031-87115184, BERLIN ,Vertex Analytics,Delivery,Urgent,email,Pending Customer,,0,-5,68.3,112.43,login;password,Customer requested an update after the first response.
TKT-01356,2025/05/22,Quinn Carter,quinn.carter@gmail.com,,New York,Harbor Essentials,Subscription,urgent,chat,resolved,Premium, four,1048,48h,0,,Customer supplied screenshots.
TKT-02627,2025-04-11 09:58:00,Shawn Chen,shawn.chen92@company.co,N/A, BERLIN ,Atlas Pro,Product Question,Urgent,Email,resolved,,5,,48h,156.19,feature-request,No additional context provided.
TKT-01437,31-May-2026,Parker Morris,parker.morris@gmail.com,+44 7275 940883,Birmingham,Orchid Plus,Feature Request,Low,Web Form,Open,Free,3,-5,,65.32,,Customer supplied screenshots.
TKT-01387,2025-02-17 01:09:00,Cameron Carter,cameron.carter@gmail.com,,Manchester,Lumen Starter,Delivery,Medium,Email,pending_customer,Enterprise,5,,48h,150.6,delivery | late,Customer supplied screenshots.
TKT-00722,2025-12-04 07:17:00,Ellis Ibrahim,ellis.ibrahim67@mailbox.org,+1 (688) 517-8505,Manchester,Orchid Plus,Subscription,Medium,chat,Escalated,Enterprise,0,,-1,0,refund,Customer requested an update after the first response.
TKT-00849,01/13/2024 07:27,Devon Petrov,devon.petrov@gmail.com,+1 (306) 305-3626,Amsterdam,Orchid Plus,Technical Issue,Low,PHONE,Escalated,Free,5,816,,43.92,refund,
TKT-02461,03-May-2025,Arden Wilson,arden.wilson14@gmail.com,0068-69841182,Birmingham,Mosaic Team,Technical Issue,urgent,Live Chat,Resolved,Standard,2,,-1,83.18,BILLING;invoice,No additional context provided.
TKT-00173,2024/09/01,Alexis Turner,alexis.turner@example.com,,Manchester,Atlas Pro,Refund,low,Web Form,OPEN,Premium,0,unknown,,74.76,delivery | late,
TKT-00820,12/03/2024 20:50,Blake Diaz,blake.diaz@outlook.com,+1 (979) 862-6292,London,Atlas Pro,Delivery,High,social,Resolved,premium,4,1769,,137.6,refund,
TKT-00175,2025/04/10,Rowan Meyer,rowan.meyer59@mailbox.org,239.213.8627,london,Vertex Analytics,Subscription,urgent,Social Media,Resolved,,5,-5,,94.22,bug;mobile,Issue reproduced on a mobile device.
TKT-01006,2025-02-28 08:57:00,Reese Hansen,reese.hansen78@outlook.com,842.297.2789,Dublin,Mosaic Team,Account Access,urgent,chat,Open,Enterprise,5,1492,42.3,100.64,delivery | late,No additional context provided.
TKT-02212,21-Mar-2024,Casey Ibrahim,casey.ibrahim@company.co,613.957.4187,Bristol,Atlas Pro,Account Access,urgent,Email,Escalated,Enterprise,6,unknown,,112.25,login;password,Issue reproduced on a mobile device.
TKT-01194,2025/12/25,Milan Grant,milan.grant94@mailbox.org,269.618.8988,Toronto,Nimbus Basic,Refund,urgent,Web Form,Open,,0,787,5.2,96.59,delivery | late,Customer mentioned a previous unresolved ticket.
TKT-00848,2024/07/13,Blake Okafor,blake.okafor@example.com,,Birmingham,Nimbus Basic,Technical Issue,urgent,Web Form,OPEN,Enterprise,,,73.4,214.04,delivery | late,No additional context provided.
TKT-00442,20-Feb-2024,Avery Kowalski,avery.kowalski@gmail.com,390.386.3900,Melbourne,Lumen Starter,Account Access,urgent,Web Form,pending_customer,Standard,,-5,-1,77.2,,Follow-up required next business day.
TKT-01747,2024/07/13,Drew Reed,drew.reed11@company.co,0067-86389662,Bristol,Atlas Pro,Subscription,Low,Social Media,Closed,Premium,5,1191,8.8,132.64,feature-request,Issue reproduced on a mobile device.
TKT-02606,27-Feb-2026,Quinn Bennett,quinn.bennett@gmail.com,+1 (759) 649-4160,london,Lumen Starter,Account Access,High,Live Chat,Open,Premium,5,-5,28.1,68.85,,Follow-up required next business day.
TKT-02638,08/07/2025 09:59,Cameron Patel,cameron.patel@example.com,0075-72941036,Birmingham,Cobalt Enterprise,DELIVERY,low,web-form,Closed,Standard,5,-5,5.3,130.77,login;password,
TKT-01867,23-Feb-2026,Rowan Wilson,rowan.wilson@company.co,,Manchester,Orchid Plus,Refund,urgent,web-form,OPEN,Premium,5,1581,-1,135.79,,Customer supplied screenshots.
TKT-01843,29-Jan-2024,Drew Singh,,,Cape Town,Nimbus Basic,Security,urgent,Live Chat,Pending Customer,Enterprise,6,,,48.82,feature-request,Customer mentioned a previous unresolved ticket.
TKT-02704,27-Dec-2025,Skyler Patel,skyler.patel@example.com,,Birmingham,Orchid Plus,Feature Request,urgent,web-form,Escalated,,4,1336,6.4,135.3,delivery | late,Customer mentioned a previous unresolved ticket.
TKT-00191,2025-04-22 06:53:00,Cameron Singh,cameron.singh63@gmail.com,422.973.7165,london,Harbor Essentials,Subscription,High,web-form,Resolved,Enterprise,1,,,54.44,,
TKT-00808,2025/06/03,Drew Singh,drew.singh@example.com,111.963.8108,Cape Town,Harbor Essentials,Refund,urgent,Email,Escalated,premium,6,unknown,,52.67,,Customer requested an update after the first response.
TKT-02092,2024-12-28 06:58:00,Morgan Meyer,morgan.meyer@example.com,0072-49370193, BERLIN ,Vertex Analytics,Account Access,MEDIUM,PHONE,Open,,5,unknown,48h,95.53,,Customer mentioned a previous unresolved ticket.
TKT-01259,2024-06-03 06:45:00,Emerson Bennett,,0026-98683286,Amsterdam,Harbor Essentials,Billing,MEDIUM,web-form,Closed,premium,,383,48h,40.22,feature-request,No additional context provided.
TKT-02305,01-Feb-2024,Drew Wilson,drew.wilson53@example.com,+44 7478 286833,London,Cobalt Enterprise,Feature Request,High,Email,pending_customer,premium,1,,,188.76,"billing,invoice",Customer supplied screenshots.
TKT-00922,2024-04-20 19:28:00,Micah Santos,micah.santos@company.co,0055-10789974,New York,Vertex Analytics,Product Question,high,social,resolved,Premium,0,,-1,22.54,"billing,invoice",
TKT-02228,04/09/2025 23:34,Emerson Chen,emerson.chen@example.com,+1 (610) 799-1355,Austin,Vertex Analytics,Feature Request,Urgent,PHONE,Closed,Premium,3,unknown,,45.98,BILLING;invoice,
TKT-00812,14-Feb-2025,Arden Fischer,arden.fischer74@company.co,0064-37243875,London,Vertex Analytics,Delivery,High,web-form,Resolved,Enterprise,5,unknown,16.8,54.81,,No additional context provided.
TKT-02603,2024/01/30,Riley Okafor,RILEY.OKAFOR@EXAMPLE.COM,,Dublin,Mosaic Team,Refund,low,PHONE,pending_customer,Premium,4,unknown,,44.06,,Customer requested an update after the first response.
TKT-00733,04/03/2025 21:07,Blake Okafor,blake.okafor13@mailbox.org,763.129.2701,Amsterdam,Mosaic Team,Feature Request,MEDIUM,Email,Open,, four,982,-1,101.45,BILLING;invoice,
TKT-00348,2025-08-14 15:44:00,Finley Kim,finley.kim@company.co,+1 (313) 818-6427,Manchester,Lumen Starter,Security,Low,email,OPEN,, four,unknown,82.8,1.59,account;security;urgent,Issue reproduced on a mobile device.
TKT-00970,2025-01-22 20:42:00,Micah Larsen,micah.larsen32@mailbox.org,840.407.1707,Melbourne,Cobalt Enterprise,Billing,low,chat,Pending Customer,,5,728,48h,0.31,feature-request,
TKT-01016,07/29/2024 01:03,Quinn Grant,quinn.grant@outlook.com,373.731.8271,Cape Town,Atlas Pro,Billing,low,social,Open,,1,1510,41.0,89.89,"billing,invoice",No additional context provided.
TKT-00359,01/26/2026 05:11,Jamie Ibrahim,jamie.ibrahim24@example.com,N/A,Leeds,Vertex Analytics,Product Question,High,Live Chat,Resolved,premium,5,,48h,96.75,bug;mobile,Escalated to the specialist queue.
TKT-01214,2026-03-22 17:12:00,Robin Hansen,robin.hansen@company.co,430.615.1380,Manchester,Atlas Pro,Feature Request,Urgent,Social Media,Resolved,premium,2,-5,48h,128.22,,
TKT-01682,2026/05/09,Shawn Patel,shawn.patel20@outlook.com,,London,Harbor Essentials,Feature Request,urgent,email,Pending Customer,Enterprise,6,1518,45.7,77.67,login;password,No additional context provided.
TKT-00880,07/31/2024 14:45,Rowan Petrov,rowan.petrov@gmail.com,896.446.4049,Cape Town,Nimbus Basic,Billing,high,Phone,Escalated,,,1515,,$144.36,,
TKT-01464,2024-04-19 22:08:00,Devon Sullivan,devon.sullivan24@example.com,N/A,,Orchid Plus,Subscription,Medium,social,Open,premium,2,1353,-1,32.22,account;security;urgent,
TKT-00466,18-Jul-2024,Quinn Brooks,quinn.brooks@mailbox.org,+1 (375) 407-6648,london,Cobalt Enterprise,Security,Medium,Web Form,Escalated,Enterprise,3,1390,58.0,66.85,,Follow-up required next business day.
TKT-02679,03/10/2025 08:47,Tatum Morris,tatum.morris63@company.co,,New York,Vertex Analytics,Subscription,Urgent,Web Form,Open,premium,4,1068,48h,84.24,,Customer requested an update after the first response.
TKT-01635,2025/03/04,Arden Wilson,arden.wilson @gmail.com,+1 (811) 963-5366,Bristol,Lumen Starter,Refund,Medium,social,Pending Customer,Free, four,,48h,60.59,product question,Customer mentioned a previous unresolved ticket.
TKT-01211,09/02/2025 09:33,Hayden Kowalski,hayden.kowalski@company.co,646.558.8846, BERLIN ,Vertex Analytics,Technical Issue,high,Email,Pending Customer,Premium,4,1381,12.5,10.59,bug;mobile,Follow-up required next business day.
TKT-02061,10/01/2024 11:45,Hayden Brooks,,825.633.3573,Melbourne,Harbor Essentials,Refund,MEDIUM,PHONE,OPEN,Standard,6,unknown,,125.8,login;password,Issue reproduced on a mobile device.
TKT-00458,09/02/2024 15:24,Drew Ibrahim,drew.ibrahim@outlook.com,0053-15751690,Manchester,Vertex Analytics,Refund,high,chat,Open,, four,879,50.0,22.06,login;password,Customer requested an update after the first response.
TKT-02136,2025/11/21,Marley Diaz,marley.diaz1@mailbox.org,0097-15419083,london,Cobalt Enterprise,Delivery,High,social,Open,Standard,5,,-1,47.45,feature-request,Issue reproduced on a mobile device.
TKT-01887,2024-12-01 04:43:00,Emerson Carter,emerson.carter9@example.com,+44 7217 650421,Berlin,Cobalt Enterprise,Account Access,Low,email,Resolved,Free,3,1283,-1,34.47,"billing,invoice",Customer requested an update after the first response.
TKT-00678,2025-07-22 04:54:00,Rowan Larsen,rowan.larsen@company.co,830.423.1724,Cape Town,Vertex Analytics,Technical Issue,High,Web Form,Open,Premium,,unknown,,175.37,feature-request,
TKT-01768,01-Jan-2025,Hayden Santos,hayden.santos@mailbox.org,N/A,london,Harbor Essentials,Product Question,low,Live Chat,Open,Standard,2,unknown,44.5,69.33,delivery | late,Escalated to the specialist queue.
TKT-02454,19-Mar-2024,Drew Kim,drew.kim@example.com,+1 (273) 725-2203,Austin,Vertex Analytics,Security,high,email,Closed,Premium,5,510,16.0,39.63,BILLING;invoice,
TKT-01088,19-Jan-2026,Arden Petrov,arden.petrov@outlook.com,+1 (368) 525-9827,London,Lumen Starter,Subscription,high,email,pending_customer,Free,5,825,,92.13,bug;mobile,Escalated to the specialist queue.
TKT-00685,17-Feb-2025,Drew Okafor,drew.okafor@example.com,+1 (668) 511-7479,Glasgow,Orchid Plus,Subscription,urgent,chat,Closed,, four,1004,36.6,11.78,feature-request,Customer mentioned a previous unresolved ticket.
TKT-00013,2025/08/05,Rowan Larsen,rowan.larsen@example.com,+1 (529) 676-8238,Birmingham,Harbor Essentials,Security,Urgent,chat,pending_customer,Enterprise,6,193,,92.31,login;password,Follow-up required next business day.
TKT-02369,19-Apr-2024,Tatum Brooks,tatum.brooks@outlook.com,+44 7101 604068,Leeds,Cobalt Enterprise,Technical Issue,Low,web-form,Open,Enterprise,,unknown,30.4,17.59,,
TKT-01272,2024/03/20,Sage Grant,sage.grant@example.com,,Singapore,Atlas Pro,Security,Urgent,social,resolved,,3,unknown,-1,112.5,bug;mobile,Customer supplied screenshots.
TKT-00739,2025-05-21 07:22:00,Emerson Santos,emerson.santos@outlook.com,+44 7537 593878,Toronto,Cobalt Enterprise,Billing,MEDIUM,Email,Pending Customer,premium, four,-5,48h,170.6,,Escalated to the specialist queue.
TKT-02357,2024-10-27 08:46:00,Kendall Wilson,kendall.wilson80@mailbox.org,785.112.1061,Cape Town,Lumen Starter,Feature Request,urgent,Email,resolved,Premium,4,,48h,58.69,login;password,Escalated to the specialist queue.
TKT-00894,10-Jun-2026,Quinn Chen,quinn.chen@example.com,+44 7438 619683, BERLIN ,Lumen Starter,Security,high,Social Media,OPEN,,6,1302,,143.31,bug;mobile,Customer mentioned a previous unresolved ticket.
TKT-01666,17-Oct-2025,Kendall Sullivan,kendall.sullivan@company.co,+44 7958 483461,Manchester,Cobalt Enterprise,Security,urgent,chat,resolved,,6,,,77.74,bug;mobile,Customer requested an update after the first response.
TKT-02152,2024-01-14 22:03:00,Jamie Meyer,jamie.meyer80@example.com,+1 (616) 342-7140,Amsterdam,Orchid Plus,Refund,High,web-form,pending_customer,Premium,0,1721,-1,170.38,bug;mobile,No additional context provided.
TKT-00720,2024-09-16 18:32:00,Quinn Fischer,quinn.fischer@mailbox.org,N/A,Seattle,Mosaic Team,Product Question,Low,Live Chat,Escalated,Standard,5,,48h,75.87,product question,Customer supplied screenshots.
TKT-02147,08-Aug-2025,Kendall Diaz,kendall.diaz77@example.com,+1 (394) 794-2299,Birmingham,Cobalt Enterprise,Delivery,High,Email,Pending Customer,premium,1,1089,48h,0,product question,
TKT-00059,03-Jul-2025,Casey Ibrahim,casey.ibrahim@company.co,,New York,Atlas Pro,Technical Issue,urgent,Email,Closed,Enterprise,5,unknown,24.6,97.22,login;password,Customer mentioned a previous unresolved ticket.
TKT-02043,2026/05/12,Morgan Fischer,morgan.fischer42@example.com,,Bristol,Lumen Starter,Feature Request,Urgent,Web Form,Escalated,Enterprise,5,1287,,50.18,,Customer mentioned a previous unresolved ticket.
TKT-01327,09/01/2025 20:53,Jamie Diaz,jamie.diaz@example.com,N/A,Amsterdam,Cobalt Enterprise,Technical Issue,Medium,Social Media,Pending Customer,, four,491,55.2,27.34,,Issue reproduced on a mobile device.
TKT-01052,01/11/2026 17:10,Morgan Hughes,morgan.hughes@outlook.com,0040-37593567,Toronto,Nimbus Basic,Account Access,Medium,web-form,pending_customer,premium,1,-5,37.5,100.77,BILLING;invoice,Customer mentioned a previous unresolved ticket.
TKT-00271,06/07/2025 14:10,Riley Bennett,riley.bennett@mailbox.org,+1 (431) 900-7303,Austin,Orchid Plus,Security,High,Social Media,Closed,Premium,5,-5,48h,158.27,login;password,Customer supplied screenshots.
TKT-01260,2024/06/17,Taylor Brooks,taylor.brooks@mailbox.org,0098-82904305,New York,Cobalt Enterprise,Security,High,email,Resolved,premium,2,281,-1,75.93,,
TKT-02582,24-May-2026,Tatum Morris,tatum.morris98@gmail.com,369.342.3422,Seattle,Vertex Analytics,Feature Request,low,Live Chat,Resolved,,2,,,100.4,refund,Customer supplied screenshots.
TKT-02518,2024/06/05,Cameron Okafor,cameron.okafor@outlook.com,+44 7554 738243,Dublin,Cobalt Enterprise,Product Question,Medium,social,Escalated,Standard,4,,48h,,"billing,invoice",Escalated to the specialist queue.
TKT-00320,2026-05-08 17:21:00,Micah Morales,micah.morales@example.com,,Birmingham,Vertex Analytics,Technical Issue,MEDIUM,Phone,resolved,Premium,,606,-1,71.84,delivery | late,No additional context provided.
TKT-02397,2024/10/08,Finley Okafor,,0073-94489730,Toronto,Vertex Analytics,Account Access,MEDIUM,Live Chat,OPEN,Premium,4,,,28.3,,Customer mentioned a previous unresolved ticket.
TKT-01055,2025/01/12,Blake Turner,blake.turner95@outlook.com,+44 7714 558035,London,Harbor Essentials,Product Question,Medium,Email,resolved,premium,1,unknown,-1,48.73,account;security;urgent,Follow-up required next business day.
TKT-01762,05-Jul-2024,Hayden Meyer,hayden.meyer@outlook.com,,Melbourne,Cobalt Enterprise,Delivery,low,social,Escalated,Free,1,318,48h,119.82,account;security;urgent,Customer requested an update after the first response.
TKT-01449,2024/08/28,Micah Petrov,micah.petrov@gmail.com,+44 7182 635067,Singapore,Orchid Plus,Security,Low,Phone,OPEN,,1,-5,41.6,147.11,,Customer mentioned a previous unresolved ticket.
TKT-02165,07-Feb-2026,Hayden Wilson,hayden.wilson @outlook.com,452.577.2893,Seattle,Atlas Pro,Subscription,Medium,Live Chat,Escalated,premium,2,,,,BILLING;invoice,No additional context provided.
TKT-00862,2024-11-12 09:03:00,Arden Hansen,arden.hansen@outlook.com,+1 (363) 310-5084,Toronto,Lumen Starter,Security,MEDIUM,Web Form,Resolved,Premium,5,unknown,,0,account;security;urgent,Follow-up required next business day.
TKT-02090,2024/09/02,Quinn Brooks,quinn.brooks42@outlook.com,,London,Lumen Starter,Feature Request,Urgent,social,pending_customer,Standard,1,unknown,-1,158.89,,
TKT-00984,09/06/2025 04:15,Parker Singh,parker.singh59@gmail.com,+1 (626) 519-5474,Amsterdam,Lumen Starter,Account Access,low,Email,Pending Customer,Standard,1,203,48h,76.38,feature-request,Customer mentioned a previous unresolved ticket.
TKT-01320,2026/04/29,Sage Chen,sage.chen76@example.com,0035-73126467,Melbourne,Lumen Starter,Refund,Low,web-form,Closed,Standard, four,-5,-1,68.72,"billing,invoice",
TKT-01276,2024/06/19,Skyler Wilson,skyler.wilson@outlook.com,+44 7373 482612,Toronto,Nimbus Basic,Billing,high,Email,Resolved,,0,unknown,64.4,86.79,feature-request,Escalated to the specialist queue.
TKT-02390,2024-09-07 19:41:00,Drew Brooks,drew.brooks19@gmail.com,396.758.6204,Dublin,Lumen Starter,Technical Issue,high,Email,Closed,,0,unknown,7.5,135.94,,Follow-up required next business day.
TKT-00202,2024/07/02,Casey Petrov,casey.petrov@gmail.com,0017-77002914,Leeds,Harbor Essentials,Billing,Urgent,Phone,Resolved,Standard,5,-5,48h,109.84,delivery | late,Escalated to the specialist queue.
TKT-02680,2024/09/20,Shawn Singh,shawn.singh@company.co,N/A,Glasgow,Lumen Starter,Product Question,Medium,web-form,Pending Customer,,1,1513,48.6,64.51,,No additional context provided.
TKT-00857,2025/02/03,Kendall Patel,kendall.patel94@mailbox.org,+44 7107 764169,Bristol,Lumen Starter,Delivery,urgent,chat,Escalated,Free,,-5,,33.22,account;security;urgent,
TKT-01669,18-Apr-2026,Hayden Novak,hayden.novak10@outlook.com,0085-26291846, BERLIN ,Vertex Analytics,Subscription,Low,web-form,Open,Free,2,270,48h,$125.23,delivery | late,Customer supplied screenshots.
TKT-00858,29-Dec-2025,Avery Walker,avery.walker@example.com,0041-72083054,Toronto,Harbor Essentials,Refund,Medium,chat,Resolved,,1,-5,,104.93,BILLING;invoice,Escalated to the specialist queue.
TKT-01955,2025-10-15 02:13:00,Jordan Diaz,JORDAN.DIAZ@OUTLOOK.COM,0064-91932058,london,Mosaic Team,Product Question,low,social,OPEN,,0,,48h,46.24,BILLING;invoice,Escalated to the specialist queue.
TKT-00156,2026-05-10 01:03:00,Reese Santos,reese.santos22@company.co,0035-65548633, BERLIN ,Orchid Plus,Delivery,MEDIUM,PHONE,Closed,,5,,48h,39.71,"billing,invoice",
TKT-00388,2025/09/30,Milan Grant,milan.grant@gmail.com,,london,Orchid Plus,Billing,MEDIUM,PHONE,Pending Customer,Enterprise,,577,,182.19,login;password,Customer supplied screenshots.
TKT-00972,12-Jun-2026,Riley Reed,riley.reed@gmail.com,0063-76540309,london,Harbor Essentials,Delivery,MEDIUM,social,resolved,Enterprise,,unknown,48.7,41.54,BILLING;invoice,Customer mentioned a previous unresolved ticket.
TKT-01964,2026/05/23,Ellis Hughes,ellis.hughes@gmail.com,+44 7873 360125,Singapore,Lumen Starter,Technical Issue,Low,web-form,Resolved,premium,3,unknown,-1,114.49,account;security;urgent,
TKT-02024,2024-07-15 09:21:00,Taylor Hansen,taylor.hansen@example.com,870.790.3261,Melbourne,Orchid Plus,Feature Request,low,Live Chat,Closed,Premium,1,,39.3,7.01,account;security;urgent,No additional context provided.
TKT-00553,01/28/2026 04:37,Jordan Parker,jordan.parker@mailbox.org,,Berlin,Mosaic Team,Billing,High,Live Chat,pending_customer,Enterprise, four,-5,79.8,143.23,BILLING;invoice,Escalated to the specialist queue.
TKT-00366,04/29/2026 03:47,Taylor Larsen,taylor.larsen@outlook.com,+1 (284) 716-3991,Bristol,Orchid Plus,Delivery,High,web-form,OPEN,,5,1232,54.1,56.93,bug;mobile,
TKT-00514,15-Apr-2025,Blake Kim,blake.kim56@company.co,+44 7800 744208, BERLIN ,Orchid Plus,Security,Low,Social Media,Open,premium,2,unknown,,29.08,delivery | late,Customer mentioned a previous unresolved ticket.
TKT-01220,03-Oct-2025,Avery Walker,avery.walker@gmail.com,,Amsterdam,Atlas Pro,Billing,Medium,PHONE,Closed,,2,-5,-1,196.98,feature-request,No additional context provided.
TKT-02405,2025/12/20,Robin Petrov,robin.petrov@company.co,211.455.7337,Amsterdam,Vertex Analytics,Product Question,high,Live Chat,pending_customer,premium,0,unknown,-1,171.04,product question,Customer mentioned a previous unresolved ticket.
TKT-01257,01/20/2026 20:37,Robin Kowalski,robin.kowalski55@outlook.com,+1 (976) 854-9176,london,Nimbus Basic,Subscription,low,email,Escalated,Free,4,,-1,170.99,refund,No additional context provided.
TKT-02549,2024/12/28,Marley Fischer,marley.fischer@example.com,+44 7351 571608,Melbourne,Mosaic Team,Security,High,PHONE,Open,Standard,2,921,71.3,135.18,,Escalated to the specialist queue.
TKT-02535,2024/02/10,Avery Walker,avery.walker71@outlook.com,+44 7064 535904,Amsterdam,Harbor Essentials,Subscription,urgent,Email,Closed,,6,-5,,56.04,BILLING;invoice,
TKT-01587,2025-05-27 16:40:00,Parker Reed,parker.reed@mailbox.org,+44 7323 731452,Glasgow,Cobalt Enterprise,Refund,urgent,Live Chat,Closed,Enterprise,4,-5,-1,88.7,BILLING;invoice,
TKT-02266,2026/05/23,Tatum Hughes,tatum.hughes65@company.co,+44 7479 872212,Birmingham,Nimbus Basic,Security,Low,Phone,Resolved,, four,582,48h,144.59,login;password,Customer requested an update after the first response.
TKT-01534,23-Apr-2026,Arden Santos,arden.santos@mailbox.org,0066-43580043,Singapore,Cobalt Enterprise,Security,high,chat,pending_customer,Free,5,1422,,70.88,feature-request,Customer mentioned a previous unresolved ticket.
TKT-01253,2025/05/17,Jordan Walker,jordan.walker@outlook.com,+1 (644) 953-4353,london,Vertex Analytics,Billing,MEDIUM,Live Chat,resolved,Free, four,unknown,12.9,$0.00,product question,No additional context provided.
TKT-02091,2024-01-02 01:20:00,Rowan Turner,rowan.turner@gmail.com,879.899.4971,Toronto,Atlas Pro,Product Question,Urgent,web-form,Resolved,Free,1,885,-1,,bug;mobile,
TKT-01984,09-Jan-2024,Hayden Chen,hayden.chen@mailbox.org,+1 (234) 766-4218,Berlin,Mosaic Team,Technical Issue,High,email,pending_customer,premium,4,-5,,126.43,BILLING;invoice,Customer mentioned a previous unresolved ticket.
TKT-00558,2024/05/02,Finley Petrov,finley.petrov31@example.com,0059-16641596,Glasgow,Orchid Plus,Subscription,high,Social Media,Escalated,Standard,4,,48h,55.21,feature-request,Issue reproduced on a mobile device.
TKT-02699,21-Jul-2025,Jordan Meyer,,,Manchester,Harbor Essentials,Subscription,Urgent,web-form,Escalated,,2,-5,-1,113.21,refund,No additional context provided.
TKT-01167,10/12/2024 23:31,Emerson Santos,emerson.santos@outlook.com,+1 (532) 392-4827,Toronto,Mosaic Team,Delivery,Medium,Email,pending_customer,premium,5,,,155.14,BILLING;invoice,Issue reproduced on a mobile device.
TKT-00677,2025-08-30 13:37:00,Robin Patel,robin.patel15@mailbox.org,,Manchester,Harbor Essentials,Account Access,Urgent,PHONE,Pending Customer,premium,2,1572,78.3,17.92,,Customer mentioned a previous unresolved ticket.
TKT-00306,24-Mar-2025,Cameron Kim,cameron.kim@mailbox.org,+1 (288) 796-1397,New York,Orchid Plus,Technical Issue,urgent,chat,OPEN,, four,1165,-1,85.45,,
TKT-01018,2025/06/02,Shawn Kim,shawn.kim@example.com,+44 7725 370783,Bristol,Vertex Analytics,Account Access,Low,Social Media,Closed,premium,4,-5,,52.39,login;password,Customer requested an update after the first response.
TKT-01912,08-Aug-2024, riley parker ,riley.parker@gmail.com,+1 (655) 560-8261,Dublin,Cobalt Enterprise,Feature Request,low,Live Chat,Resolved,,2,1107,,201.72,BILLING;invoice,Escalated to the specialist queue.
TKT-01332,2026/04/10,Rowan Brooks,rowan.brooks67@example.com,+44 7035 393120,,Cobalt Enterprise,Technical Issue,Low,email,Escalated,,,,48h,146.03,bug;mobile,Follow-up required next business day.
TKT-00702,2024/10/16,Milan Chen,milan.chen@mailbox.org,,Berlin,Mosaic Team,Billing,urgent,Email,Resolved,Free,3,unknown,61.3,136.7,delivery | late,Escalated to the specialist queue.
TKT-02287,11/05/2025 16:43,Finley Singh,finley.singh@example.com,,Manchester,Cobalt Enterprise,Account Access,MEDIUM,chat,Closed,Free,6,508,67.7,122.09,,
TKT-01920,05/27/2024 19:25,Reese Ahmed,reese.ahmed72@gmail.com,+44 7542 550231,Seattle,Mosaic Team,Security,MEDIUM,PHONE,pending_customer,Enterprise,5,270,40.2,$53.04,refund,Customer supplied screenshots.
TKT-01300,22-Jan-2024,Cameron Turner,cameron.turner@mailbox.org,N/A,Singapore,Harbor Essentials,Delivery,urgent,Live Chat,Open,Free,0,unknown,-1,96.69,delivery | late,Issue reproduced on a mobile device.
TKT-02706,26-Feb-2026,Parker Kim,parker.kim45@gmail.com,0072-20516064,london,Nimbus Basic,Technical Issue,high,PHONE,Open,Premium, four,,10.6,136.48,refund,Customer supplied screenshots.
TKT-00086,2024-03-17 06:55:00,Riley Novak,riley.novak@company.co,+1 (323) 748-6870,Berlin,Orchid Plus,Billing,high,PHONE,Escalated,Free,5,-5,48h,51.4,feature-request,Customer mentioned a previous unresolved ticket.
TKT-01418,2024/11/27,Skyler Reed,skyler.reed@example.com,+1 (253) 605-8601,london,Cobalt Enterprise,Billing,Low,Social Media,OPEN,Enterprise,6,,48h,93.77,refund,Customer supplied screenshots.
TKT-01980,2024/07/05,Reese Hughes,reese.hughes@outlook.com,151.778.3858,Dublin,Orchid Plus,Feature Request,MEDIUM,web-form,OPEN,Enterprise,,409,13.0,101.39,account;security;urgent,Follow-up required next business day.
TKT-01452,2024/12/06,Quinn Meyer,quinn.meyer54@gmail.com,,Birmingham,Cobalt Enterprise,Subscription,urgent,Email,Open,Premium,3,12,80.8,172.62,BILLING;invoice,
TKT-00361,02/13/2026 07:09,Taylor Reed,taylor.reed46@company.co,567.116.1118,Birmingham,Mosaic Team,Subscription,Low,Social Media,resolved,Free, four,,48h,107.56,BILLING;invoice,No additional context provided.
TKT-00225,06-Jan-2024,Quinn Ibrahim,quinn.ibrahim@example.com,+1 (276) 455-4225,Amsterdam,Nimbus Basic,Subscription,Medium,PHONE,Open,Free,1,,,53.04,feature-request,Customer requested an update after the first response.
TKT-00276,2025/01/06,Micah Parker,micah.parker@outlook.com,+1 (811) 211-6064,Austin,Mosaic Team,Refund,High,Live Chat,resolved,Enterprise,6,unknown,48h,104.42,feature-request,No additional context provided.
TKT-01404,15-Apr-2024,Taylor Okafor,taylor.okafor70@mailbox.org,,Glasgow,Orchid Plus,Delivery,Medium,Web Form,Pending Customer,premium,5,267,-1,118.54,login;password,Follow-up required next business day.
TKT-00296,11-Apr-2025,Avery Singh,avery.singh @gmail.com,101.600.5055,Seattle,Lumen Starter,Subscription,low,email,pending_customer,Free,1,,,40.89,"billing,invoice",No additional context provided.
TKT-02769,24-Feb-2026,Finley Carter,finley.carter@gmail.com,+1 (308) 910-4088,,Nimbus Basic,Feature Request,Medium,Social Media,OPEN,,0,,25.9,50.6,bug;mobile,
TKT-01630,10/31/2025 19:31,Blake Turner,blake.turner@outlook.com,+44 7653 561759,london,Harbor Essentials,Delivery,high,Email,resolved,Standard,0,-5,48.5,125.9,,Customer supplied screenshots.
TKT-01706,2024-09-24 11:52:00,Casey Ibrahim,casey.ibrahim@outlook.com,126.948.3895,Dublin,Atlas Pro,Security,Medium,Social Media,Escalated,,6,,-1,65.73,BILLING;invoice,Follow-up required next business day.
TKT-00725,2026-02-11 13:06:00,Emerson Morris,emerson.morris@company.co,+1 (956) 927-2003,Amsterdam,Orchid Plus,Subscription,urgent,PHONE,pending_customer,,1,unknown,78.6,88.4,,Customer supplied screenshots.
TKT-00047,2025/01/27,Jordan Chen,jordan.chen@mailbox.org,+1 (787) 340-9674,Leeds,Nimbus Basic,Subscription,High,PHONE,Open,,,-5,48h,53.66,product question,No additional context provided.
TKT-01301,2025/04/07,Arden Santos,arden.santos53@company.co,,Amsterdam,Cobalt Enterprise,Technical Issue,high,chat,Resolved,Standard,4,,48h,42.26,,
TKT-00624,18-Mar-2024,Parker Patel,parker.patel@gmail.com,+1 (480) 684-6218,Leeds,Lumen Starter,Billing,Urgent,Phone,Open,Free,3,-5,-1,153.0,login;password,Customer supplied screenshots.
TKT-00419,2026-03-19 17:53:00,Reese Ibrahim,reese.ibrahim64@example.com,+44 7615 977594,London,Mosaic Team,Refund,MEDIUM,chat,Resolved,Enterprise,5,563,,143.86,login;password,Follow-up required next business day.
TKT-00591,2025-02-23 18:33:00,Milan Bennett,milan.bennett@example.com,+44 7341 936702,london,Nimbus Basic,Security,urgent,Phone,Pending Customer,Free,2,390,,82.94,account;security;urgent,Customer mentioned a previous unresolved ticket.
TKT-00980,2024/07/01,Ellis Kim,ellis.kim@outlook.com,956.980.2365,Manchester,Mosaic Team,Billing,Urgent,social,Open,Free,5,unknown,36.9,120.82,feature-request,No additional context provided.
TKT-00030,20-Mar-2026,Avery Sullivan,avery.sullivan@company.co,,Bristol,Nimbus Basic,Delivery,High,chat,pending_customer,Premium,2,unknown,48h,62.96,login;password,Customer requested an update after the first response.
TKT-01850,08/15/2024 00:00,Jordan Hansen,jordan.hansen@outlook.com,002-71532209,Dublin,Mosaic Team,Account Access,MEDIUM,PHONE,pending_customer,Premium,6,587,-1,102.5,bug;mobile,Escalated to the specialist queue.
TKT-02331,02/01/2024 01:19,Micah Novak,micah.novak@company.co,+44 7345 392449,Austin,Orchid Plus,Refund,high,Live Chat,pending_customer,, four,-5,48h,62.83,,Follow-up required next business day.
TKT-02202,05/26/2026 16:01,Avery Nguyen,avery.nguyen@company.co,351.512.1033,Dublin,Vertex Analytics,Account Access,High,Email,OPEN,, four,-5,48h,68.5,product question,No additional context provided.
TKT-02039,08-Mar-2025,Alexis Petrov,alexis.petrov@gmail.com,0052-19182335,Birmingham,Cobalt Enterprise,Delivery,high,Live Chat,Closed,Premium,5,1527,65.4,,product question,No additional context provided.
TKT-02581,08/08/2025 11:28,Sage Santos,sage.santos@outlook.com,+1 (762) 215-4524,london,Vertex Analytics,Billing,Urgent,Live Chat,Resolved,Premium,6,-5,48h,99.47,BILLING;invoice,Issue reproduced on a mobile device.
TKT-02424,2025/07/01,Drew Nguyen,drew.nguyen@example.com,0054-99456119,Melbourne,Vertex Analytics,Account Access,MEDIUM,Live Chat,Closed,,3,-5,48h,76.61,account;security;urgent,Issue reproduced on a mobile device.
TKT-02178,2024/11/24,Devon Meyer,devon.meyer@outlook.com,+1 (957) 824-4006,Cape Town,Orchid Plus,Delivery,Urgent,chat,Escalated,Premium,1,-5,48h,89.16,account;security;urgent,Issue reproduced on a mobile device.
TKT-00316,2026/06/18,Tatum Carter,tatum.carter61@company.co,+1 (789) 500-4998,Amsterdam,Orchid Plus,Feature Request,Urgent,chat,Pending Customer,premium,,,7.8,80.16,product question,Follow-up required next business day.
TKT-00633,2024-01-13 00:06:00,Alexis Ibrahim,alexis.ibrahim@mailbox.org,+1 (474) 378-2497,Cape Town,Lumen Starter,Product Question,Urgent,PHONE,Resolved,Enterprise,4,978,-1,70.31,BILLING;invoice,Customer mentioned a previous unresolved ticket.
TKT-02440,08-Apr-2026,Quinn Petrov,quinn.petrov40 @example.com,+44 7133 484843,Leeds,Orchid Plus,Product Question,high,PHONE,Closed,Standard,4,unknown,48h,0,feature-request,No additional context provided.
TKT-00585,06/17/2025 02:48,Rowan Wilson,rowan.wilson@outlook.com,442.648.5908,Dublin,Mosaic Team,Account Access,Medium,Social Media,Closed,,1,766,18.3,89.0,login;password,No additional context provided.
TKT-02780,03/06/2024 12:09,Riley Kim,riley.kim65@outlook.com,+1 (402) 275-3126,Glasgow,Harbor Essentials,Product Question,MEDIUM,social,Escalated,Premium,6,,-1,105.37,"billing,invoice",Customer supplied screenshots.
TKT-02255,2024/05/02,Hayden Patel,hayden.patel@outlook.com,+44 7935 837488,Leeds,Atlas Pro,Subscription,High,PHONE,Closed,premium,1,987,,10.12,"billing,invoice",Escalated to the specialist queue.
TKT-01556,2025/10/11,Alexis Hughes,ALEXIS.HUGHES@GMAIL.COM,131.600.5086,Berlin,Vertex Analytics,Delivery,MEDIUM,chat,Pending Customer,Standard,5,1167,48h,99.21,BILLING;invoice,Issue reproduced on a mobile device.
TKT-01535,09-Dec-2024,Micah Wilson,,0081-80661162,Birmingham,Cobalt Enterprise,Billing,Urgent,Web Form,resolved,,,1209,-1,53.37,feature-request,Customer supplied screenshots.
TKT-00676,06/21/2025 02:38,Ellis Grant,ellis.grant70@company.co,,Leeds,Atlas Pro,Subscription,high,Live Chat,Pending Customer,Standard,5,unknown,,36.22,,Customer mentioned a previous unresolved ticket.
TKT-00431,2025/02/04,Hayden Nguyen,hayden.nguyen@example.com,+1 (607) 926-6301,Dublin,Orchid Plus,Security,Low,Email,resolved,,3,515,48h,13.92,bug;mobile,
TKT-01836,20-May-2026,Skyler Diaz,SKYLER.DIAZ77@COMPANY.CO,+44 7240 833533,london,Lumen Starter,Product Question,MEDIUM,chat,Escalated,,3,-5,71.4,98.88,delivery | late,Customer mentioned a previous unresolved ticket.
TKT-02554,27-Jan-2024,Morgan Turner,morgan.turner@company.co,+44 7220 150001,Seattle,Nimbus Basic,Product Question,low,PHONE,Escalated,premium, four,unknown,,100.43,"billing,invoice",
TKT-01062,09/02/2024 14:12,Reese Novak,reese.novak@gmail.com,+44 7921 628759,Amsterdam,Vertex Analytics,Technical Issue,Urgent,email,Open,Premium,2,105,,0,bug;mobile,Customer requested an update after the first response.
TKT-02194,2025-10-20 11:09:00,Tatum Hughes,tatum.hughes@example.com,759.621.4312,Austin,Lumen Starter,Feature Request,low,PHONE,Open,Enterprise,5,unknown,29.5,4.03,,Customer supplied screenshots.
TKT-00369,12/09/2025 16:37,Micah Okafor,micah.okafor@mailbox.org,0056-66596142,Amsterdam,Mosaic Team,Product Question,Medium,PHONE,OPEN,premium,5,-5,48h,84.37,"billing,invoice",
TKT-02186,2024/05/24,Avery Petrov,avery.petrov@gmail.com,+1 (735) 598-1791,,Harbor Essentials,Product Question,low,Email,resolved,Standard, four,-5,-1,163.34,feature-request,Escalated to the specialist queue.
TKT-01073,20-Feb-2024,Robin Singh,robin.singh@company.co,0014-98603880,Cape Town,Atlas Pro,Subscription,Medium,Phone,OPEN,Premium,,unknown,43.5,83.23,bug;mobile,Customer requested an update after the first response.
TKT-02333,24-Feb-2025,Devon Okafor,devon.okafor@gmail.com,547.710.6908,Leeds,Lumen Starter,Product Question,Low,chat,resolved,Standard,,255,71.7,0,account;security;urgent,
TKT-02539,2024/03/09,Alexis Kim,alexis.kim@mailbox.org,523.386.2366,Glasgow,Nimbus Basic,Feature Request,Urgent,Live Chat,OPEN,Free,0,168,-1,10.49,"billing,invoice",Issue reproduced on a mobile device.
TKT-00036,2025-08-04 20:21:00,Morgan Grant,morgan.grant@example.com,+1 (653) 877-7947,Dublin,Orchid Plus,Product Question,low,email,Open,Free,2,-5,48h,11.85,product question,Customer requested an update after the first response.
TKT-02569,12/31/2025 06:24,Sage Walker,sage.walker@example.com,+44 7539 538446,Melbourne,Mosaic Team,Billing,Medium,Email,Pending Customer,Premium,5,unknown,,126.21,feature-request,Follow-up required next business day.
TKT-01936,25-Jun-2024,Arden Bennett,arden.bennett54@example.com,740.761.1524,Seattle,Vertex Analytics,Product Question,Low,Email,Pending Customer,Enterprise,2,-5,59.7,0,feature-request,Customer requested an update after the first response.
TKT-01299,11-Apr-2026,Emerson Wilson,emerson.wilson@outlook.com,0019-95182020,London,Mosaic Team,Technical Issue,Medium,Phone,resolved,premium,2,1643,,93.71,account;security;urgent,Customer requested an update after the first response.
TKT-01153,21-May-2025,Marley Ahmed,marley.ahmed53@gmail.com,+44 7235 523978,Manchester,Vertex Analytics,Feature Request,Urgent,Web Form,Escalated,Free,1,unknown,,43.86,product question,Customer requested an update after the first response.
TKT-00274,27-Jan-2024,Emerson Meyer,emerson.meyer@example.com,+44 7374 248140,Manchester,Atlas Pro,Account Access,High,Email,OPEN,,,-5,48h,79.56,,Customer requested an update after the first response.
TKT-02463,01-Jul-2025,Rowan Santos,rowan.santos@outlook.com,,Austin,Orchid Plus,Product Question,Low,chat,resolved,premium,2,,48h,105.52,product question,Follow-up required next business day.
TKT-00272,15-Jun-2026,Drew Hansen,drew.hansen@gmail.com,251.499.8318,london,Mosaic Team,Refund,High,Web Form,OPEN,Enterprise,2,,48h,0.03,,Escalated to the specialist queue.
TKT-01835,2024/11/24,Drew Diaz,drew.diaz@company.co,+1 (203) 901-8967,Dublin,Mosaic Team,Billing,urgent,social,Resolved,,6,unknown,-1,45.32,product question,Customer supplied screenshots.
TKT-01157,29-Mar-2025,Skyler Fischer,skyler.fischer68@example.com,002-90902672,Cape Town,Orchid Plus,Technical Issue,Urgent,Phone,pending_customer,Standard, four,364,,41.15,,No additional context provided.
TKT-02276,06/11/2026 20:05,Rowan Reed,rowan.reed@example.com,651.769.6359, BERLIN ,Cobalt Enterprise,Refund,High,email,OPEN,Enterprise,2,,48h,19.28,account;security;urgent,Customer mentioned a previous unresolved ticket.
TKT-01093,2024-09-29 08:40:00,Marley Ahmed,,0048-13218302,Birmingham,Lumen Starter,Subscription,MEDIUM,email,Closed,,1,unknown,48h,119.02,bug;mobile,Follow-up required next business day.
TKT-00138,2026-01-11 04:35:00,Drew Grant,drew.grant63@example.com,+1 (394) 780-4057,Seattle,Vertex Analytics,Refund,Medium,web-form,OPEN,Standard,,,-1,$61.29,,Customer supplied screenshots.
TKT-02315,2024-12-19 03:35:00,Riley Singh,riley.singh@example.com,537.479.4447, BERLIN ,Cobalt Enterprise,Security,Medium,web-form,Closed,,0,544,,115.63,delivery | late,No additional context provided.
TKT-00669,15-Feb-2026,Shawn Reed,,0067-65690277, BERLIN ,Harbor Essentials,Product Question,Low,Phone,Escalated,Standard,5,unknown,48h,0,refund,No additional context provided.
TKT-01733,05/18/2025 06:48,Morgan Morris,morgan.morris@gmail.com,+44 7908 148392,New York,Vertex Analytics,Product Question,MEDIUM,Social Media,Open,,2,-5,48h,77.93,login;password,Issue reproduced on a mobile device.
TKT-02734,2026/03/23,Ellis Nguyen,ellis.nguyen@mailbox.org,770.392.9666,Seattle,Lumen Starter,Feature Request,Low,Live Chat,Resolved,Standard,5,199,48h,30.61,product question,Follow-up required next business day.
TKT-00625,2024-12-28 23:35:00,Parker Parker,parker.parker@outlook.com,629.971.8235,Amsterdam,Lumen Starter,Refund,Medium,social,Pending Customer,,,,,166.63,delivery | late,Customer supplied screenshots.
TKT-00551,2024-06-26 03:55:00,Marley  Reed,marley.reed@example.com,+1 (493) 845-7763,Leeds,Cobalt Enterprise,Technical Issue,High,Live Chat,Escalated,,1,-5,48h,83.76,product question,Follow-up required next business day.
TKT-01216,23-Jul-2025,Ellis Turner,ellis.turner57@mailbox.org,0054-80583028,Bristol,Harbor Essentials,Refund,high,Phone,Closed,Enterprise,2,,46.8,147.63,bug;mobile,Issue reproduced on a mobile device.
TKT-02349,02-Dec-2024,Jordan Reed,jordan.reed@example.com,, BERLIN ,Orchid Plus,Subscription,Urgent,Social Media,resolved,premium,3,1255,9.2,117.14,delivery | late,
TKT-00978,2025-07-02 12:53:00,Shawn Ahmed,shawn.ahmed1@gmail.com,+1 (977) 478-4732,London,Nimbus Basic,Feature Request,Medium,web-form,OPEN,premium,2,616,-1,0,refund,Customer supplied screenshots.
TKT-00833,07/03/2024 07:25,Milan Hughes,milan.hughes68@gmail.com,434.243.8760,New York,Mosaic Team,Delivery,Medium,Web Form,pending_customer,Standard,0,,,$23.77,refund,
TKT-01997,2026/04/04,Sage Kowalski,sage.kowalski@company.co,+44 7195 390531,Berlin,Nimbus Basic,Delivery,Medium,web-form,pending_customer,Standard,5,1658,48h,77.54,account;security;urgent,
TKT-01197,23-Oct-2024,Casey Kowalski,casey.kowalski10@mailbox.org,0054-20381139,Manchester,Lumen Starter,Subscription,Medium,Live Chat,Resolved,,6,875,48h,77.92,refund,Follow-up required next business day.
TKT-01972,2024/10/31,Cameron Novak,cameron.novak@outlook.com,+44 7981 752123,Berlin,Vertex Analytics,Refund,Medium,Social Media,resolved,Premium,4,unknown,,0,,Issue reproduced on a mobile device.
TKT-01923,06-Sep-2024,Cameron Wilson,cameron.wilson86@gmail.com,+1 (702) 878-7330,london,Atlas Pro,Refund,urgent,Phone,OPEN,,3,542,84.2,20.0,feature-request,Follow-up required next business day.
TKT-02384,12-Nov-2025,Taylor Hansen,TAYLOR.HANSEN@MAILBOX.ORG,,Amsterdam,Mosaic Team,Technical Issue,High,Social Media,Resolved,Standard,1,-5,29.2,76.32,refund,Issue reproduced on a mobile device.
TKT-00481,2025-08-13 19:20:00,Arden Chen,arden.chen@mailbox.org,+44 7655 417926,Cape Town,Harbor Essentials,Delivery,High,chat,Closed,Standard,5,-5,,71.96,refund,Customer mentioned a previous unresolved ticket.
TKT-02266,2026/05/23,Tatum Hughes,tatum.hughes65@company.co,+44 7479 872212,Birmingham,Nimbus Basic,Security,Low,Phone,Resolved,, four,582,48h,144.59,login;password,Customer requested an update after the first response.
TKT-01975,18-Sep-2024,Cameron Carter,cameron.carter32@outlook.com,968.313.5065,Seattle,Orchid Plus,Billing,MEDIUM,Social Media,resolved,Free,4,-5,-1,77.97,feature-request,No additional context provided.
TKT-00737,08-Nov-2025,Alexis Meyer,alexis.meyer@mailbox.org,+1 (321) 849-1256,Toronto,Atlas Pro,Refund,urgent,Live Chat,Closed,Premium,5,unknown,-1,93.08,product question,
TKT-01861,22-Nov-2025,Skyler Santos,SKYLER.SANTOS@COMPANY.CO,0056-72393642,Singapore,Vertex Analytics,Delivery,high,Email,OPEN,,6,,-1,71.61,BILLING;invoice,Issue reproduced on a mobile device.
TKT-00854,2024-10-04 01:57:00,Devon Parker,devon.parker@outlook.com,0014-21668838,London,Lumen Starter,Refund,Low,social,pending_customer,Free, four,unknown,,144.4,,No additional context provided.
TKT-01066,2025-05-16 04:53:00,Micah Walker,,+44 7472 607047,Berlin,Cobalt Enterprise,Subscription,MEDIUM,Phone,pending_customer,Premium, four,1380,10.3,17.42,,Customer supplied screenshots.
TKT-00787,09-Jun-2024,Finley Ibrahim,finley.ibrahim96@example.com,0053-57726845,Glasgow,Atlas Pro,Technical Issue,high,Web Form,Resolved,Free, four,-5,-1,124.87,login;password,Follow-up required next business day.
TKT-00414,03/02/2026 02:33,Emerson Chen,emerson.chen@example.com,0051-47692831,Birmingham,Harbor Essentials,Refund,Medium,Social Media,Closed,Premium,6,unknown,-1,149.27,product question,
TKT-01203,2024-07-29 00:21:00,Jamie Morris,jamie.morris@mailbox.org,,Glasgow,Cobalt Enterprise,Security,High,Email,Escalated,Enterprise,2,351,48h,85.73,BILLING;invoice,Customer mentioned a previous unresolved ticket.
TKT-02386,2024/02/12,Quinn Hughes,quinn.hughes@mailbox.org,007-21397689,Glasgow,Lumen Starter,Product Question,Urgent,Web Form,pending_customer,Premium,5,26,82.7,37.28,bug;mobile,Customer supplied screenshots.
TKT-01465,08/29/2025 19:39,Tatum Kim,tatum.kim14@company.co,576.854.6931,Toronto,Nimbus Basic,Refund,High,web-form,Escalated,Standard,1,212,-1,47.07,feature-request,Customer supplied screenshots.
TKT-01558,2025-04-26 18:18:00,Casey Sullivan,casey.sullivan46@gmail.com,,Seattle,Atlas Pro,Account Access,low,email,Resolved,Enterprise,0,unknown,,34.83,"billing,invoice",Customer mentioned a previous unresolved ticket.
TKT-02115,2024/11/03,Cameron Turner,cameron.turner70@gmail.com,+1 (506) 722-1807,Austin,Nimbus Basic,Billing,urgent,PHONE,Open,premium,4,unknown,73.8,119.75,bug;mobile,Issue reproduced on a mobile device.
TKT-01112,2025-06-24 23:35:00,Taylor Morales,taylor.morales@company.co,+44 7252 569171, BERLIN ,Atlas Pro,Feature Request,Medium,Social Media,Resolved,Standard,0,-5,24.1,,account;security;urgent,
TKT-00905,2025/12/12,Emerson Reed,emerson.reed@outlook.com,0037-46107447,Berlin,Harbor Essentials,Subscription,MEDIUM,Email,Resolved,Standard, four,,65.1,89.51,account;security;urgent,Issue reproduced on a mobile device.
TKT-01607,27-Feb-2026,Emerson Morales,emerson.morales61@example.com,412.375.6940,Dublin,Vertex Analytics,Feature Request,low,email,resolved,Premium,5,,-1,85.75,"billing,invoice",No additional context provided.
TKT-01737,2026/06/13,Arden Santos,arden.santos78@mailbox.org,0051-10846190,Melbourne,Mosaic Team,Security,Medium,social,OPEN,Standard,5,unknown,48h,21.05,refund,Issue reproduced on a mobile device.
TKT-02717,12-Jun-2025,Kendall Nguyen,KENDALL.NGUYEN28@GMAIL.COM,+1 (965) 970-2311,Amsterdam,Atlas Pro,Technical Issue,MEDIUM,Email,pending_customer,,4,566,,113.4,,Customer mentioned a previous unresolved ticket.
TKT-02065,07-Jan-2026,Alexis Grant,alexis.grant64@mailbox.org,842.611.9639,New York,Atlas Pro,Billing,low,PHONE,Pending Customer,Free,2,unknown,19.2,93.59,"billing,invoice",Customer mentioned a previous unresolved ticket.
TKT-00424,2024-07-28 15:48:00,Riley Kowalski,riley.kowalski@example.com,0084-68167592,New York,Lumen Starter,Billing,Low,web-form,Escalated,,0,unknown,48h,132.44,delivery | late,Customer requested an update after the first response.
TKT-01533,02/06/2025 20:37,Riley Kim,riley.kim@outlook.com,519.973.4211,Birmingham,Atlas Pro,Technical Issue,urgent,Email,OPEN,Enterprise,6,154,48h,96.77,"billing,invoice",
TKT-02790,12/01/2025 10:06,Jordan Morris,jordan.morris88@example.com,0035-94218275,Austin,Cobalt Enterprise,Product Question,Low,Social Media,Open,, four,-5,-1,88.98,,Follow-up required next business day.
TKT-00612,2024-05-01 09:25:00,Arden Reed,arden.reed@gmail.com,+44 7483 358769,Berlin,Orchid Plus,Security,Low,social,pending_customer,Standard,2,,,75.94,product question,
TKT-01091,2024-08-28 12:48:00,Emerson Morales,emerson.morales@mailbox.org,+44 7650 447383,Manchester,Orchid Plus,Security,Low,Social Media,OPEN,premium,5,157,48h,75.06,,Customer mentioned a previous unresolved ticket.
TKT-02325,2025/12/27,Kendall Morris,kendall.morris80@example.com,+1 (214) 607-8083, BERLIN ,Vertex Analytics,Delivery,urgent,Email,Closed,premium,2,,70.4,78.69,"billing,invoice",Customer mentioned a previous unresolved ticket.
TKT-02130,2025-04-23 07:39:00,Emerson Grant,emerson.grant53@example.com,+44 7047 466400,Austin,Lumen Starter,Feature Request,Medium,Social Media,Closed,,6,1041,21.9,118.5,delivery | late,Customer mentioned a previous unresolved ticket.
TKT-02302,2025-09-22 18:29:00, blake ibrahim ,blake.ibrahim@outlook.com,232.482.3082, BERLIN ,Lumen Starter,Refund,High,email,Closed,Free, four,11,17.7,24.11,bug;mobile,Customer requested an update after the first response.
TKT-00119,06/03/2025 21:33,Avery Ahmed,avery.ahmed@company.co,+44 7483 785672,Glasgow,Orchid Plus,Subscription,MEDIUM,Email,Escalated,,0,,,141.86,product question,Customer supplied screenshots.
TKT-00696,2024-08-08 13:29:00,Ellis Morris,ellis.morris65@outlook.com,190.735.7717,,Atlas Pro,Technical Issue,high,Web Form,Closed,,1,-5,48h,61.97,"billing,invoice",Customer mentioned a previous unresolved ticket.
TKT-00557,2025/01/03,Sage Kim,sage.kim@company.co,921.698.6623,Birmingham,Orchid Plus,Technical Issue,High,Live Chat,Open,Free,0,,,52.18,BILLING;invoice,Follow-up required next business day.
TKT-00556,2024/01/30,Drew Turner,drew.turner@mailbox.org,0092-31883430,Berlin,Mosaic Team,Technical Issue,High,Social Media,Resolved,Enterprise,5,unknown,48h,56.35,"billing,invoice",
TKT-02449,25-Sep-2025,Skyler Nguyen,skyler.nguyen6@example.com,519.473.8015,Manchester,Cobalt Enterprise,Delivery,High,Live Chat,resolved,,5,,93.9,35.89,BILLING;invoice,Customer supplied screenshots.
TKT-00741,2024/12/17,Robin Morales,robin.morales@company.co,,Cape Town,Lumen Starter,Account Access,high,chat,Pending Customer,,5,387,,0,refund,Customer supplied screenshots.
TKT-01724,2026/05/01,Morgan Morris,morgan.morris@outlook.com,401.137.7969,Melbourne,Cobalt Enterprise,Security,Urgent,web-form,OPEN,Premium,4,-5,48h,112.85,delivery | late,No additional context provided.
TKT-02172,05-Jan-2026,Marley Carter,marley.carter58@gmail.com,+1 (995) 531-2403, BERLIN ,Mosaic Team,Account Access,high,Social Media,OPEN,,,-5,81.0,74.82,account;security;urgent,Follow-up required next business day.
TKT-02625,14-Dec-2024,Sage Larsen,,+44 7065 140539,Singapore,Cobalt Enterprise,Security,high,PHONE,Escalated,premium,5,811,-1,101.54,"billing,invoice",Customer requested an update after the first response.
TKT-00524,2025-09-18 23:50:00,Micah Okafor,micah.okafor10@example.com,+44 7901 745266,Singapore,Atlas Pro,Technical Issue,high,PHONE,pending_customer,Premium,6,699,34.8,$110.38,,Customer requested an update after the first response.
TKT-02096,2025/08/08,Alexis Wilson,alexis.wilson53@outlook.com,,Cape Town,Lumen Starter,Feature Request,Medium,Live Chat,Closed,Premium,,798,86.3,74.83,delivery | late,
TKT-00104,2025/07/14,Skyler Turner,SKYLER.TURNER27@MAILBOX.ORG,,Manchester,Harbor Essentials,Delivery,urgent,email,Escalated,Free,2,580,,34.87,bug;mobile,Escalated to the specialist queue.
TKT-02665,12/07/2025 23:14,Shawn Bennett,shawn.bennett@mailbox.org,,Glasgow,Lumen Starter,Product Question,High,Web Form,Escalated,,5,354,55.3,104.48,,Customer supplied screenshots.
TKT-00997,03/09/2026 04:46,Robin Singh,robin.singh@example.com,,Leeds,Lumen Starter,Product Question,urgent,Email,Closed,premium,5,,-1,177.87,refund,No additional context provided.
TKT-01640,2024/07/15,Finley Morales,finley.morales@gmail.com,506.206.3941,london,Nimbus Basic,Security,high,web-form,Resolved,premium,0,-5,48h,20.29,feature-request,Follow-up required next business day.
TKT-00411,05/23/2025 12:30,Tatum Turner,tatum.turner3@gmail.com,+1 (308) 628-8760,New York,Cobalt Enterprise,Feature Request,low,PHONE,Open,,5,-5,,118.14,product question,Customer supplied screenshots.
TKT-00312,2025-09-15 11:28:00,Arden Ahmed,arden.ahmed97@outlook.com,0095-17666327,Berlin,Nimbus Basic,Delivery,low,email,OPEN,Free,0,-5,48h,139.43,bug;mobile,Customer supplied screenshots.
TKT-02134,23-Apr-2024,Arden Larsen,arden.larsen56@example.com,N/A,Birmingham,Cobalt Enterprise,Billing,MEDIUM,PHONE,resolved,Enterprise,3,,48h,111.55,,Customer mentioned a previous unresolved ticket.
TKT-00372,09-Jul-2024,Quinn Sullivan,quinn.sullivan@gmail.com,,Austin,Cobalt Enterprise,Security,High,chat,Open,, four,1268,19.2,106.39,BILLING;invoice,Customer mentioned a previous unresolved ticket.
TKT-02674,2025-07-12 00:24:00,Robin Reed,,682.965.6719,London,Vertex Analytics,Account Access,low,PHONE,Pending Customer,Enterprise,5,1757,58.6,49.36,delivery | late,Issue reproduced on a mobile device.
TKT-02146,2024/06/15,Robin Morales,robin.morales46@mailbox.org,508.138.3252,Glasgow,Vertex Analytics,Subscription,High,Social Media,Closed,Standard,5,1750,-1,160.94,refund,Escalated to the specialist queue.
TKT-02217,06-Feb-2025,Ellis Parker,ellis.parker@company.co,175.700.6504,Melbourne,Harbor Essentials,Product Question,High,web-form,pending_customer,Premium,0,427,66.5,54.98,refund,Issue reproduced on a mobile device.
TKT-02580,2025/02/07,Jordan Grant,jordan.grant@company.co,292.549.9591,Amsterdam,Vertex Analytics,Account Access,Urgent,Live Chat,OPEN,Premium,,247,75.0,175.72,,
TKT-01492,2025-01-16 23:45:00,Finley Kowalski,finley.kowalski63@outlook.com,599.372.4698,London,Orchid Plus,Subscription,high,Social Media,pending_customer,Free,6,1729,48h,219.7,product question,Customer mentioned a previous unresolved ticket.
TKT-02148,21-Aug-2024,Hayden Kim,,0088-81463980,Melbourne,Lumen Starter,Account Access,high,Web Form,OPEN,premium, four,,-1,33.43,BILLING;invoice,Customer supplied screenshots.
TKT-02225,2025/10/27,Jordan Ibrahim,jordan.ibrahim@outlook.com,0084-69436658,Bristol,Lumen Starter,Delivery,high,Social Media,Escalated,,,unknown,89.4,43.28,,No additional context provided.
TKT-01254,30-Jul-2024,Robin Hughes,robin.hughes@example.com,0062-51526888,Dublin,Vertex Analytics,Technical Issue,MEDIUM,web-form,Resolved,, four,693,22.9,99.57,BILLING;invoice,
TKT-00918,2025-07-10 14:11:00,Devon Turner,devon.turner@gmail.com,+1 (200) 984-1424,Birmingham,Lumen Starter,Technical Issue,Urgent,chat,resolved,Free,1,,-1,89.26,feature-request,
TKT-02223,04-Mar-2025,Finley Chen,finley.chen85@company.co,+1 (867) 207-4560,Dublin,Mosaic Team,Delivery,High,Phone,Open,premium,3,unknown,-1,$119.93,feature-request,
TKT-02240,2025/06/27,Reese Patel,,0045-49672817,Manchester,Vertex Analytics,Security,high,chat,Resolved,Enterprise,,unknown,10.2,116.75,refund,Customer supplied screenshots.
TKT-01824,2025-10-05 07:45:00,Taylor Nguyen,taylor.nguyen86@example.com,+44 7734 821607,New York,Vertex Analytics,Billing,urgent,social,Escalated,Standard,5,1296,,43.25,"billing,invoice",
TKT-02517,2024-03-25 13:27:00,Finley Diaz,finley.diaz95@mailbox.org,007-19684594,Dublin,Harbor Essentials,Subscription,MEDIUM,Live Chat,OPEN,Premium,6,unknown,60.4,83.72,,Customer requested an update after the first response.
TKT-01486,2025/08/01,Taylor Turner,taylor.turner@example.com,+1 (667) 345-3449,london,Mosaic Team,Delivery,Low,email,Open,Premium,5,497,-1,$130.29,feature-request,Customer requested an update after the first response.
TKT-01780,2025-08-15 23:31:00,Emerson Reed,emerson.reed@mailbox.org,+1 (798) 271-8029,Cape Town,Harbor Essentials,Billing,Medium,email,Pending Customer,,,5,,40.92,product question,
TKT-00950,12/10/2025 01:06,Milan Kim,milan.kim@example.com,+44 7774 964608,Dublin,Orchid Plus,Security,low,Phone,resolved,,5,,22.9,92.38,delivery | late,
TKT-02307,2026/01/27,Skyler Hansen,SKYLER.HANSEN93@GMAIL.COM,486.419.3012,Dublin,Lumen Starter,Billing,Medium,Email,pending_customer,Enterprise,1,339,,112.37,product question,Customer requested an update after the first response.
TKT-00915,12/19/2024 02:59,Sage Fischer,sage.fischer@gmail.com,+1 (971) 752-9232,,Mosaic Team,Product Question,high,social,Pending Customer,Premium, four,-5,20.7,73.76,login;password,Customer supplied screenshots.
TKT-02756,29-Dec-2025,Riley Kim,,826.878.1145,Seattle,Cobalt Enterprise,Subscription,urgent,email,Closed,,,-5,48h,54.16,"billing,invoice",Customer mentioned a previous unresolved ticket.
TKT-02363,12-Jan-2024,Tatum Kowalski,tatum.kowalski@gmail.com,, BERLIN ,Cobalt Enterprise,Feature Request,urgent,Web Form,Pending Customer,Premium,4,,,0,BILLING;invoice,
TKT-00043,2024-01-29 10:52:00,Arden Patel,arden.patel@outlook.com,+44 7459 745239,london,Atlas Pro,Feature Request,Urgent,Phone,Closed,Enterprise,6,1082,,72.64,,
TKT-00892,2026-02-28 23:33:00,Micah Brooks,micah.brooks25@example.com,,Austin,Atlas Pro,Billing,urgent,Live Chat,Closed,, four,-5,,106.9,,Customer requested an update after the first response.
TKT-00732,10-Mar-2025,Parker Novak,parker.novak@gmail.com,168.457.5965,Dublin,Vertex Analytics,Billing,high,PHONE,Escalated,premium,5,1577,,25.19,"billing,invoice",Customer requested an update after the first response.
TKT-02389,2025-10-07 11:57:00,Devon Meyer,devon.meyer@mailbox.org,+1 (586) 912-5834,Singapore,Nimbus Basic,Subscription,High,Social Media,Resolved,Premium,5,,,127.96,product question,Escalated to the specialist queue.
TKT-01937,30-Nov-2025,Morgan Kowalski,morgan.kowalski@example.com,+1 (825) 779-6423,,Vertex Analytics,Billing,Low,Social Media,Closed,premium,0,-5,48h,92.96,BILLING;invoice,Issue reproduced on a mobile device.
TKT-01009,04-Jan-2025,Skyler Kim,skyler.kim@example.com,,Manchester,Orchid Plus,Subscription,MEDIUM,social,Resolved,premium,4,922,,136.73,refund,Issue reproduced on a mobile device.
TKT-01446,2024-09-06 15:29:00,Jordan Bennett,jordan.bennett@gmail.com,0051-85108634,Cape Town,Mosaic Team,Feature Request,urgent,Live Chat,Resolved,,1,251,73.1,43.18,refund,Issue reproduced on a mobile device.
TKT-00755,2025/09/06,Reese Morales,reese.morales@mailbox.org,+1 (543) 627-6831,Seattle,Cobalt Enterprise,Subscription,High,chat,Open,Enterprise,,,,26.78,"billing,invoice",Customer supplied screenshots.
TKT-01963,03-Jan-2026,Finley Parker,finley.parker@outlook.com,,New York,Atlas Pro,Refund,Low,email,OPEN,Free,5,unknown,48h,107.66,BILLING;invoice,Customer requested an update after the first response.
TKT-00727,2025/11/25,Milan Walker,milan.walker@gmail.com,,Seattle,Vertex Analytics,Subscription,Urgent,Phone,Pending Customer,,4,,48h,80.01,refund,Customer supplied screenshots.
TKT-01948,2024/09/12,Ellis Morales,ellis.morales@mailbox.org,+1 (928) 954-8477,Melbourne,Orchid Plus,Security,high,PHONE,Open,, four,-5,-1,77.39,product question,Customer mentioned a previous unresolved ticket.
TKT-00341,2025/10/11,Alexis Wilson,alexis.wilson@gmail.com,N/A,Manchester,Cobalt Enterprise,Product Question,high,email,Closed,,6,-5,-1,33.78,login;password,Issue reproduced on a mobile device.
TKT-00280,20-Dec-2025,Taylor Sullivan,taylor.sullivan5@gmail.com,927.470.8046,Cape Town,Mosaic Team,Feature Request,Urgent,Social Media,Pending Customer,,4,unknown,,57.81,,Issue reproduced on a mobile device.
TKT-01013,2025/08/10,Taylor Kowalski,taylor.kowalski@gmail.com,0095-58305245,,Harbor Essentials,Feature Request,MEDIUM,Web Form,pending_customer,Enterprise,2,unknown,,193.14,"billing,invoice",
TKT-02471,2024/02/05,Ellis Hughes,ellis.hughes@outlook.com,0049-81779165, BERLIN ,Vertex Analytics,Delivery,High,Email,OPEN,,2,-5,56.4,138.01,BILLING;invoice,Customer supplied screenshots.
TKT-02005,2024-01-14 23:09:00,Finley Okafor,finley.okafor@gmail.com,004-66845597, BERLIN ,Lumen Starter,Feature Request,MEDIUM,Email,Open,Standard,4,,13.2,0,refund,
TKT-01603,2024-10-01 18:02:00,Sage Larsen,sage.larsen@example.com,,Melbourne,Atlas Pro,Feature Request,low,PHONE,Open,premium,5,869,48h,43.47,,No additional context provided.
TKT-00154,15-Sep-2025,Drew Petrov,drew.petrov@company.co,N/A,Dublin,Atlas Pro,Delivery,low,Social Media,Open,Premium,1,954,,91.77,,Customer requested an update after the first response.
TKT-01570,03/14/2026 12:51,Hayden Brooks,hayden.brooks69@outlook.com,N/A,Berlin,Harbor Essentials,Product Question,Medium,Phone,OPEN,Enterprise,,unknown,,49.9,,Follow-up required next business day.
TKT-02272,2024-12-30 23:22:00, parker grant ,parker.grant@company.co,156.374.4892,Cape Town,Atlas Pro,Billing,MEDIUM,Web Form,Resolved,Standard,5,,-1,52.2,delivery | late,Issue reproduced on a mobile device.
TKT-00819,09-Jan-2025,Alexis Hughes,alexis.hughes@example.com,+44 7945 970511,London,Atlas Pro,Technical Issue,low,Phone,Escalated,Standard,2,unknown,,83.53,refund,
TKT-00493,2025-04-19 20:08:00,Finley Singh,finley.singh@example.com,+44 7221 608512,Berlin,Orchid Plus,Security,High,Email,Escalated,Enterprise,3,unknown,48h,83.26,product question,
TKT-00266,07/25/2024 18:12,Kendall Hughes,kendall.hughes@example.com,+1 (977) 773-6690,Melbourne,Harbor Essentials,Feature Request,Medium,Phone,pending_customer,,0,1033,48h,10.37,login;password,Customer requested an update after the first response.
TKT-02705,10/11/2024 17:21,Kendall Nguyen,kendall.nguyen@company.co,+44 7622 113753,london,Mosaic Team,Technical Issue,Medium,Web Form,Open,premium,,unknown,31.9,92.71,bug;mobile,Follow-up required next business day.
TKT-01712,2025/05/23,Alexis Okafor,alexis.okafor@mailbox.org,,Dublin,Lumen Starter,Feature Request,urgent,chat,resolved,,5,unknown,,72.38,login;password,Customer supplied screenshots.
TKT-00456,02/10/2024 13:52,Marley Carter,marley.carter11@example.com,N/A, BERLIN ,Atlas Pro,Delivery,high,email,pending_customer,,3,429,95.7,35.39,,Issue reproduced on a mobile device.
TKT-00961,2024/12/03,Milan Santos,milan.santos@outlook.com,+1 (580) 671-9231,Glasgow,Harbor Essentials,Billing,MEDIUM,chat,Open,Premium,3,unknown,48h,114.35,refund,Follow-up required next business day.
TKT-02599,25-Feb-2026,Alexis Kowalski,alexis.kowalski@example.com,,Singapore,Nimbus Basic,Billing,high,Phone,Pending Customer,Enterprise,3,1688,-1,145.0,account;security;urgent,
TKT-02070,11-May-2024,Shawn Chen,,+1 (388) 818-5954,New York,Cobalt Enterprise,Security,low,email,Open,,2,1597,48h,129.94,product question,Customer mentioned a previous unresolved ticket.
TKT-00622,2024-03-01 03:52:00,Alexis Grant,alexis.grant@mailbox.org,,London,Cobalt Enterprise,Feature Request,Urgent,Live Chat,Pending Customer,,4,1794,,104.93,,Customer supplied screenshots.
TKT-01575,2024/09/19,Drew Kowalski,drew.kowalski@outlook.com,,Manchester,Harbor Essentials,Product Question,low,Web Form,resolved,Standard, four,833,-1,104.65,refund,
TKT-01973,13-Jan-2026,Rowan Hughes,rowan.hughes@gmail.com,,Bristol,Nimbus Basic,Technical Issue,Urgent,Email,Escalated,Standard,1,unknown,48h,115.07,feature-request,
TKT-02752,2024/04/11,Quinn Larsen,quinn.larsen@company.co,+1 (289) 210-4088,Birmingham,Vertex Analytics,Billing,urgent,Phone,Resolved,Enterprise,6,,48h,165.52,,No additional context provided.
TKT-01803,2025-12-08 14:26:00,Jamie Parker,jamie.parker35@gmail.com,502.349.9462,Birmingham,Mosaic Team,Refund,MEDIUM,Phone,Pending Customer,premium,1,-5,43.8,40.04,account;security;urgent,No additional context provided.
TKT-00163,2026-04-19 15:21:00,Rowan Meyer,rowan.meyer@mailbox.org,,Birmingham,Vertex Analytics,Subscription,Medium,web-form,Closed,premium,5,unknown,92.3,142.72,refund,
TKT-00214,21-Jul-2024,Morgan Carter,morgan.carter@company.co,N/A, BERLIN ,Cobalt Enterprise,Technical Issue,Low,Live Chat,pending_customer,Premium,0,531,48h,114.83,"billing,invoice",Customer requested an update after the first response.
TKT-02105,13-Mar-2025,Morgan Hansen,morgan.hansen@example.com,+44 7013 535732,Glasgow,Lumen Starter,Product Question,low,email,Resolved,Enterprise,5,unknown,48h,13.58,,Follow-up required next business day.
TKT-00989,2024/06/24,Shawn Meyer,shawn.meyer@company.co,+44 7627 170591,Seattle,Atlas Pro,Refund,Low,Social Media,Open,Enterprise,5,226,-1,66.85,BILLING;invoice,Follow-up required next business day.
TKT-01949,10/04/2024 02:11,Emerson Wilson,emerson.wilson@company.co,+1 (255) 655-4525,Singapore,Harbor Essentials,Delivery,low,social,Pending Customer,premium,2,unknown,85.4,140.93,delivery | late,
TKT-00744,2024-01-21 08:01:00,Arden Chen,arden.chen@company.co,246.940.3048,Seattle,Nimbus Basic,Product Question,High,Email,Pending Customer,Premium,2,1559,,80.44,account;security;urgent,
TKT-02401,2026/04/02,Shawn Santos,shawn.santos@gmail.com,687.241.6595,Bristol,Vertex Analytics,Subscription,High,chat,resolved,Free,,unknown,36.7,39.3,login;password,Customer supplied screenshots.
TKT-01398,13-Jun-2026,Hayden Chen,hayden.chen97@company.co,0095-34667066,Toronto,Nimbus Basic,Security,High,chat,Escalated,Free,6,,48h,25.56, refund ,Follow-up required next business day.
TKT-02499,2025-11-07 04:21:00,Blake Hansen,blake.hansen88@mailbox.org,+1 (437) 238-8240,Austin,Cobalt Enterprise,Delivery,Medium,web-form,resolved,Enterprise,,626,25.4,122.47,login;password,Issue reproduced on a mobile device.
TKT-00665,2025/02/18,Tatum Petrov,tatum.petrov@outlook.com,+1 (946) 272-5632,Austin,Cobalt Enterprise,Billing,low,social,Escalated,Standard,4,-5,48h,39.79,"billing,invoice",No additional context provided.
TKT-02510,2024-08-21 09:32:00,Skyler Parker,skyler.parker36@example.com,+44 7455 553623,London,Mosaic Team,Refund,Low,Social Media,OPEN,,,,-1,$6.26,,Customer requested an update after the first response.
TKT-02063,2025/10/10,Finley Hughes,finley.hughes35@outlook.com,0075-27841208,Austin,Atlas Pro,Security,high,Email,Open,,0,1255,-1,100.48,delivery | late,Escalated to the specialist queue.
TKT-02177,2025-05-19 03:32:00,Quinn Nguyen,quinn.nguyen@example.com,+44 7285 797612,Austin,Lumen Starter,Delivery,Urgent,Phone,Open,Standard,0,1500,,0,refund,
TKT-00301,2024-09-05 19:48:00,Blake Meyer,blake.meyer80@mailbox.org,+1 (602) 328-7601, BERLIN ,Orchid Plus,Feature Request,urgent,Phone,Escalated,,2,684,-1,33.41,"billing,invoice",
TKT-02692,2024/07/13,Tatum Wilson,tatum.wilson@outlook.com,0062-72518697,london,Lumen Starter,Security,MEDIUM,PHONE,OPEN,Enterprise,1,-5,-1,65.58,refund,Escalated to the specialist queue.
TKT-02364,02-May-2025,Shawn Okafor,shawn.okafor29@mailbox.org,+1 (394) 457-2684,Toronto,Harbor Essentials,Account Access,Low,chat,pending_customer,premium, four,-5,-1,140.2,bug;mobile,
TKT-00607,29-Apr-2024,Taylor Novak,taylor.novak@gmail.com,,Bristol,Nimbus Basic,Delivery,urgent,email,Escalated,Premium,1,,48h,36.44,account;security;urgent,Escalated to the specialist queue.
TKT-02567,2024/09/30,Finley Brooks,finley.brooks@example.com,+44 7831 409254,Leeds,Harbor Essentials,Refund,Urgent,Web Form,Escalated,,2,unknown,,24.23,feature-request,
TKT-02283,2025-02-14 19:41:00,Cameron Grant,cameron.grant@example.com,N/A,Cape Town,Atlas Pro,Billing,Medium,Web Form,OPEN,Premium,,805,48h,144.68,login;password,Customer mentioned a previous unresolved ticket.
TKT-02470,2026-01-10 23:13:00,Riley Ahmed,riley.ahmed86@mailbox.org,+44 7792 612334,,Lumen Starter,Security,MEDIUM,PHONE,OPEN,,5,unknown,-1,67.49,bug;mobile,
TKT-01684,03-Jun-2025,Marley Carter,marley.carter@outlook.com,0092-96952905,Dublin,Atlas Pro,Refund,Medium,web-form,Open,Premium,5,,48h,96.84,bug;mobile,Customer requested an update after the first response.
TKT-01343,2025-04-10 19:40:00,Casey Carter,casey.carter24@company.co,+1 (927) 596-3686,London,Vertex Analytics,Billing,High,PHONE,OPEN,Enterprise, four,unknown,-1,103.03,"billing,invoice",Issue reproduced on a mobile device.
TKT-01078,2025/05/04,Reese Sullivan,reese.sullivan@gmail.com,+1 (811) 205-6598,Singapore,Orchid Plus,Refund,low,PHONE,Resolved,,0,-5,,55.45,delivery | late,Customer supplied screenshots.
TKT-02795,04-Nov-2024,Emerson Parker,emerson.parker99@gmail.com,,Singapore,Harbor Essentials,Technical Issue,Urgent,Social Media,Pending Customer,premium, four,,95.2,77.27,"billing,invoice",Customer mentioned a previous unresolved ticket.
TKT-01094,04/09/2026 02:15,Casey Morris,casey.morris@company.co,+1 (205) 384-9317,Manchester,Cobalt Enterprise,Billing,urgent,Web Form,Pending Customer,Premium,5,unknown,83.8,81.86,,Customer mentioned a previous unresolved ticket.
TKT-00747,11/25/2024 15:06,Quinn Singh,quinn.singh@gmail.com,0057-96364990,New York,Atlas Pro,Delivery,low,email,Resolved,Standard,1,,,$89.27,,
TKT-01571,2025-07-29 17:04:00,Rowan Ahmed,rowan.ahmed@outlook.com,+44 7003 880014,Glasgow,Cobalt Enterprise,Refund,urgent,chat,Escalated,Free,4,,-1,122.68,BILLING;invoice,
TKT-01905,07-Feb-2024,Parker Nguyen,parker.nguyen@gmail.com,753.548.7418,Toronto,Nimbus Basic,Product Question,High,Social Media,OPEN,,4,-5,,73.1,feature-request,Customer requested an update after the first response.
TKT-01636,06/04/2025 09:16,Alexis  Diaz,alexis.diaz@gmail.com,,Austin,Harbor Essentials,Refund,Low,Phone,Pending Customer,Premium,5,113,48h,56.8,product question,
TKT-00452,13-Jan-2025,Jordan Meyer,jordan.meyer22@outlook.com,,Bristol,Atlas Pro,Product Question,low,Phone,pending_customer,Enterprise,1,-5,17.9,131.53,"billing,invoice",Customer mentioned a previous unresolved ticket.
TKT-02557,2025/07/25,Micah Carter,micah.carter@gmail.com,+44 7994 272195,Dublin,Atlas Pro,Account Access,low,Live Chat,resolved,,4,-5,-1,0,,Customer mentioned a previous unresolved ticket.
TKT-01242,2026-05-31 13:46:00,Parker Fischer,parker.fischer@outlook.com,413.970.3710,London,Nimbus Basic,Technical Issue,MEDIUM,email,pending_customer,Enterprise,4,,48h,67.8,account;security;urgent,Customer supplied screenshots.
TKT-02527,2025-01-08 13:15:00,Tatum Larsen,tatum.larsen@company.co,+1 (343) 794-2267,Bristol,Vertex Analytics,Technical Issue,urgent,Live Chat,pending_customer,Free,2,1409,48h,102.11,bug;mobile,
TKT-01732,2025/03/18,Jamie Morris,jamie.morris57@company.co,+44 7841 939560, BERLIN ,Vertex Analytics,Delivery,High,Phone,OPEN,Standard,6,786,-1,59.79,,Customer supplied screenshots.
TKT-02119,02/25/2026 12:49,Riley Reed,riley.reed59@outlook.com,, BERLIN ,Lumen Starter,Refund,high,Web Form,Escalated,,3,unknown,74.7,0,bug;mobile,Escalated to the specialist queue.
TKT-01393,10-Jun-2025, kendall ahmed ,kendall.ahmed61@mailbox.org,+1 (849) 790-3990,Dublin,Mosaic Team,Billing,low,PHONE,Resolved,premium,1,,,189.74,delivery | late,
TKT-02534,2024/02/02,Avery Diaz,avery.diaz@company.co,620.280.9775,Manchester,Orchid Plus,Security,Urgent,chat,resolved,premium,4,,48h,28.47,BILLING;invoice,
TKT-01735,2024-05-18 21:47:00,Jordan Nguyen,jordan.nguyen@company.co,128.387.8029,london,Nimbus Basic,Account Access,Urgent,Email,Closed,Enterprise,,1316,92.1,123.0,delivery | late,Issue reproduced on a mobile device.
TKT-01008,10/06/2024 06:13,Quinn Chen,quinn.chen41@mailbox.org,,Berlin,Mosaic Team,Security,MEDIUM,Web Form,pending_customer,Free,5,247,13.4,113.93,"billing,invoice",No additional context provided.
TKT-02016,04-Jul-2025,Cameron Morales,cameron.morales@mailbox.org,+44 7395 891611, BERLIN ,Mosaic Team,Billing,Medium,social,Escalated,,5,-5,48h,,feature-request,No additional context provided.
TKT-02274,2025/03/17,Taylor Petrov,taylor.petrov@company.co,,New York,Atlas Pro,Delivery,Urgent,Email,Escalated,premium,1,unknown,-1,80.88,account;security;urgent,Issue reproduced on a mobile device.
TKT-02162,2026-06-08 17:42:00,Hayden Kowalski,hayden.kowalski20@outlook.com,0037-73277168,Singapore,Atlas Pro,Billing,Low,Social Media,Closed,Standard,2,unknown,48h,92.56,"billing,invoice",Escalated to the specialist queue.
TKT-01617,2025/05/27,Casey Diaz,casey.diaz@example.com,144.698.3956,Glasgow,Mosaic Team,Technical Issue,MEDIUM,Social Media,OPEN,Enterprise,5,553,48h,95.43,BILLING;invoice,No additional context provided.
TKT-00183,2024/06/16,Kendall Grant,kendall.grant18@gmail.com,0097-60435319,Toronto,Lumen Starter,Subscription,urgent,Web Form,Resolved,,0,-5,,20.1,refund,
TKT-01433,19-Aug-2024,Morgan Petrov,morgan.petrov@company.co,,London,Mosaic Team,Product Question,Urgent,Web Form,resolved,Premium,2,-5,26.1,126.33,account;security;urgent,Follow-up required next business day.
TKT-00354,07/05/2024 16:38,Avery Ibrahim,avery.ibrahim@company.co,+1 (511) 296-8261,Dublin,Mosaic Team,Account Access,High,social,Pending Customer,Premium,4,,-1,70.2,product question,Follow-up required next business day.
TKT-01566,2024-10-23 21:03:00,Taylor Diaz,taylor.diaz65@example.com,551.842.3680,Birmingham,Mosaic Team,Subscription,Medium,PHONE,pending_customer,,,1606,-1,63.53,bug;mobile,Customer supplied screenshots.
TKT-01725,2024-03-12 06:13:00,Avery Ibrahim,avery.ibrahim@outlook.com,+44 7475 903477,london,Cobalt Enterprise,Security,High,Web Form,resolved,Premium,3,492,-1,27.55,bug;mobile,
TKT-02630,2024/06/06,Jamie Novak,jamie.novak@mailbox.org,,Seattle,Nimbus Basic,Refund,High,Email,Escalated,Premium,2,,-1,52.63,product question,Customer requested an update after the first response.
TKT-00304,01-Jan-2025,Marley Parker,marley.parker@company.co,0093-85584413,Austin,Cobalt Enterprise,Security,Medium,Email,Resolved,,5,unknown,-1,112.57,account;security;urgent,
TKT-00174,12/08/2024 21:03,Tatum Grant,tatum.grant@gmail.com,706.693.6340,,Harbor Essentials,Billing,high,Phone,Escalated,premium,5,473,31.4,97.76,bug;mobile,Customer mentioned a previous unresolved ticket.
TKT-00719,2024-09-05 06:35:00,Finley Walker,finley.walker@mailbox.org,112.504.4229, BERLIN ,Lumen Starter,Feature Request,low,Phone,OPEN,,3,-5,41.0,59.0,delivery | late,Customer requested an update after the first response.
TKT-00743,2025/07/10,Emerson Brooks,emerson.brooks@mailbox.org,836.839.3732,,Atlas Pro,Security,Urgent,Live Chat,OPEN,Standard,2,unknown,48h,44.63,BILLING;invoice,
TKT-02509,2024/06/04,Riley Meyer,riley.meyer68@gmail.com,,Austin,Mosaic Team,Feature Request,Low,Phone,Pending Customer,Enterprise,0,922,-1,4.69,"billing,invoice",Escalated to the specialist queue.
TKT-01407,28-Mar-2024,Shawn Morris,shawn.morris@example.com,418.246.6910,Cape Town,Mosaic Team,Security,Urgent,Email,pending_customer,,5,,-1,0.8,login;password,Follow-up required next business day.
TKT-02545,2025-10-13 15:33:00,Skyler Larsen,skyler.larsen@company.co,844.835.9359,New York,Harbor Essentials,Product Question,High,Phone,pending_customer,Premium,4,1669,48h,212.47,"billing,invoice",Follow-up required next business day.
TKT-01941,30-Mar-2025,Rowan Fischer,rowan.fischer@gmail.com,848.907.8461,Seattle,Cobalt Enterprise,Subscription,MEDIUM,Web Form,Open,Free,0,unknown,-1,95.94,refund,Customer mentioned a previous unresolved ticket.
TKT-00380,07/04/2025 01:47,Ellis Ahmed,ellis.ahmed95@gmail.com,+44 7101 579444,Austin,Orchid Plus,Security,Urgent,email,OPEN,Free,6,1313,-1,34.54,refund,Customer requested an update after the first response.
TKT-02714,2024-02-06 16:41:00,Robin Bennett,robin.bennett@outlook.com,+1 (786) 975-9231,Bristol,Vertex Analytics,Subscription,High,PHONE,pending_customer,Enterprise,5,1565,17.0,2.04,refund,No additional context provided.
TKT-01471,2025/01/03,Ellis Petrov,ellis.petrov61@outlook.com,,Manchester,Mosaic Team,Account Access,Urgent,social,resolved,Free,5,-5,45.9,144.81,,No additional context provided.
TKT-00798,2026-04-24 00:51:00,Blake Morales,blake.morales24@outlook.com,+1 (805) 470-2119,New York,Orchid Plus,Refund,low,chat,resolved,Enterprise,3,1633,,116.48,,Issue reproduced on a mobile device.
TKT-01109,2025-07-21 02:18:00,Parker Petrov,parker.petrov@example.com,0043-59967883,New York,Harbor Essentials,Product Question,low,Live Chat,Pending Customer,,,,-1,$44.69,delivery | late,Escalated to the specialist queue.
TKT-00792,2025/09/19,Jamie Wilson,jamie.wilson@mailbox.org,,Manchester,Atlas Pro,Technical Issue,Medium,email,Closed,Enterprise,6,unknown,,90.42, bug;mobile ,Escalated to the specialist queue.
TKT-00396,05/04/2024 20:26,Riley Petrov,riley.petrov44@outlook.com,+44 7018 568795,Amsterdam,Harbor Essentials,Subscription,Low,email,Open,Enterprise,5,,48h,53.2,feature-request,Follow-up required next business day.
TKT-01910,2026-03-22 17:35:00,Micah Nguyen,micah.nguyen@company.co,0029-57808637,Glasgow,Vertex Analytics,Security,urgent,PHONE,resolved,,0,1042,,86.86,product question,
TKT-00967,15-Oct-2024,Devon Ibrahim,devon.ibrahim@example.com,0091-80868705,Birmingham,Cobalt Enterprise,Product Question,Low,email,Open,Free,5,-5,48h,41.8,delivery | late,Customer requested an update after the first response.
TKT-00110,2024/01/05,Kendall Carter,kendall.carter56@company.co,, BERLIN ,Lumen Starter,Feature Request,MEDIUM,web-form,Escalated,Standard, four,1420,48h,74.91,delivery | late,Customer supplied screenshots.
TKT-01291,23-May-2025,Avery Grant,avery.grant@outlook.com,+1 (478) 849-4427,Seattle,Harbor Essentials,Feature Request,Urgent,Web Form,Escalated,premium,5,,-1,100.37,refund,
TKT-02244,27-Aug-2025, marley bennett ,marley.bennett24@example.com,+44 7715 249031,Dublin,Lumen Starter,Delivery,high,web-form,OPEN,premium,,338,70.1,0,feature-request,Escalated to the specialist queue.
TKT-01092,2024/01/19,Taylor Brooks,taylor.brooks79@outlook.com,384.174.1391,Glasgow,Lumen Starter,Account Access,Urgent,web-form,Escalated,Premium,,,-1,76.95,delivery | late,Issue reproduced on a mobile device.
TKT-01506,25-Jul-2024,Quinn Kowalski,quinn.kowalski@gmail.com,351.329.9451,Cape Town,Lumen Starter,Feature Request,Urgent,social,OPEN,premium,4,,48h,54.07,feature-request,No additional context provided.
TKT-01585,2025-07-28 04:38:00,Marley Meyer,marley.meyer74@gmail.com,+44 7950 321958,Seattle,Atlas Pro,Security,MEDIUM,Phone,Closed,Enterprise,5,102,-1,102.58,bug;mobile,
TKT-01710,16-Oct-2024,Finley Ibrahim,finley.ibrahim@gmail.com,+44 7071 578566,Austin,Vertex Analytics,Billing,Low,email,OPEN,premium,6,1174,-1,25.4,"billing,invoice",
TKT-01852,2025-09-07 05:52:00,Blake Hansen,blake.hansen@outlook.com,+44 7454 569067,Toronto,Cobalt Enterprise,Billing,Urgent,email,Open,Enterprise, four,1516,-1,176.64, None ,Customer mentioned a previous unresolved ticket.
TKT-01860,2024/05/02,Riley Chen,riley.chen26@mailbox.org,0012-33222958,Berlin,Cobalt Enterprise,Security,low,email,Escalated,Free,2,-5,-1,93.32,,Customer supplied screenshots.
TKT-01144,23-Apr-2025,Milan Kim,milan.kim @example.com,+44 7351 766068,New York,Orchid Plus,Account Access,urgent,Email,OPEN,,1,unknown,48h,85.91,refund,Escalated to the specialist queue.
TKT-01628,2026-02-11 08:47:00,Sage Santos,sage.santos@gmail.com,0036-88732769,Manchester,Harbor Essentials,Account Access,MEDIUM,web-form,Closed,Standard,2,540,,149.46,bug;mobile,Customer requested an update after the first response.
TKT-02126,2025/03/04,Robin Singh,robin.singh@gmail.com,+1 (325) 356-9941,Bristol,Vertex Analytics,Product Question,high,web-form,Escalated,Standard,5,-5,48h,109.09,product question,Issue reproduced on a mobile device.
TKT-00218,2026-03-30 21:19:00,Robin Chen,robin.chen@gmail.com,,New York,Orchid Plus,Billing,low,Web Form,Escalated,,0,-5,52.1,65.97,,
TKT-02176,12/14/2024 07:10,Micah Morris,micah.morris15@mailbox.org,+44 7098 189013,Melbourne,Orchid Plus,Product Question,Medium,PHONE,Pending Customer,premium,,-5,-1,193.92,login;password,Customer mentioned a previous unresolved ticket.
TKT-01098,2024/02/29,Marley Grant,marley.grant@gmail.com,,Austin,Harbor Essentials,Subscription,MEDIUM,Phone,OPEN,Enterprise,6,1282,,0,login;password,Customer supplied screenshots.
TKT-00092,12-Sep-2024,Morgan Meyer,morgan.meyer14 @outlook.com,,Melbourne,Orchid Plus,Technical Issue,Medium,email,pending_customer,,4,335,76.8,132.28,"billing,invoice",Issue reproduced on a mobile device.
TKT-02622,2024-09-02 22:46:00,Morgan Hansen,morgan.hansen@mailbox.org,+1 (685) 882-4268,Dublin,Vertex Analytics,Billing,low,Email,Closed,Enterprise,0,unknown,48h,122.4,delivery | late,
TKT-01543,01/16/2025 14:48,Riley Wilson,riley.wilson@mailbox.org,220.862.4716,Cape Town,Harbor Essentials,Refund,high,PHONE,pending_customer,premium,1,936,,170.37,account;security;urgent,Follow-up required next business day.
TKT-00813,2024/01/05,Reese Nguyen,reese.nguyen23@example.com,0084-10486734,Cape Town,Cobalt Enterprise,Billing,Medium,email,Pending Customer,Enterprise,5,,,158.58,login;password,No additional context provided.
TKT-02473,2024/12/23,Finley Ibrahim,finley.ibrahim94 @gmail.com,230.670.9556,New York,Nimbus Basic,Product Question,urgent,chat,Pending Customer,Standard,1,1515,-1,35.77,"billing,invoice",Customer mentioned a previous unresolved ticket.
TKT-02658,03-Nov-2024,Drew Ibrahim,drew.ibrahim9@company.co,761.836.3866,Toronto,Atlas Pro,Refund,low,Live Chat,Escalated,Standard,,unknown,73.7,127.96,product question,No additional context provided.
TKT-02411,05/14/2024 09:33,Skyler Patel,skyler.patel@example.com,0076-70279679,Dublin,Harbor Essentials,Security,high,Web Form,pending_customer,premium,,unknown,-1,124.03,BILLING;invoice,No additional context provided.
TKT-02438,24-Aug-2025,Blake Walker,blake.walker82@gmail.com,701.503.7282,Seattle,Atlas Pro,Feature Request,Low,email,pending_customer,premium,3,-5,48h,124.43,account;security;urgent,Issue reproduced on a mobile device.
TKT-00374,2025/01/14,Shawn Hansen,shawn.hansen41@mailbox.org,0013-78109300,Singapore,Nimbus Basic,Account Access,Low,web-form,pending_customer,premium,6,,,131.76,login;password,
TKT-01704,2025-04-24 05:16:00,Jordan Novak,jordan.novak@company.co,,,Harbor Essentials,Subscription,high,chat,Resolved,Free,2,unknown,-1,140.03,login;password,Customer requested an update after the first response.
TKT-00623,2026-03-18 09:11:00,Micah Sullivan,micah.sullivan21@example.com,+44 7974 159183,Cape Town,Cobalt Enterprise,Technical Issue,High,Phone,OPEN,Enterprise,,,26.8,182.51,product question,No additional context provided.
TKT-00803,06/28/2024 04:01,Reese Hansen,reese.hansen9@mailbox.org,,Seattle,Vertex Analytics,Feature Request,low,Web Form,Open,Free,1,-5,48h,84.29,product question,Follow-up required next business day.
TKT-01806,2025-12-04 04:12:00,Hayden Wilson,hayden.wilson@mailbox.org,859.979.4552,Toronto,Atlas Pro,Refund,Medium,Live Chat,Escalated,Standard, four,unknown,1.4,,login;password,Escalated to the specialist queue.
TKT-01249,2024/04/11,Alexis Diaz,alexis.diaz27@mailbox.org,0072-98898437,New York,Vertex Analytics,Technical Issue,Medium,web-form,Resolved,,,277,,91.86,,
TKT-02150,2025-04-14 06:19:00,Taylor Kim,,+44 7234 177703,london,Nimbus Basic,Delivery,urgent,PHONE,pending_customer,,1,607,,0,,Customer mentioned a previous unresolved ticket.
TKT-00027,2024/03/11,Jamie Singh,jamie.singh30@outlook.com,0039-13885234,Leeds,Vertex Analytics,Subscription,low,PHONE,Closed,, four,-5,,15.7,,Follow-up required next business day.
TKT-00707,2026/02/25,Sage Novak,SAGE.NOVAK24@OUTLOOK.COM,N/A,Birmingham,Mosaic Team,Refund,High,PHONE,OPEN,Free,2,unknown,-1,8.58,refund,Escalated to the specialist queue.
TKT-00148,2025-12-23 17:52:00,Arden Hughes,arden.hughes@gmail.com,+1 (269) 770-9732,Berlin,Vertex Analytics,Delivery,Urgent,Email,resolved,Free, four,unknown,48h,6.37,delivery | late,Customer supplied screenshots.
TKT-02224,2024-09-22 21:39:00,Reese Turner,reese.turner@gmail.com,+1 (812) 795-9155,Birmingham,Harbor Essentials,Technical Issue,high,chat,Escalated,Premium,,unknown,62.0,69.03,,
TKT-01295,2026-03-06 13:23:00,Emerson Singh,emerson.singh@gmail.com,,,Atlas Pro,Billing,urgent,Social Media,Open,,4,25,-1,83.5,bug;mobile,Customer supplied screenshots.
TKT-02041,18-Jul-2025,Cameron Meyer,cameron.meyer@example.com,657.177.2804,Austin,Harbor Essentials,Product Question,MEDIUM,social,Open,, four,,-1,40.79,bug;mobile,Customer supplied screenshots.
TKT-02286,11/04/2024 16:08,Ellis Nguyen,ellis.nguyen@mailbox.org,+44 7720 610284,London,Orchid Plus,Account Access,urgent,social,OPEN,Free,5,-5,-1,104.41,feature-request,Escalated to the specialist queue.
TKT-00810,14-Feb-2025,Ellis Parker,,,london,Cobalt Enterprise,Delivery,Medium,Live Chat,Resolved,Premium,3,705,46.4,$29.80,refund,No additional context provided.
TKT-02719,2024/12/30,Finley Ibrahim,finley.ibrahim@mailbox.org,+44 7678 171216,London,Mosaic Team,Subscription,High,Phone,resolved,,2,unknown,-1,46.42,login;password,Follow-up required next business day.
TKT-02764,2025-03-01 21:00:00,Quinn Ibrahim,quinn.ibrahim39@example.com,+1 (440) 974-6766,London,Cobalt Enterprise,Product Question,Medium,Web Form,resolved,,2,782,,44.26,delivery | late,No additional context provided.
TKT-01608,12/07/2024 00:06,Morgan Hughes,morgan.hughes@mailbox.org,,Glasgow,Lumen Starter,Technical Issue,urgent,chat,OPEN,,0,-5,68.5,168.36,BILLING;invoice,Customer supplied screenshots.
TKT-01898,2026/05/16,Morgan Hansen,morgan.hansen8@company.co,+44 7419 478010,Berlin,Vertex Analytics,Technical Issue,urgent,web-form,Pending Customer,, four,46,-1,166.93,feature-request,Customer requested an update after the first response.
TKT-01995,25-Apr-2026,Milan Novak,milan.novak@gmail.com,0018-68384762,Austin,Cobalt Enterprise,Refund,Urgent,Email,Closed,Free,,unknown,85.5,98.33,login;password,Customer requested an update after the first response.
TKT-01844,2026-04-17 21:02:00,Cameron Wilson,CAMERON.WILSON@OUTLOOK.COM,,Manchester,Orchid Plus,Account Access,MEDIUM,Social Media,Resolved,Premium,1,1369,-1,84.11,account;security;urgent,Customer mentioned a previous unresolved ticket.
TKT-01019,2024/09/21,Emerson Brooks,emerson.brooks@gmail.com,,london,Mosaic Team,Security,high,Social Media,pending_customer,Enterprise,2,,-1,61.38,BILLING;invoice,
ticket-02175,07/15/2024 09:44,Casey Larsen,casey.larsen41@gmail.com,102.967.3986,Bristol,Atlas Pro,Billing,Urgent,Web Form,Closed,,3,,48h,33.07,login;password,Follow-up required next business day.
TKT-00767,12/25/2025 19:40,Tatum Kim,tatum.kim@gmail.com,701.271.6425,Toronto,Nimbus Basic,Security,Urgent,web-form,Closed,premium,1,,,77.08,,Customer mentioned a previous unresolved ticket.
TKT-02079,2024/05/27,Morgan Larsen,morgan.larsen@gmail.com,,Toronto,Nimbus Basic,Feature Request,urgent,Email,OPEN,Standard,0,unknown,48h,71.33,"billing,invoice",Issue reproduced on a mobile device.
TKT-00606,2026-06-02 01:00:00,Taylor Turner,taylor.turner@gmail.com,+1 (445) 708-3331,Berlin,Atlas Pro,Billing,Urgent,Social Media,pending_customer,,4,129,-1,182.22,product question,Customer requested an update after the first response.
TKT-01095,2026/02/06,Morgan Kim,morgan.kim@company.co,+44 7759 892373,Seattle,Lumen Starter,Delivery,low,Phone,resolved,,4,-5,48h,119.3,BILLING;invoice,Follow-up required next business day.
TKT-00539,05/15/2024 19:42,Emerson Santos,EMERSON.SANTOS@OUTLOOK.COM,,Glasgow,Cobalt Enterprise,Subscription,Urgent,Live Chat,OPEN,Free,5,-5,63.3,$134.35,,Customer supplied screenshots.
TKT-01406,19-Mar-2024,Tatum Patel,tatum.patel@gmail.com,,Berlin,Nimbus Basic,Subscription,Urgent,social,Closed,Standard,3,-5,39.8,37.38,delivery | late,
TKT-02742,2026-01-24 20:19:00,Avery Ibrahim,avery.ibrahim@mailbox.org,,Manchester,Harbor Essentials,Delivery,high,email,OPEN,Free,6,,-1,104.48,delivery | late,No additional context provided.
TKT-02708,11/25/2025 17:20,Quinn Petrov,quinn.petrov26@company.co,,london,Lumen Starter,Delivery,Urgent,social,resolved,Free,3,unknown,-1,80.31,feature-request,Customer requested an update after the first response.
TKT-00394,02/20/2026 16:41,Reese Larsen,reese.larsen30@mailbox.org,245.855.7317,Glasgow,Vertex Analytics,Technical Issue,Low,chat,pending_customer,Standard,3,unknown,,,BILLING;invoice,Customer supplied screenshots.
TKT-00935,26-Dec-2024,Taylor Morales,taylor.morales33@mailbox.org,0085-51511784,Amsterdam,Mosaic Team,Product Question,Medium,Live Chat,OPEN,,5,373,,103.2,,Customer requested an update after the first response.
TKT-01563,2024/10/13,Finley Carter,finley.carter@example.com,,London,Mosaic Team,Billing,low,Live Chat,OPEN,premium,3,1184,7.8,0,delivery | late,
TKT-01148,2024-05-10 15:03:00,Rowan Morris,rowan.morris@company.co,N/A,london,Nimbus Basic,Security,Low,Social Media,Pending Customer,Enterprise,1,-5,-1,0,BILLING;invoice,Follow-up required next business day.
TKT-01685,2025/11/09,Hayden Kim,hayden.kim@outlook.com,,Seattle,Cobalt Enterprise,Security,MEDIUM,Email,Pending Customer,Standard,5,unknown,,14.15,product question,Follow-up required next business day.
TKT-01020,02/17/2024 19:11,Hayden Hughes,hayden.hughes65@example.com,0024-19477065,Singapore,Nimbus Basic,Feature Request,MEDIUM,Email,OPEN,premium,0,-5,-1,102.33,refund,No additional context provided.
TKT-01645,26-Jul-2024,Reese Morris,reese.morris@mailbox.org,+44 7171 402649,London,Vertex Analytics,Product Question,high,Social Media,Open,Enterprise,2,1681,-1,20.57,,
TKT-02775,08-Jan-2024,Cameron Carter,cameron.carter@company.co,,Seattle,Vertex Analytics,Subscription,urgent,social,pending_customer,Standard,5,1037,-1,51.99,bug;mobile,Escalated to the specialist queue.
TKT-01076,2025-02-13 15:08:00,Blake Fischer,blake.fischer27@mailbox.org,+1 (573) 974-4084,Cape Town,Orchid Plus,Billing,High,Email,Escalated,,,unknown,48h,51.84,account;security;urgent,
TKT-02744,2024/02/11,Emerson Hansen,emerson.hansen@gmail.com,+1 (569) 238-5655,Singapore,Cobalt Enterprise,Delivery,Urgent,chat,resolved,Enterprise,1,,48h,109.7,login;password,Follow-up required next business day.
TKT-00869,19-Jan-2024,Milan Chen,milan.chen79@example.com,898.841.7559,Singapore,Cobalt Enterprise,Subscription,high,PHONE,Pending Customer,,2,753,46.1,115.22,refund,Customer requested an update after the first response.
TKT-02725,02/13/2025 20:59,Jamie Sullivan,jamie.sullivan@outlook.com,+44 7957 854464,Seattle,Cobalt Enterprise,Refund,Medium,social,OPEN,Enterprise,4,784,48h,186.94,"billing,invoice",Escalated to the specialist queue.
TKT-02583,24-Apr-2026,Cameron Bennett,,+1 (606) 620-7042,Manchester,Lumen Starter,Delivery,Urgent,Email,Resolved,Enterprise,4,,6.2,76.08,delivery | late,
TKT-00545,2026-01-07 09:08:00,Morgan Nguyen,,0076-53089333,london,Nimbus Basic,Account Access,Medium,Phone,Closed,Free,1,979,77.9,0,delivery | late,Customer requested an update after the first response.
TKT-02759,2024/08/12,Milan Walker,milan.walker@outlook.com,+1 (598) 525-9621,Bristol,Orchid Plus,Security,Urgent,Live Chat,Open,Premium,3,420,,16.82,refund,Customer mentioned a previous unresolved ticket.
TKT-00285,21-Nov-2024,Casey Kowalski,casey.kowalski13@mailbox.org,+1 (601) 980-5263,Amsterdam,Lumen Starter,Delivery,Urgent,chat,Closed,,6,-5,68.0,196.32,delivery | late,
TKT-02327,2026-02-21 20:36:00,Ellis Grant,ellis.grant54@example.com,0049-39241863,Austin,Nimbus Basic,Technical Issue,low,Live Chat,Resolved,Free,1,1428,48h,18.96,BILLING;invoice,No additional context provided.
TKT-02306,2026/05/10,Jamie Sullivan,jamie.sullivan50@mailbox.org,0081-80007150,Melbourne,Cobalt Enterprise,Refund,high,email,Pending Customer,Free,3,-5,0.9,250.05,bug;mobile,Customer supplied screenshots.
TKT-01274,2024-03-16 18:17:00,Robin Hansen,robin.hansen@company.co,+44 7038 395748,Bristol,Atlas Pro,Delivery,urgent,chat,Escalated,, four,1018,-1,61.6,feature-request,
TKT-01801,06/02/2024 09:01,Jordan Meyer,jordan.meyer65@outlook.com,,Manchester,Cobalt Enterprise,Product Question,urgent,Phone,Open,Standard,,990,48h,183.57,feature-request,No additional context provided.
TKT-00933,2024/07/09, marley chen ,,,Cape Town,Mosaic Team,Account Access,High,web-form,Pending Customer,Free,,unknown,-1,$0.00,,Escalated to the specialist queue.
TKT-00489,10/18/2024 14:30,Ellis Morales,ellis.morales@mailbox.org,N/A,Manchester,Atlas Pro,Feature Request,Medium,email,pending_customer,Free,1,unknown,53.3,171.79,"billing,invoice",
TKT-02288,01/29/2026 13:11,Avery Walker,avery.walker@outlook.com,0044-11373644,Glasgow,Orchid Plus,Refund,Low,email,Escalated,premium,3,1023,-1,65.17,,Customer supplied screenshots.
TKT-01412,14-Aug-2025,Skyler Hansen,skyler.hansen99@example.com,+1 (660) 822-6184,Glasgow,Vertex Analytics,Feature Request,low,social,Pending Customer,Free,4,unknown,-1,109.59,,Customer supplied screenshots.
TKT-01226,07/28/2024 09:03,Drew Carter,DREW.CARTER@GMAIL.COM,399.344.6286,Bristol,Nimbus Basic,Account Access,high,Social Media,Pending Customer,Free,5,-5,-1,71.86,"billing,invoice",Customer supplied screenshots.
TKT-02572,23-Oct-2025,Reese Grant,REESE.GRANT@GMAIL.COM,379.212.3848,Toronto,Harbor Essentials,Product Question,high,Phone,Pending Customer,Enterprise,1,-5,,0,,Customer supplied screenshots.
TKT-00771,01-May-2025,Avery Sullivan,avery.sullivan@mailbox.org,+44 7305 192554, BERLIN ,Orchid Plus,Delivery,low,Social Media,resolved,Standard,6,121,61.8,117.93,login;password,Customer mentioned a previous unresolved ticket.
TKT-00562,2024/07/18,Kendall Patel,kendall.patel84@mailbox.org,+1 (747) 429-3572,Melbourne,Lumen Starter,Billing,Medium,social,Open,premium,3,,72.0,193.15,,
TKT-00457,2025-12-20 16:58:00,Drew Diaz,drew.diaz@outlook.com,0079-56411493,Singapore,Vertex Analytics,Account Access,High,Web Form,Pending Customer,Free,2,-5,48h,73.11,,Escalated to the specialist queue.
TKT-01283,06/12/2026 20:56,Parker Chen,parker.chen@example.com,+1 (772) 231-4741,Melbourne,Harbor Essentials,Subscription,low,chat,Escalated,Free,5,unknown,-1,117.95,product question,Follow-up required next business day.
TKT-01738,2024-03-30 07:35:00,Casey Kim,casey.kim24@company.co,237.922.2676, BERLIN ,Vertex Analytics,Billing,Low,Social Media,resolved,,0,-5,-1,20.27,feature-request,Issue reproduced on a mobile device.
TKT-01348,2026/04/12,Avery Chen,avery.chen4@company.co,0073-12479847,Leeds,Orchid Plus,Account Access,urgent,PHONE,Pending Customer,Enterprise,6,576,48h,130.39,,Issue reproduced on a mobile device.
TKT-01586,2024-01-14 17:16:00,Blake Grant,blake.grant@company.co,243.761.9359,Bristol,Cobalt Enterprise,Billing,Urgent,chat,Closed,,1,-5,-1,117.12,refund,Issue reproduced on a mobile device.
TKT-00506,10/12/2025 05:45,Hayden Sullivan,hayden.sullivan@company.co,0047-46017965,Leeds,Harbor Essentials,Product Question,urgent,social,Open,Enterprise,5,unknown,,52.21,"billing,invoice",Issue reproduced on a mobile device.
TKT-02300,13-Apr-2026,Riley Singh,riley.singh@example.com,0012-74911383,London,Nimbus Basic,Delivery,low,Phone,Pending Customer,Standard,3,,-1,0,refund,
TKT-02781,2024/12/20,Devon Ahmed,devon.ahmed19@gmail.com,+1 (842) 702-7751,Bristol,Orchid Plus,Subscription,Urgent,social,pending_customer,premium,5,-5,,127.1,account;security;urgent,Escalated to the specialist queue.
TKT-01101,2025-12-04 08:33:00,Avery Ibrahim,avery.ibrahim@gmail.com,N/A, BERLIN ,Harbor Essentials,Account Access,Urgent,chat,Escalated,Premium,3,-5,-1,133.89,BILLING;invoice,Customer mentioned a previous unresolved ticket.
TKT-02100,05/17/2026 19:12,Tatum Ahmed,tatum.ahmed@mailbox.org,007-58159495,Birmingham,Harbor Essentials,Billing,Medium,chat,Pending Customer,,4,-5,23.8,123.98,feature-request,
TKT-02038,2024-02-10 00:23:00,Jamie Hughes,jamie.hughes97@company.co,0062-82928574,Leeds,Nimbus Basic,Subscription,Medium,chat,Pending Customer,Enterprise,1,unknown,48h,51.01,"billing,invoice",Customer mentioned a previous unresolved ticket.
TKT-00659,22-Jul-2024,Avery Nguyen,avery.nguyen30@gmail.com,+44 7055 463710,Austin,Harbor Essentials,Billing,MEDIUM,PHONE,Open,premium,5,430,48h,89.89,,No additional context provided.
TKT-02309,27-Mar-2026,Finley Meyer,finley.meyer@gmail.com,469.411.2235,Singapore,Lumen Starter,Billing,High,Web Form,pending_customer,Standard,0,,,108.4,,Customer supplied screenshots.
TKT-01376,01/28/2026 15:43,Shawn Parker,shawn.parker66@company.co,0092-59398923,Manchester,Orchid Plus,Billing,High,social,Open,,5,289,,67.49,account;security;urgent,
TKT-01683,08/17/2024 05:29,Casey Parker,casey.parker@company.co,N/A,Birmingham,Cobalt Enterprise,Subscription,Low,web-form,Escalated,Standard,3,1692,,29.3,login;password,Customer mentioned a previous unresolved ticket.
TKT-00992,2024/03/18,Avery Larsen,avery.larsen@example.com,0083-94870682,Dublin,Lumen Starter,Product Question,High,Live Chat,Resolved,Enterprise,6,981,,0,BILLING;invoice,No additional context provided.
TKT-00042,2026-02-26 09:37:00,Micah Santos,micah.santos@company.co,+1 (341) 456-1854,Melbourne,Cobalt Enterprise,Delivery,high,Live Chat,resolved,Standard,3,-5,-1,88.43,,Escalated to the specialist queue.
TKT-00536,01/14/2025 19:15,Skyler Parker,skyler.parker@outlook.com,N/A,Seattle,Mosaic Team,Security,low,PHONE,Pending Customer,Free,1,-5,48h,81.61,delivery | late,Customer mentioned a previous unresolved ticket.
TKT-01470,2024-11-14 03:14:00,Jordan Parker,jordan.parker@company.co,+1 (980) 314-9515,London,Mosaic Team,Security,high,Social Media,OPEN,,4,-5,17.7,103.45,BILLING;invoice,Customer supplied screenshots.
TKT-01793,2025-12-12 12:52:00,Casey Nguyen,,0054-25146587, BERLIN ,Nimbus Basic,Delivery,Urgent,email,Escalated,Standard,0,-5,-1,70.19,,Customer requested an update after the first response.
TKT-01497,2025/06/13,Rowan Fischer,rowan.fischer@outlook.com,+1 (874) 569-2344,Glasgow,Vertex Analytics,Technical Issue,urgent,chat,Open,premium,1,-5,,192.38,product question,Follow-up required next business day.
TKT-01060,10/18/2024 14:14,Morgan Okafor,MORGAN.OKAFOR@MAILBOX.ORG,+1 (562) 344-1367,Manchester,Lumen Starter,Technical Issue,Medium,PHONE,Open,,,1017,,58.62,product question,Follow-up required next business day.
TKT-00654,2025-08-31 22:23:00,Rowan Carter,,0061-74076489,,Cobalt Enterprise,Delivery,low,chat,pending_customer,,1,1091,,18.14,refund,Customer mentioned a previous unresolved ticket.
TKT-01496,06-Dec-2024,Micah Parker,micah.parker@gmail.com,006-32640386,Bristol,Mosaic Team,Technical Issue,low,chat,Pending Customer,premium,3,-5,-1,189.34,refund,
TKT-00288,2025/12/26,Jamie Okafor,jamie.okafor@gmail.com,+44 7703 987132,Seattle,Cobalt Enterprise,Technical Issue,urgent,Phone,Resolved,premium,,unknown,48h,111.36,product question,Customer mentioned a previous unresolved ticket.
TKT-02520,2026-01-30 02:33:00,Tatum Hansen,tatum.hansen40@outlook.com,0077-98454961,Manchester,Atlas Pro,Account Access,MEDIUM,Web Form,resolved,Standard,3,,86.1,32.17,delivery | late,Customer supplied screenshots.
TKT-01874,26-Mar-2025,Finley Carter,finley.carter7@example.com,0030-78134108,Melbourne,Nimbus Basic,Technical Issue,urgent,web-form,Open,premium,,524,44.2,121.88,BILLING;invoice,
TKT-02321,09/13/2024 15:44,Shawn Diaz,shawn.diaz @outlook.com,0048-70965894,Amsterdam,Cobalt Enterprise,Delivery,low,Phone,Pending Customer,Free,0,,,103.17,account;security;urgent,Customer mentioned a previous unresolved ticket.
TKT-01661,05/11/2025 04:19,Reese Morales,reese.morales@gmail.com,0076-15132335,london,Nimbus Basic,Billing,low,Phone,resolved,Enterprise,2,1502,,$151.44,refund,No additional context provided.
TKT-00509,26-Sep-2025,Finley Turner,finley.turner@company.co,,Austin,Harbor Essentials,Account Access,urgent,Live Chat,Closed,,5,unknown,-1,81.67,delivery | late,Customer requested an update after the first response.
TKT-00760,07/03/2024 10:25,Riley Walker,riley.walker@mailbox.org,+44 7830 948694,London,Orchid Plus,Product Question,Urgent,email,Resolved,,5,-5,48h,117.52,account;security;urgent,No additional context provided.
TKT-02044,2026-02-09 07:09:00,Alexis Morris,alexis.morris@gmail.com,0010-87226579,Leeds,Mosaic Team,Product Question,Low,email,Escalated,Premium,6,,-1,87.38,account;security;urgent,No additional context provided.
TKT-02669,27-Jan-2024,Taylor Ibrahim,taylor.ibrahim@mailbox.org,0095-98063962,Manchester,Harbor Essentials,Technical Issue,low,Live Chat,resolved,,1,,48h,109.38,refund,Customer mentioned a previous unresolved ticket.
TKT-01858,26-Jun-2025,Tatum Diaz,tatum.diaz@example.com,0089-40862048,Birmingham,Lumen Starter,Refund,urgent,web-form,Pending Customer,,5,-5,-1,65.25,login;password,Issue reproduced on a mobile device.
TKT-00598,2024-08-12 08:30:00,Emerson Patel,emerson.patel@example.com,0072-96672678,Austin,Vertex Analytics,Product Question,high,chat,Resolved,Enterprise,6,634,,25.17,BILLING;invoice,Customer requested an update after the first response.
TKT-02181,2026-02-13 00:19:00,Micah Kim,micah.kim89@mailbox.org,,New York,Atlas Pro,Feature Request,MEDIUM,Email,OPEN,Enterprise,2,-5,,68.55,"billing,invoice",Escalated to the specialist queue.
TKT-00284,2026/03/23,Emerson Hansen,emerson.hansen@gmail.com,N/A,Melbourne,Atlas Pro,Security,High,chat,Pending Customer,Enterprise,5,-5,48h,10.92,,Follow-up required next business day.
TKT-00867,07/17/2025 15:53,Devon Sullivan,devon.sullivan64@gmail.com,569.894.1866,Leeds,Mosaic Team,Technical Issue,high,Social Media,Open,Enterprise,6,-5,,94.72,account;security;urgent,Customer requested an update after the first response.
TKT-02037,08/04/2024 03:45,Tatum Santos,tatum.santos@example.com,+1 (464) 887-9762,Bristol,Lumen Starter,Delivery,Low,Phone,resolved,Standard,,883,48h,100.58,account;security;urgent,Customer requested an update after the first response.
TKT-00831,2024/04/09,Quinn Bennett,quinn.bennett@mailbox.org,+1 (228) 230-2302,Seattle,Nimbus Basic,Feature Request,high,Phone,Pending Customer,Premium,5,-5,-1,5.06,,Customer supplied screenshots.
TKT-01424,01/22/2024 17:52,Jamie Morales,jamie.morales @gmail.com,,Seattle,Lumen Starter,Technical Issue,Urgent,web-form,pending_customer,,,,,32.84,BILLING;invoice,Customer mentioned a previous unresolved ticket.
TKT-01370,2025-10-15 15:22:00,Micah Wilson,micah.wilson@outlook.com,175.810.7495,Dublin,Lumen Starter,Account Access,Low,Email,Pending Customer,Premium,1,,48h,30.34,,
TKT-01498,2025-12-16 13:54:00,Sage Morales,sage.morales45@mailbox.org,N/A,Seattle,Mosaic Team,Refund,urgent,PHONE,Resolved,Enterprise,,,-1,145.46,product question,Customer mentioned a previous unresolved ticket.
TKT-01450,11/15/2024 20:49,Alexis Nguyen,alexis.nguyen33@example.com,969.371.5991,Glasgow,Harbor Essentials,Delivery,High,Phone,pending_customer,,,243,-1,80.17,delivery | late,
TKT-02702,2025/08/24,Taylor Larsen,taylor.larsen@example.com,268.362.6361,Seattle,Cobalt Enterprise,Delivery,High,Phone,OPEN,Enterprise,5,188,48h,139.0,BILLING;invoice,
TKT-02108,2024/12/30,Skyler Hughes,skyler.hughes@example.com,0088-33502496,Berlin,Orchid Plus,Security,Urgent,Social Media,Resolved,, four,481,68.0,114.11,BILLING;invoice,Follow-up required next business day.
TKT-01105,2025-07-27 23:58:00,Robin Diaz,robin.diaz@mailbox.org,156.915.8047,Glasgow,Cobalt Enterprise,Security,Low,Email,Closed,Free,0,unknown,0.4,139.95,login;password,No additional context provided.
TKT-00713,2026-01-21 09:49:00,Ellis Kim,ellis.kim2@gmail.com,610.538.7893,Austin,Harbor Essentials,Feature Request,Low,chat,Open,,5,unknown,-1,49.03,product question,Customer supplied screenshots.
TKT-00375,2025-10-27 01:57:00,Shawn Meyer,shawn.meyer@gmail.com,602.541.3184,Manchester,Cobalt Enterprise,Technical Issue,Medium,social,Open,premium,,,-1,197.43,BILLING;invoice,Escalated to the specialist queue.
TKT-00964,2025/09/24,Avery Ibrahim,avery.ibrahim@mailbox.org,145.419.1102,Cape Town,Lumen Starter,Refund,Urgent,PHONE,Open,Premium,5,254,41.2,118.0,delivery | late,Issue reproduced on a mobile device.
TKT-00397,07-Feb-2026,Alexis Ibrahim,alexis.ibrahim@example.com,+1 (945) 472-2096,New York,Vertex Analytics,Delivery,Medium,Social Media,Resolved,,4,,-1,0,feature-request,
TKT-02721,03/24/2024 16:30,Finley Carter,finley.carter@company.co,+44 7136 938061,Bristol,Mosaic Team,Feature Request,High,chat,Pending Customer,Enterprise,5,,,,,Follow-up required next business day.
TKT-02314,16-Feb-2025,Avery Reed,avery.reed11@company.co,0063-38243455,Bristol,Nimbus Basic,Technical Issue,high,PHONE,Resolved,,6,unknown,50.9,106.38,"billing,invoice",No additional context provided.
TKT-01182,2024-10-15 18:49:00,Milan Chen,milan.chen@mailbox.org,+1 (285) 397-9689,Austin,Atlas Pro,Product Question,Urgent,Live Chat,resolved,Free,2,351,-1,155.56,feature-request,Customer requested an update after the first response.
TKT-02757,10/08/2024 19:11,Taylor Walker,taylor.walker6@gmail.com,0076-67430624,London,Lumen Starter,Delivery,high,Social Media,Open,Free,4,121,48h,89.73,"billing,invoice",Customer requested an update after the first response.
TKT-00038,10-Jun-2026,Kendall Ibrahim,kendall.ibrahim@mailbox.org,0083-29822594,Austin,Orchid Plus,Subscription,Medium,PHONE,pending_customer,,6,315,-1,0,product question,
TKT-00313,2025/09/22,Hayden Sullivan,hayden.sullivan84 @outlook.com,577.137.6877,Berlin,Lumen Starter,Subscription,High,Web Form,Pending Customer,Standard,0,448,55.7,124.4,feature-request,Issue reproduced on a mobile device.
TKT-01743,15-May-2025,Rowan Hansen,rowan.hansen@gmail.com,N/A,Amsterdam,Nimbus Basic,Technical Issue,High,Web Form,Resolved,Enterprise,6,624,,82.85,refund,Issue reproduced on a mobile device.
TKT-00260,2026-02-02 00:14:00,Devon Kowalski,devon.kowalski@company.co,0022-80265183,london,Lumen Starter,Product Question,Urgent,Email,OPEN,Standard,0,unknown,,121.6,BILLING;invoice,Follow-up required next business day.
TKT-00501,06/06/2026 03:04,Reese Ibrahim,reese.ibrahim@company.co,+1 (338) 939-3958,Amsterdam,Mosaic Team,Account Access,Medium,web-form,Closed,Premium,2,unknown,65.6,129.94,account;security;urgent,Customer mentioned a previous unresolved ticket.
TKT-01749,06/30/2025 22:19,Milan Larsen,milan.larsen21@mailbox.org,0029-19285283,london,Harbor Essentials,Subscription,High,Email,Closed,Standard,4,unknown,48h,89.43,,
TKT-02003,2024-08-18 20:59:00,Rowan Hughes,rowan.hughes94@outlook.com,+44 7492 203207,New York,Vertex Analytics,Refund,Medium,PHONE,Open,Free,3,unknown,-1,35.42,"billing,invoice",Customer mentioned a previous unresolved ticket.
TKT-01221,2025-02-13 04:26:00,Jamie Diaz,jamie.diaz@gmail.com,448.781.9297,Manchester,Mosaic Team,Technical Issue,Medium,PHONE,Open,Standard,4,1024,-1,13.68,,Issue reproduced on a mobile device.
TKT-01436,2025-08-02 15:49:00,Skyler Petrov,skyler.petrov@company.co,121.869.3358,London,Vertex Analytics,Security,high,web-form,resolved,Enterprise,1,1364,-1,94.54,feature-request,Issue reproduced on a mobile device.
TKT-01236,12/05/2024 19:40, jordan sullivan ,jordan.sullivan@example.com,N/A,london,Lumen Starter,Subscription,urgent,social,Pending Customer,Premium,6,795,48h,169.15,delivery | late,Customer supplied screenshots.
TKT-02141,09/24/2024 12:40,Skyler Kim,skyler.kim87@gmail.com,272.975.9495,Manchester,Nimbus Basic,Refund,MEDIUM,PHONE,Escalated,Standard,1,-5,82.4,88.06,bug;mobile,Customer supplied screenshots.
TKT-02656,2024-01-22 19:07:00,Finley Grant,finley.grant79@example.com,+1 (365) 663-7951,Seattle,Nimbus Basic,Refund,urgent,Web Form,Open,Premium,3,1616,-1,126.0,,Customer supplied screenshots.
TKT-01529,2025-06-17 23:00:00,Marley Ibrahim,marley.ibrahim13@example.com,+44 7393 147859,Amsterdam,Cobalt Enterprise,Security,Urgent,Live Chat,OPEN,Enterprise,6,1045,49.1,52.11,login;password,
ticket-01166,07-Mar-2025,Quinn Sullivan,quinn.sullivan39@mailbox.org,,Amsterdam,Cobalt Enterprise,Technical Issue,MEDIUM,social,Pending Customer,Standard,4,unknown,48h,213.19,"billing,invoice",Customer mentioned a previous unresolved ticket.
TKT-01674,2025-01-22 00:44:00,Parker Wilson,parker.wilson89@company.co,+44 7135 980458,Melbourne,Nimbus Basic,Account Access,Low,Social Media,OPEN,Premium,0,1383,-1,28.27,account;security;urgent,
TKT-01317,10-Mar-2026,Skyler Grant,skyler.grant@outlook.com,0062-60753938, BERLIN ,Harbor Essentials,Feature Request,High,chat,Closed,,5,-5,-1,20.42,,Customer mentioned a previous unresolved ticket.
TKT-00343,08-Jun-2025,Reese Hansen,reese.hansen @outlook.com,,Manchester,Mosaic Team,Account Access,low,Social Media,Resolved,Enterprise,4,1423,-1,92.47,refund,Customer supplied screenshots.
TKT-00945,2025/06/14,Parker Parker,parker.parker@example.com,+1 (871) 580-5416,london,Atlas Pro,Subscription,Medium,web-form,Open,Standard,5,1553,,180.57,,
TKT-01190,2024/08/17,Skyler Parker,skyler.parker88@gmail.com,+1 (494) 777-2058, BERLIN ,Atlas Pro,Subscription,High,Web Form,Resolved,Enterprise,,,48h,$25.74,"billing,invoice",Escalated to the specialist queue.
TKT-02578,05/21/2025 04:35,Riley Sullivan,riley.sullivan@outlook.com,125.434.1135,,Harbor Essentials,Security,low,Email,Resolved,,6,,48h,133.83,delivery | late,No additional context provided.
TKT-00259,04/13/2025 06:14,Finley Meyer,finley.meyer@gmail.com,+1 (434) 512-2424, BERLIN ,Nimbus Basic,Security,Low,social,Escalated,,2,340,48h,103.41,login;password,Customer mentioned a previous unresolved ticket.
TKT-00262,2026/04/11,Taylor Brooks,taylor.brooks@gmail.com,+1 (926) 403-2813,Melbourne,Orchid Plus,Technical Issue,Medium,Email,Pending Customer,Standard,4,,-1,75.73,delivery | late,Escalated to the specialist queue.
TKT-00166,2025/02/12,Cameron Reed,cameron.reed@company.co,+1 (743) 645-1194,Amsterdam,Vertex Analytics,Feature Request,MEDIUM,Phone,resolved,premium,0,unknown,48h,101.7,"billing,invoice",No additional context provided.
TKT-00222,2024-12-16 21:40:00,Drew Novak,drew.novak@gmail.com,+1 (813) 536-1260,Cape Town,Nimbus Basic,Refund,high,social,resolved,Enterprise,3,unknown,73.2,0,"billing,invoice",
TKT-01468,17-Dec-2025,Cameron Turner,cameron.turner@outlook.com,433.622.9901,Singapore,Cobalt Enterprise,Security,high,Web Form,pending_customer,,5,,5.8,100.71,BILLING;invoice,Customer mentioned a previous unresolved ticket.
TKT-02131,2024/05/12,Devon Kim,devon.kim@mailbox.org,,New York,Atlas Pro,Feature Request,urgent,web-form,Closed,Free,,,34.1,103.12,feature-request,
TKT-01303,12/02/2025 21:28,Marley Kim,marley.kim@mailbox.org,189.428.7694,Austin,Mosaic Team,Feature Request,Low,web-form,pending_customer,Enterprise,4,-5,5.8,69.38,bug;mobile,No additional context provided.
TKT-02057,23-Feb-2025,Finley Ahmed,,614.378.3054,Cape Town,Orchid Plus,Feature Request,urgent,web-form,Open,,4,435,52.6,52.81,product question,Customer mentioned a previous unresolved ticket.
TKT-01524,2025/06/24,Ellis Meyer,ellis.meyer43@company.co,+44 7975 136902,Amsterdam,Harbor Essentials,Account Access,urgent,web-form,pending_customer,Enterprise,0,457,48h,26.23,bug;mobile,
TKT-02511,2025-08-01 10:53:00,Ellis Grant,ellis.grant@gmail.com,,London,Lumen Starter,Billing,Low,social,resolved,Enterprise,,-5,48h,105.5,BILLING;invoice,Follow-up required next business day.
TKT-02196,10/14/2025 05:48,Blake Walker,blake.walker@gmail.com,530.129.2593,Amsterdam,Harbor Essentials,Billing,low,Phone,Resolved,,6,,48h,42.59,bug;mobile,Escalated to the specialist queue.
TKT-01082,2024/07/20,Parker Morales,parker.morales@company.co,622.270.1072,Cape Town,Harbor Essentials,Security,urgent,PHONE,Open,premium,5,-5,,59.79,"billing,invoice",
TKT-01903,03-Mar-2026,Skyler Wilson,,,,Cobalt Enterprise,Refund,low,social,OPEN,premium,3,1149,-1,143.52,delivery | late,No additional context provided.
TKT-02736,09-Jan-2025,Drew Nguyen,drew.nguyen@outlook.com,+44 7221 964278,Dublin,Orchid Plus,Feature Request,MEDIUM,email,pending_customer,premium, four,-5,,49.8,account;security;urgent,Issue reproduced on a mobile device.
TKT-00965,02-Apr-2025,Ellis Hughes,ellis.hughes@example.com,+44 7435 531209,Cape Town,Orchid Plus,Billing,Urgent,chat,pending_customer,,2,,-1,74.06,feature-request,Escalated to the specialist queue.
TKT-01090,02/10/2025 06:54,Parker Bennett,parker.bennett@company.co,,Manchester,Vertex Analytics,Technical Issue,Low,Live Chat,OPEN,Enterprise,5,unknown,27.1,68.2,bug;mobile,No additional context provided.
TKT-00603,04-Jan-2024, rowan parker ,rowan.parker@gmail.com,,Singapore,Nimbus Basic,Feature Request,low,web-form,pending_customer,Premium,5,,45.5,126.83,BILLING;invoice,Follow-up required next business day.
TKT-02155,2026/01/06,Marley Bennett,marley.bennett74@gmail.com,865.191.3884,Glasgow,Mosaic Team,Feature Request,MEDIUM,email,Open,Standard,1,unknown,48h,9.69,,
TKT-00891,2026-01-09 07:01:00,Tatum Morales,tatum.morales@example.com,+1 (640) 228-9078,Dublin,Harbor Essentials,FEATURE_REQUEST,Medium,Live Chat,Resolved,Premium,,712,-1,124.13,,Follow-up required next business day.
TKT-02139,2025/07/11,Quinn Turner,quinn.turner75@gmail.com,+44 7443 656219, BERLIN ,Orchid Plus,Feature Request,high,social,pending_customer,premium, four,-5,48h,10.85,"billing,invoice",Customer mentioned a previous unresolved ticket.
TKT-02222,21-Feb-2025,Emerson Reed,emerson.reed@mailbox.org,+44 7254 475187,Glasgow,Vertex Analytics,Product Question,Urgent,chat,OPEN,,6,1298,-1,43.39,"billing,invoice",
TKT-00802,2025-08-25 20:55:00,Morgan Santos,morgan.santos42@example.com,+1 (220) 596-5098,New York,Orchid Plus,Security,urgent,Email,pending_customer,Premium,3,690,-1,50.62,"billing,invoice",Escalated to the specialist queue.
TKT-00898,31-Jan-2024,Milan Nguyen,milan.nguyen @gmail.com,+44 7246 388457,Bristol,Lumen Starter,Account Access,MEDIUM,Social Media,Closed,premium,,1666,-1,87.07,product question,Escalated to the specialist queue.
TKT-02022,17-Mar-2026,Alexis Larsen,alexis.larsen@gmail.com,N/A,Toronto,Nimbus Basic,Account Access,urgent,email,pending_customer,,4,unknown,,94.26,product question,Customer mentioned a previous unresolved ticket.
TKT-02385,2025-03-11 00:53:00,Taylor Morales,TAYLOR.MORALES83@GMAIL.COM,+44 7168 817169,Melbourne,Orchid Plus,Technical Issue,high,social,OPEN,Enterprise,5,-5,-1,80.8,feature-request,Customer supplied screenshots.
TKT-00474,2025-09-14 23:25:00,Hayden Patel,hayden.patel@mailbox.org,116.724.6250,Bristol,Harbor Essentials,Subscription,High,Email,Escalated,premium,5,537,48h,154.18,BILLING;invoice,
TKT-01206,2024/01/05,Rowan Ibrahim,rowan.ibrahim38@company.co,+44 7977 128647,London,Lumen Starter,Product Question,urgent,social,Resolved,,5,unknown,-1,81.23,product question,Follow-up required next business day.
TKT-02034,2024/02/26,Quinn Ahmed,,238.998.4267,London,Harbor Essentials,Delivery,MEDIUM,Phone,OPEN,Enterprise,6,763,48h,106.8,login;password,Escalated to the specialist queue.
TKT-00105,01/14/2024 22:55,Morgan Hansen,morgan.hansen74@example.com,567.403.5327,Glasgow,Cobalt Enterprise,Refund,urgent,social,Closed,,3,,48h,70.13,login;password,Customer requested an update after the first response.
TKT-02770,03-Aug-2025,Drew Walker,drew.walker@outlook.com,+1 (802) 681-5297,Leeds,Orchid Plus,Product Question,Urgent,Email,Pending Customer,,0,,79.7,68.19,account;security;urgent,Customer mentioned a previous unresolved ticket.
TKT-00844,2025-11-27 23:26:00,Shawn Hansen,shawn.hansen@company.co,0064-72572823,Birmingham,Mosaic Team,Product Question,Medium,PHONE,OPEN,Free, four,1242,12.3,100.03,delivery | late,Customer supplied screenshots.
TKT-00011,04-Jun-2026,Tatum Wilson,tatum.wilson@mailbox.org,491.993.1634,Melbourne,Cobalt Enterprise,Billing,Medium,Social Media,Pending Customer,premium,,627,,53.51,"billing,invoice",No additional context provided.
TKT-01751,2024/12/14,Casey Petrov,casey.petrov51@mailbox.org,,Glasgow,Vertex Analytics,Feature Request,high,Live Chat,OPEN,,4,36,3.6,0,BILLING;invoice,Escalated to the specialist queue.
TKT-01029,2024-07-10 06:03:00,Jordan Ahmed,jordan.ahmed84@gmail.com,0033-38936075,Leeds,Orchid Plus,Subscription,high,web-form,Escalated,Premium,3,-5,-1,112.74,delivery | late,Customer requested an update after the first response.
TKT-02565,2026/05/18,Jordan Okafor,jordan.okafor@mailbox.org,+1 (313) 848-2759,Seattle,Harbor Essentials,Refund,High,Phone,OPEN,Standard,5,-5,81.2,29.76,login;password,Customer supplied screenshots.
TKT-02060,25-Aug-2024,Parker Chen,parker.chen@gmail.com,205.400.8035,Birmingham,Vertex Analytics,Security,Low,Social Media,Escalated,Enterprise,5,-5,,89.65,delivery | late,Customer supplied screenshots.
TKT-00548,2024/11/09,Sage Singh,sage.singh@gmail.com,0050-56648543,Cape Town,Harbor Essentials,Technical Issue,Medium,social,resolved,Standard,1,834,,67.83,,No additional context provided.
TKT-00852,27-Jul-2025,Marley Chen,marley.chen54@example.com,+1 (636) 826-7316,Austin,Atlas Pro,Technical Issue,MEDIUM,Live Chat,pending_customer,Enterprise,5,519,-1,48.45,login;password,Customer requested an update after the first response.
TKT-00643,12/26/2024 12:06,Parker Turner,parker.turner33@gmail.com,,Leeds,Vertex Analytics,Security,Low,chat,OPEN,,2,-5,-1,64.72,,Customer mentioned a previous unresolved ticket.
TKT-01582,2024/11/02,Kendall Carter,kendall.carter@gmail.com,0035-98953832,Berlin,Harbor Essentials,Account Access,Medium,email,pending_customer,Free,2,,30.8,142.18,product question,
TKT-00769,02/22/2024 06:37,Kendall Kowalski,kendall.kowalski@mailbox.org,+1 (612) 720-7185,Cape Town,Lumen Starter,Product Question,MEDIUM,PHONE,pending_customer,Enterprise,3,,-1,44.52,login;password,
TKT-01277,17-Mar-2025,Ellis Patel,ellis.patel@gmail.com,398.810.7136,Seattle,Lumen Starter,Security,Low,chat,Escalated,Premium,6,189,,206.56,,
TKT-01414,2025/02/02, blake chen ,blake.chen@company.co,001-25019417,Dublin,Orchid Plus,Account Access,Medium,PHONE,pending_customer,Premium,5,,,$198.08,feature-request,Issue reproduced on a mobile device.
TKT-00519,08/30/2025 18:57,Milan Fischer,milan.fischer@gmail.com,0093-79077891,Birmingham,Harbor Essentials,Product Question,Urgent,email,pending_customer,Premium,2,438,48h,84.46,account;security;urgent,Customer mentioned a previous unresolved ticket.
TKT-02538,2026-03-15 03:46:00,Emerson Sullivan,emerson.sullivan69@gmail.com,,,Harbor Essentials,Billing,low,chat,Pending Customer,premium,6,1789,-1,129.51,bug;mobile,Follow-up required next business day.
TKT-00617,2024-06-29 05:59:00,Jamie Hughes,jamie.hughes@gmail.com,0063-24308677,,Atlas Pro,Delivery,High,Phone,Resolved,Standard,0,,-1,85.02,feature-request,Customer supplied screenshots.
TKT-00567,2025-09-15 05:12:00,Taylor Singh,taylor.singh66@company.co,515.593.9077,Berlin,Vertex Analytics,Technical Issue,High,PHONE,pending_customer,Enterprise,1,,,$0.00,account;security;urgent,
TKT-02112,24-Jun-2025,Emerson Ibrahim,emerson.ibrahim20@example.com,+1 (615) 989-4671,Leeds,Cobalt Enterprise,Technical Issue,Medium,web-form,pending_customer,,6,1771,,70.05,,Issue reproduced on a mobile device.
TKT-01475,2026-03-28 16:45:00,Kendall Kim,kendall.kim@mailbox.org,+44 7126 940829,Bristol,Harbor Essentials,Account Access,urgent,Social Media,Pending Customer,Free,,-5,48h,35.83,BILLING;invoice,Customer supplied screenshots.
TKT-01392,08/18/2025 02:38,Rowan Chen,rowan.chen@outlook.com,438.909.8838,London,Harbor Essentials,Feature Request,Urgent,Web Form,Closed,Free, four,unknown,48h,41.73,account;security;urgent,
TKT-00949,01/01/2025 13:38,Hayden Sullivan,hayden.sullivan@example.com,+1 (561) 481-1985,Melbourne,Orchid Plus,Billing,low,web-form,Open,,6,733,48h,$76.49,bug;mobile,Issue reproduced on a mobile device.
TKT-01298,2024-01-22 19:54:00,Micah Chen,micah.chen75@company.co,0028-15769130,Cape Town,Cobalt Enterprise,Refund,low,PHONE,resolved,Standard,4,1798,,$63.03,login;password,Customer requested an update after the first response.
TKT-00243,09/12/2025 08:29,Cameron Okafor,cameron.okafor58@company.co,+44 7171 593578,Glasgow,Lumen Starter,Security,urgent,Social Media,pending_customer,Premium,,unknown,41.1,106.77,product question,
TKT-02653,2025/05/21,Micah Petrov,micah.petrov76@example.com,+44 7962 579517,Berlin,Lumen Starter,Refund,Low,PHONE,Closed,Standard,,,23.7,107.09,"billing,invoice",Customer mentioned a previous unresolved ticket.
TKT-00113,2024/02/11,Drew Larsen,drew.larsen@outlook.com,892.740.5934,Amsterdam,Vertex Analytics,Refund,MEDIUM,email,Closed,Standard,0,,,82.31,delivery | late,Customer mentioned a previous unresolved ticket.
TKT-00444,2024/12/15,Skyler Fischer,skyler.fischer14@mailbox.org,+1 (478) 800-4268,New York,Atlas Pro,Technical Issue,Medium,social,Pending Customer,Standard,6,,48h,74.1,account;security;urgent,Escalated to the specialist queue.
TKT-00710,2025-10-17 18:21:00,Arden Wilson,arden.wilson@mailbox.org,+44 7401 292750,Amsterdam,Orchid Plus,Security,high,social,Escalated,Enterprise,5,1231,79.6,172.31,account;security;urgent,Customer supplied screenshots.
TKT-00078,04-Aug-2024,Drew Ibrahim,drew.ibrahim44@outlook.com,116.227.3588,Seattle,Orchid Plus,Billing,high,Social Media,Escalated,Enterprise, four,1412,48h,62.55,refund,Issue reproduced on a mobile device.
TKT-02185,10/08/2025 18:07,Riley Meyer,riley.meyer@gmail.com,+1 (293) 915-8192,London,Cobalt Enterprise,Subscription,High,email,Closed,,1,,,0,login;password,Customer requested an update after the first response.
TKT-02532,2024-05-09 03:13:00,Blake Sullivan,blake.sullivan48@company.co,,Seattle,Mosaic Team,Billing,MEDIUM,Email,resolved,Premium,2,unknown,,28.05,product question,Customer mentioned a previous unresolved ticket.
TKT-01775,2024/04/19,Alexis Morris,alexis.morris81@example.com,611.122.9575,,Mosaic Team,Security,urgent,web-form,resolved,Free,2,,66.7,38.16,,Escalated to the specialist queue.
TKT-01173,29-Oct-2024,Tatum Morales,tatum.morales@gmail.com,+44 7432 814096,Manchester,Orchid Plus,Product Question,high,social,Closed,premium,2,1353,,84.73,feature-request,Follow-up required next business day.
TKT-00061,07-Nov-2025,Alexis Novak,alexis.novak@example.com,+44 7250 876513, BERLIN ,Vertex Analytics,Security,low,Social Media,Resolved,premium,1,,48h,52.65,feature-request,Follow-up required next business day.
TKT-02681,05/02/2025 11:01,Micah Okafor,micah.okafor@mailbox.org,0098-59057107,Berlin,Atlas Pro,Product Question,high,Live Chat,Open,Free,4,unknown,8.2,116.35,,Customer requested an update after the first response.
TKT-01022,14-Sep-2024,Sage Ibrahim,sage.ibrahim@outlook.com,0010-47108532,Melbourne,Mosaic Team,Security,Urgent,Web Form,resolved,,0,434,,47.45,"billing,invoice",Follow-up required next business day.
TKT-01531,2025-12-22 02:41:00,Devon Okafor,devon.okafor@company.co,,Singapore,Vertex Analytics,Delivery,low,email,Resolved,Free,5,,,86.75,login;password,Customer requested an update after the first response.
TKT-00995,2025/08/15,Rowan Novak,rowan.novak94@outlook.com,0080-35864530,,Cobalt Enterprise,Product Question,Low,chat,Escalated,premium, four,1477,48h,23.91,bug;mobile,Customer supplied screenshots.
TKT-01992,2024-06-15 11:39:00,Sage Parker,sage.parker79@company.co,,New York,Cobalt Enterprise,Subscription,Urgent,Social Media,OPEN,premium,0,-5,48h,$120.49,refund,Follow-up required next business day.
TKT-00336,2025/08/22,Riley Larsen,riley.larsen27@company.co,0071-46097873,Manchester,Cobalt Enterprise,Technical Issue,MEDIUM,Email,Pending Customer,Enterprise,5,-5,,70.91,feature-request,Escalated to the specialist queue.
TKT-00785,2025-06-06 17:38:00,Rowan Ahmed,rowan.ahmed@company.co,+44 7376 911910, BERLIN ,Cobalt Enterprise,Security,low,chat,pending_customer,Enterprise,3,1470,73.0,109.79,feature-request,Follow-up required next business day.
TKT-01405,2025/09/26,Skyler Petrov,skyler.petrov@mailbox.org,0060-72563890,Dublin,Mosaic Team,Security,High,web-form,pending_customer,Free, four,-5,48h,133.78,refund,Follow-up required next business day.
TKT-01381,25-Nov-2024,Hayden Hansen,hayden.hansen@company.co,,Cape Town,Nimbus Basic,Technical Issue,urgent,web-form,Closed,,,,-1,116.29,BILLING;invoice,Customer requested an update after the first response.
TKT-02204,2024-08-26 12:43:00,Avery Chen,avery.chen@mailbox.org,+1 (903) 940-3653,,Orchid Plus,Delivery,High,Web Form,pending_customer,,0,280,-1,$7.87,bug;mobile,Customer mentioned a previous unresolved ticket.
TKT-01337,02/07/2024 03:43,Riley Okafor,riley.okafor@outlook.com,+1 (331) 307-2842,Toronto,Vertex Analytics,Billing,high,Social Media,Resolved,Premium,6,144,63.2,45.26,"billing,invoice",No additional context provided.
TKT-02205,01/03/2026 09:33,Robin Walker,robin.walker@outlook.com,529.539.1122,Amsterdam,Nimbus Basic,Account Access,MEDIUM,Live Chat,Open,premium, four,593,-1,$26.40,bug;mobile,Escalated to the specialist queue.
TKT-00251,2025/02/01,Reese Novak,reese.novak@outlook.com,935.403.4586,Dublin,Harbor Essentials,Product Question,high,Email,resolved,Standard,3,582,71.8,9.65,"billing,invoice",No additional context provided.
TKT-00751,23-Sep-2025,Hayden Ibrahim,hayden.ibrahim15@gmail.com,612.525.3316,Dublin,Harbor Essentials,Technical Issue,Urgent,web-form,pending_customer,,5,220,-1,28.22,bug;mobile,Customer requested an update after the first response.
TKT-00440,24-Mar-2026,Skyler Larsen,skyler.larsen@mailbox.org,+44 7139 524170,,Orchid Plus,Technical Issue,Urgent,Phone,Resolved,Standard,2,,-1,$75.94,product question,Follow-up required next business day.
TKT-02062,08-Sep-2024,Taylor Hansen,taylor.hansen@example.com,+1 (765) 666-2815,New York,Lumen Starter,Refund,MEDIUM,Social Media,Pending Customer,,,141,48h,71.44,,No additional context provided.
TKT-00569,21-Mar-2025,Jamie Bennett,jamie.bennett@gmail.com,+1 (655) 474-8785,,Lumen Starter,Security,low,Live Chat,Escalated,,6,unknown,2.3,0,refund,
TKT-02030,2026-03-27 14:39:00,Riley Sullivan,riley.sullivan75@mailbox.org,234.777.7311,Singapore,Atlas Pro,Delivery,Medium,Social Media,Open,Enterprise,0,1287,16.9,$51.96,BILLING;invoice,
TKT-00775,28-Jan-2026,Reese Morales,,839.331.9266,Dublin,Atlas Pro,Account Access,MEDIUM,web-form,resolved,Standard,5,unknown,-1,113.2,"billing,invoice",Follow-up required next business day.
TKT-02059,2024/07/23,Riley Petrov,riley.petrov95@example.com,,London,Vertex Analytics,Account Access,urgent,Social Media,Open,Premium,4,unknown,48h,93.44,bug;mobile,
TKT-01969,24-May-2024,Avery Singh,avery.singh@gmail.com,+44 7622 514601,Dublin,Nimbus Basic,Product Question,MEDIUM,Social Media,Resolved,Standard,5,141,91.5,68.28,"billing,invoice",No additional context provided.
TKT-01787,2024/01/29,Marley Petrov,marley.petrov@company.co,+1 (920) 931-6959,Cape Town,Cobalt Enterprise,Security,urgent,email,OPEN,Premium,1,186,70.3,61.99,,Escalated to the specialist queue.
TKT-01545,2025/08/04,Drew Santos,drew.santos@company.co,0024-99526683,Cape Town,Lumen Starter,Subscription,high,Web Form,pending_customer,,0,-5,48h,45.88,refund,
TKT-01258,06/03/2026 10:07,Hayden Morris,hayden.morris@outlook.com,0075-56988543,Manchester,Nimbus Basic,Product Question,high,Social Media,pending_customer,Free,5,unknown,48h,102.05,login;password,Customer requested an update after the first response.
TKT-00756,2025-09-03 10:24:00,Alexis Kowalski,alexis.kowalski63@mailbox.org,+1 (416) 738-1877,Amsterdam,Nimbus Basic,Subscription,MEDIUM,Social Media,Resolved,, four,714,,223.78,bug;mobile,Customer mentioned a previous unresolved ticket.
TKT-01159,2025-10-06 19:35:00,Casey Diaz,casey.diaz@outlook.com,0047-95701390,Bristol,Harbor Essentials,Account Access,Medium,Live Chat,Escalated,,5,-5,47.4,$133.00,,Customer requested an update after the first response.
TKT-00014,2024/09/06,Jamie Turner,jamie.turner@example.com,,Amsterdam,Lumen Starter,Feature Request,urgent,Web Form,Closed,Enterprise,6,unknown,-1,0,delivery | late,
TKT-01658,04/15/2026 23:47,Skyler Wilson,skyler.wilson@mailbox.org,0026-50171869,Birmingham,Nimbus Basic,Feature Request,high,PHONE,Resolved,,5,1639,42.6,151.47,refund,Customer mentioned a previous unresolved ticket.
TKT-02009,11/10/2024 03:08,Sage Wilson,sage.wilson67@example.com,+44 7429 264380,Leeds,Vertex Analytics,Feature Request,Medium,email,Closed,Enterprise,2,unknown,48h,115.26,,Customer mentioned a previous unresolved ticket.
TKT-01171,2024/12/06,Riley Grant,riley.grant@company.co,631.971.6636,Dublin,Cobalt Enterprise,Subscription,Urgent,PHONE,Closed,Standard,3,1413,48h,120.74,delivery | late,
TKT-02437,02-Dec-2024,Jamie Turner,jamie.turner@outlook.com,,Bristol,Harbor Essentials,Refund,High,chat,resolved,premium,0,1205,,71.77,"billing,invoice",Customer requested an update after the first response.
TKT-01213,2025-07-22 17:56:00,Riley Fischer,riley.fischer6@mailbox.org,0064-16761335,New York,Mosaic Team,Billing,Low,chat,OPEN,, four,285,-1,39.49,account;security;urgent,Customer supplied screenshots.
TKT-02036,30-Mar-2026,Marley Bennett,marley.bennett@outlook.com,0064-31138871,Austin,Nimbus Basic,Feature Request,low,chat,resolved,Enterprise,,,52.0,230.78,feature-request,
TKT-00566,2026-04-22 15:36:00,Micah Kowalski,micah.kowalski@mailbox.org,+1 (713) 824-7313,Dublin,Orchid Plus,Feature Request,High,Web Form,Escalated,,2,unknown,-1,56.56,refund,Issue reproduced on a mobile device.
TKT-02570,2025-02-11 23:00:00,Jamie Parker,jamie.parker@company.co,,New York,Vertex Analytics,Product Question,low,Email,Escalated,Enterprise,4,unknown,48h,66.1,feature-request,Escalated to the specialist queue.
TKT-02048,10-Sep-2025,Micah Sullivan,micah.sullivan62@mailbox.org,+1 (672) 557-9210,Berlin,Harbor Essentials,Refund,Urgent,Social Media,Resolved,Enterprise,0,-5,,78.49,,Customer requested an update after the first response.
TKT-00345,2025/02/03,Rowan Carter,rowan.carter11@company.co,+1 (965) 742-7048,Melbourne,Orchid Plus,Security,Medium,Live Chat,OPEN,Standard,6,,-1,53.09,refund,
TKT-00652,01/26/2026 01:21,Parker Petrov,parker.petrov70@outlook.com,0069-82542655,Dublin,Harbor Essentials,Product Question,low,Email,Resolved,,5,,,140.96,feature-request,Customer mentioned a previous unresolved ticket.
TKT-00664,05-Jan-2025,Parker Santos,parker.santos43@example.com,+1 (338) 845-5713,London,Mosaic Team,Account Access,Low,Email,Escalated,,,unknown,48h,49.11,,Customer supplied screenshots.
TKT-01627,2025/09/23,Skyler Turner,skyler.turner73@outlook.com,,Manchester,Vertex Analytics,Feature Request,Medium,chat,Open,premium, four,-5,9.2,54.4,,
TKT-02733,22-Nov-2025,Shawn Chen,shawn.chen@example.com,+44 7574 865958,Toronto,Orchid Plus,Refund,MEDIUM,social,resolved,premium,1,,,109.96,login;password,Follow-up required next business day.
TKT-02513,2024/09/26,Quinn Chen,quinn.chen@mailbox.org,+1 (267) 490-3402,,Lumen Starter,Account Access,Medium,PHONE,Resolved,Free,0,unknown,48h,109.19,delivery | late,Customer requested an update after the first response.
TKT-02372,05/21/2024 20:42,Hayden Santos,hayden.santos@gmail.com,387.697.4703,Berlin,Nimbus Basic,Security,urgent,Live Chat,resolved,Enterprise,,-5,-1,48.84,,
TKT-02688,04/26/2024 22:49,Morgan Santos,morgan.santos@example.com,441.214.5333,Cape Town,Mosaic Team,Security,MEDIUM,Phone,OPEN,premium,1,1500,,0,"billing,invoice",
TKT-01473,2025/07/30,Alexis Meyer,alexis.meyer@gmail.com,,Leeds,Nimbus Basic,Delivery,MEDIUM,Social Media,resolved,Enterprise,5,651,-1,71.63,delivery | late,
TKT-02341,2025-02-22 21:37:00,Rowan Fischer,rowan.fischer@example.com,,London,Harbor Essentials,Subscription,High,chat,Pending Customer,premium,5,1110,-1,$117.44,BILLING;invoice,Customer requested an update after the first response.
TKT-00082,23-Aug-2025,Micah Ahmed,micah.ahmed40@example.com,N/A,Berlin,Nimbus Basic,Billing,MEDIUM,chat,Closed,premium,3,25,48h,98.64,refund,Customer supplied screenshots.
TKT-01127,01/11/2024 16:11,Sage Novak,sage.novak@example.com,+44 7831 583657,Cape Town,Cobalt Enterprise,Security,low,Social Media,Escalated,premium,2,-5,-1,95.64,product question,Customer mentioned a previous unresolved ticket.
TKT-01409,2024/11/21,Micah Turner,micah.turner @mailbox.org,0033-69829814,Toronto,Cobalt Enterprise,Security,low,Social Media,Pending Customer,,5,unknown,48.5,61.25,,Escalated to the specialist queue.
TKT-00026,2024/07/12,Parker Morris,parker.morris@gmail.com,704.439.2644,Austin,Mosaic Team,Refund,urgent,web-form,Resolved,premium,,1481,,85.1,refund,Escalated to the specialist queue.
TKT-01334,2025-01-10 22:03:00,Rowan Parker,rowan.parker6@outlook.com,0043-27473481,Singapore,Harbor Essentials,Security,Low,social,Closed,Free,2,1632,48h,160.99,BILLING;invoice,No additional context provided.
TKT-00157,01-Dec-2024,Micah Parker,micah.parker67@example.com,0040-15909601,Austin,Harbor Essentials,Technical Issue,low,Phone,Pending Customer,Premium,1,,48h,181.62,bug;mobile,Follow-up required next business day.
TKT-00979,09/29/2025 21:53,Taylor Fischer,taylor.fischer98@mailbox.org,0065-95115640,Toronto,Cobalt Enterprise,Refund,low,chat,Pending Customer,Free,1,,-1,0,,No additional context provided.
TKT-01728,2026-03-10 02:21:00,Reese  Kim,reese.kim@company.co,+1 (991) 512-5667,Seattle,Mosaic Team,Feature Request,Medium,chat,Resolved,premium,3,-5,48h,123.44,,Issue reproduced on a mobile device.
TKT-01845,01/15/2024 04:49,Rowan Novak,rowan.novak@example.com,,New York,Nimbus Basic,Product Question,urgent,Email,resolved,,2,1277,48h,87.79,product question,
TKT-02078,02/11/2026 17:21,Rowan Morris,rowan.morris81@company.co,0082-91080371,Glasgow,Nimbus Basic,Subscription,High,social,resolved,,2,569,-1,145.21,product question,Issue reproduced on a mobile device.
TKT-02064,2024-03-28 13:43:00,Hayden Ibrahim,hayden.ibrahim@company.co,793.157.1839,Berlin,Vertex Analytics,Feature Request,Low,Email,OPEN,Standard,1,unknown,,73.32,,Customer requested an update after the first response.
TKT-02006,02/17/2025 16:28,Riley Okafor,riley.okafor3@outlook.com,0089-83833919,Leeds,Atlas Pro,Subscription,high,email,Escalated,,6,unknown,48h,90.73,"billing,invoice",Customer requested an update after the first response.
TKT-01366,06/14/2026 04:03,Taylor Hughes,taylor.hughes28@example.com,,London,Atlas Pro,Refund,low,chat,Resolved,Free,5,1005,41.8,70.28,account;security;urgent,Customer requested an update after the first response.
TKT-01659,09-Mar-2024,Sage Reed,sage.reed @company.co,0014-39842786,Cape Town,Mosaic Team,Product Question,urgent,Live Chat,OPEN,,1,unknown,18.7,23.64,login;password,Escalated to the specialist queue.
TKT-00840,2026/03/05,Avery Ahmed,avery.ahmed@mailbox.org,0075-88330410,Leeds,Lumen Starter,Feature Request,urgent,Phone,Escalated,, four,-5,-1,67.23,bug;mobile,No additional context provided.
TKT-00660,2026/01/22,Micah Walker,micah.walker82@company.co,+44 7594 325242,Birmingham,Lumen Starter,Delivery,Low,Live Chat,Pending Customer,Standard,6,-5,44.3,71.06,delivery | late,Follow-up required next business day.
TKT-00711,2026-05-29 00:10:00,Rowan Kim,rowan.kim@mailbox.org,289.254.1738,London,Atlas Pro,Billing,High,social,resolved,Enterprise,6,-5,,90.61,,
TKT-02644,2024-04-04 14:38:00,Alexis Turner,alexis.turner@outlook.com,+1 (694) 787-7824,Dublin,Harbor Essentials,Account Access,Low,social,resolved,Enterprise,4,,,43.14,login;password,Customer supplied screenshots.
TKT-02726,2024/11/18,Skyler Kowalski,skyler.kowalski@example.com,119.741.1140,Dublin,Nimbus Basic,Product Question,Low,Social Media,Closed,premium,2,1125,48h,79.2,bug;mobile,
TKT-01939,2025-10-30 07:50:00,Sage Kowalski,sage.kowalski@outlook.com,274.452.1465,,Orchid Plus,Product Question,high,Live Chat,Escalated,,5,1423,11.8,138.72,login;password,Customer requested an update after the first response.
TKT-02399,2024/02/24, avery carter ,avery.carter@company.co,616.891.9062,Glasgow,Mosaic Team,Billing,urgent,PHONE,resolved,,3,-5,26.0,90.4,BILLING;invoice,Follow-up required next business day.
TKT-00137,10/10/2025 14:49,Reese Bennett,,+44 7704 725173,New York,Cobalt Enterprise,Subscription,Urgent,Email,OPEN,Premium,6,695,,35.92,delivery | late,
TKT-00212,2025/03/28,Skyler Diaz,skyler.diaz20@example.com,001-42925764,Leeds,Mosaic Team,Security,high,PHONE,resolved,Free,3,,-1,141.46,delivery | late,
TKT-01315,01/26/2024 23:58,Devon Larsen,DEVON.LARSEN55@OUTLOOK.COM,+44 7130 918305,Berlin,Mosaic Team,Billing,MEDIUM,PHONE,pending_customer,Standard,5,1609,48h,79.57,,
TKT-00095,24-May-2026,Blake Morris,blake.morris74@company.co,143.533.2283,London,Mosaic Team,Technical Issue,high,Phone,Pending Customer,premium,3,,30.8,57.43,account;security;urgent,Escalated to the specialist queue.
TKT-01413,2024/08/18,Skyler Walker,SKYLER.WALKER@OUTLOOK.COM,,Austin,Vertex Analytics,Product Question,Low,Phone,Closed,premium,5,484,-1,104.07,account;security;urgent,Customer supplied screenshots.
TKT-01079,2024/02/03,Reese Petrov,reese.petrov@example.com,+1 (523) 822-8648,Amsterdam,Atlas Pro,Feature Request,low,Live Chat,Escalated,Free,0,,,161.54,refund,Follow-up required next business day.
TKT-00940,25-Nov-2025,Taylor Ahmed,taylor.ahmed@gmail.com,,Dublin,Mosaic Team,Product Question,low,PHONE,Resolved,Standard,2,-5,-1,47.98,,
TKT-02231,26-Apr-2024,Taylor Walker,taylor.walker@company.co,+44 7734 143903,Glasgow,Harbor Essentials,Delivery,Low,Web Form,Pending Customer,Free, four,-5,-1,41.35,,Customer requested an update after the first response.
TKT-01085,2024/09/12,Sage Parker,sage.parker@outlook.com,+44 7061 793128,Toronto,Cobalt Enterprise,Security,Urgent,Web Form,Escalated,,4,-5,-1,100.01,,Escalated to the specialist queue.
TKT-02360,2024-08-29 15:33:00,Jordan Kim,jordan.kim92@company.co,,Bristol,Atlas Pro,Refund,Urgent,email,Pending Customer,,6,unknown,42.2,101.48,,Escalated to the specialist queue.
TKT-01553,06/28/2025 10:34,Emerson Sullivan,emerson.sullivan@mailbox.org,+44 7830 370051,Dublin,Nimbus Basic,Account Access,Medium,Phone,resolved,Premium,5,-5,-1,30.71,feature-request,Customer mentioned a previous unresolved ticket.
TKT-00782,2024/01/30,Tatum Hansen,tatum.hansen@mailbox.org,0052-91468439,Seattle,Mosaic Team,Account Access,Urgent,web-form,pending_customer,premium,0,-5,-1,5.56,login;password,Issue reproduced on a mobile device.
TKT-02660,06/11/2025 00:21,Hayden Walker,hayden.walker31@outlook.com,+1 (337) 360-7050,Leeds,Vertex Analytics,Account Access,high,Live Chat,Open,premium,5,-5,-1,109.43,,No additional context provided.
TKT-01050,28-Sep-2024,Drew Okafor,drew.okafor@company.co,+44 7735 413820,Toronto,Orchid Plus,Feature Request,urgent,Phone,Closed,Enterprise,5,-5,-1,154.91,product question,Customer supplied screenshots.
TKT-01071,2025/12/27,Quinn Parker,quinn.parker @mailbox.org,+44 7311 828512,,Cobalt Enterprise,Feature Request,high,Phone,Open,premium,4,unknown,,$76.42,account;security;urgent,Customer requested an update after the first response.
TKT-01722,11/23/2024 13:22,Casey  Nguyen,casey.nguyen@company.co,0037-29658223,Melbourne,Mosaic Team,Billing,MEDIUM,Web Form,Open,, four,unknown,-1,64.72,login;password,
TKT-01811,10/06/2024 12:21,Kendall Singh,kendall.singh@mailbox.org,N/A,Cape Town,Orchid Plus,Account Access,High,web-form,resolved,Premium,0,-5,-1,52.43,"billing,invoice",No additional context provided.
TKT-00899,05-Feb-2026,Emerson Morris,emerson.morris@outlook.com,+1 (687) 912-6795,Amsterdam,Cobalt Enterprise,Technical Issue,high,Web Form,Escalated,,2,851,-1,145.36,product question,No additional context provided.
TKT-02459,25-Sep-2024,Kendall Grant,kendall.grant@gmail.com,N/A,Berlin,Vertex Analytics,Product Question,low,Email,Closed,,0,1616,22.6,106.48,,Follow-up required next business day.
TKT-02541,2024/11/15,Marley Singh,marley.singh@company.co,+44 7310 394192,london,Cobalt Enterprise,Account Access,high,web-form,OPEN,Enterprise,,71,48h,$39.97,BILLING;invoice,Issue reproduced on a mobile device.
TKT-02519,02/12/2024 20:28,Sage Hansen,sage.hansen@company.co,+1 (372) 439-7157,Leeds,Nimbus Basic,Subscription,High,social,Escalated,,,-5,,66.36,account;security;urgent,
TKT-01494,2024-07-04 17:34:00,Finley Sullivan,finley.sullivan@mailbox.org,+1 (602) 623-9707,Berlin,Vertex Analytics,Feature Request,MEDIUM,PHONE,Open,premium,0,,,89.15,feature-request,Customer requested an update after the first response.
TKT-01193,06-Jan-2026,Parker Okafor,parker.okafor@company.co,+1 (948) 383-8349, BERLIN ,Vertex Analytics,Subscription,High,chat,pending_customer,,5,,,45.92,delivery | late,No additional context provided.
TKT-00213,03/29/2025 04:58,Micah Bennett,micah.bennett@company.co,,Cape Town,Vertex Analytics,Feature Request,urgent,email,OPEN,, four,-5,48h,,refund,
TKT-02594,05/22/2026 07:56,Casey Hughes,casey.hughes@company.co,+1 (216) 895-1879,Cape Town,Lumen Starter,Refund,High,Email,Pending Customer,Enterprise, four,,48h,82.19,refund,Customer supplied screenshots.
TKT-00170,10-Feb-2024,Robin Fischer,robin.fischer@outlook.com,297.125.4907,Manchester,Mosaic Team,Technical Issue,Urgent,web-form,pending_customer,,0,unknown,-1,,feature-request,Customer requested an update after the first response.
TKT-00189,2024-10-17 15:35:00,Alexis Diaz,alexis.diaz@outlook.com,+1 (638) 393-2140,Dublin,Cobalt Enterprise,Delivery,high,Live Chat,Escalated,,0,1350,-1,32.43,"billing,invoice",Customer supplied screenshots.
TKT-01121,05-Feb-2026,Cameron Brooks,cameron.brooks89@outlook.com,870.586.1917,Singapore,Harbor Essentials,Product Question,high,PHONE,pending_customer,premium,4,1209,,139.8,delivery | late,Escalated to the specialist queue.
TKT-00090,17-May-2025,Morgan Carter,morgan.carter @mailbox.org,,Leeds,Orchid Plus,Security,urgent,email,Pending Customer,,3,-5,82.7,107.23,,Issue reproduced on a mobile device.
TKT-02547,2024/10/04,Morgan Okafor,morgan.okafor24@outlook.com,375.769.1506,Melbourne,Nimbus Basic,Product Question,Low,Web Form,resolved,Premium,0,unknown,48h,3.23,"billing,invoice",
TKT-00277,2026/01/29,Taylor Petrov,taylor.petrov4@mailbox.org,+44 7155 815520,Melbourne,Vertex Analytics,Delivery,Medium,Phone,pending_customer,Free,3,1473,48h,89.95,refund,Escalated to the specialist queue.
TKT-00172,2026/05/06,Micah Carter,micah.carter@company.co,+1 (372) 913-7060,london,Orchid Plus,Delivery,High,Social Media,pending_customer,Enterprise,6,1594,-1,,"billing,invoice",No additional context provided.
TKT-01328,2024-02-20 05:15:00,Sage Santos,sage.santos@example.com,0099-27663256,Dublin,Orchid Plus,Subscription,High,web-form,Pending Customer,Premium,5,1219,,$71.08,delivery | late,Customer requested an update after the first response.
TKT-02157,30-Mar-2026,Micah Petrov,micah.petrov35 @example.com,,london,Orchid Plus,Security,Urgent,Social Media,Closed,Premium,5,651,62.4,$58.36,bug;mobile,Escalated to the specialist queue.
TKT-01154,2025/10/31,Tatum Singh,tatum.singh@example.com,,Bristol,Cobalt Enterprise,Subscription,Urgent,Social Media,Open,,6,,91.7,6.23,BILLING;invoice,Follow-up required next business day.
TKT-00636,2026-02-17 11:14:00,Robin Chen,robin.chen@example.com,0065-74636286,Melbourne,Harbor Essentials,Billing,high,chat,Escalated,Standard,5,284,-1,0,account;security;urgent,Customer mentioned a previous unresolved ticket.
TKT-00041,2024/12/15,Quinn Kim,quinn.kim@mailbox.org,+44 7038 794083,Amsterdam,Lumen Starter,Subscription,Urgent,email,pending_customer,Enterprise,6,unknown,48h,119.62,,No additional context provided.
TKT-00948,05/19/2025 17:43,Reese Diaz,reese.diaz@company.co,304.290.1551,Melbourne,Mosaic Team,Delivery,Urgent,Email,Pending Customer,Standard,5,,15.0,40.95,bug;mobile,Customer requested an update after the first response.
TKT-01663,03-May-2025,Reese Petrov,reese.petrov88@gmail.com,+44 7740 147330,Manchester,Orchid Plus,Technical Issue,MEDIUM,chat,Escalated,premium,5,98,-1,0,feature-request,Follow-up required next business day.
TKT-01386,2024-09-01 05:29:00,Taylor Diaz,taylor.diaz@company.co,+1 (383) 260-7135,London,Atlas Pro,Account Access,Low,web-form,OPEN,Enterprise,5,,48h,95.46,product question,No additional context provided.
TKT-00158,27-Apr-2024,Alexis Larsen,alexis.larsen@company.co,+1 (921) 490-5011,Dublin,Nimbus Basic,Subscription,High,Live Chat,pending_customer,Free,,1385,36.9,105.06,product question,
TKT-02512,2026/03/10,Robin Wilson,robin.wilson@company.co,188.766.7598,Dublin,Mosaic Team,Account Access,Medium,social,pending_customer,Enterprise,2,unknown,48h,109.1,"billing,invoice",Follow-up required next business day.
TKT-00705,2026-02-23 21:57:00,Blake Morris,blake.morris@mailbox.org,N/A,Berlin,Lumen Starter,Subscription,high,PHONE,Closed,,2,50,48h,0,feature-request,Customer supplied screenshots.
TKT-02072,30-May-2025,Jamie Morales,jamie.morales@example.com,+1 (911) 376-6334,Seattle,Mosaic Team,ACCOUNT_ACCESS,urgent,chat,Escalated,Free,3,458,-1,146.99,bug;mobile,Customer requested an update after the first response.
TKT-01983,04/13/2024 09:43,Jamie Patel,jamie.patel@company.co,+44 7112 520872,Toronto,Cobalt Enterprise,Refund,High,social,Resolved,,5,1316,48h,44.53,feature-request,Issue reproduced on a mobile device.
TKT-01340,2024/12/22,Taylor Parker,taylor.parker@example.com,0070-96966499,London,Vertex Analytics,Technical Issue,Medium,Social Media,Resolved,Free,0,1061,-1,88.37,bug;mobile,Follow-up required next business day.
TKT-00223,2024-06-30 23:47:00,Avery Patel,,+44 7196 194336,,Harbor Essentials,Account Access,Urgent,social,Pending Customer,Free,5,unknown,,$116.74,BILLING;invoice,Customer mentioned a previous unresolved ticket.
TKT-00268,04/28/2024 00:02,Jamie Meyer,jamie.meyer@company.co,0038-53571790,Amsterdam,Cobalt Enterprise,Product Question,Urgent,social,OPEN,Standard,5,363,51.7,0.34,BILLING;invoice,No additional context provided.
TKT-00238,01/11/2024 08:33,Taylor Turner,taylor.turner42@mailbox.org,+44 7730 558986,Glasgow,Vertex Analytics,Billing,Urgent,PHONE,Resolved,,6,,-1,89.25,login;password,No additional context provided.
TKT-00467,2024/03/17,Sage Okafor,sage.okafor34@outlook.com,144.937.2548,Glasgow,Orchid Plus,Technical Issue,Low,Phone,Open,Enterprise,1,927,65.5,112.78,delivery | late,
TKT-02528,2025-06-27 01:54:00,Parker Kowalski,parker.kowalski@mailbox.org,795.604.2853,Amsterdam,Orchid Plus,Billing,Medium,Email,pending_customer,,2,unknown,-1,112.38,BILLING;invoice,
TKT-02667,10/06/2025 00:18,Blake Nguyen,blake.nguyen@company.co,629.591.9999,Singapore,Vertex Analytics,Refund,MEDIUM,social,Escalated,Standard,1,700,-1,125.65,delivery | late,
TKT-02577,10/13/2024 09:09,Emerson Okafor,emerson.okafor67@mailbox.org,+1 (921) 548-3709,,Nimbus Basic,Delivery,urgent,web-form,Resolved,Enterprise,6,595,48h,159.53,refund,Follow-up required next business day.
TKT-00407,2025/07/17,Casey Diaz,casey.diaz88@mailbox.org,+1 (582) 761-7471,Dublin,Nimbus Basic,Delivery,Low,Email,Resolved,Premium,,1710,68.8,20.28,refund,Follow-up required next business day.
TKT-00969,2024-04-23 06:16:00,Reese Turner,reese.turner22@company.co,+1 (417) 842-8711,Birmingham,Atlas Pro,Refund,MEDIUM,social,Open,,6,912,34.2,76.79,product question,Follow-up required next business day.
TKT-02273,2024/06/24,Micah Grant,micah.grant@example.com,+44 7283 548804,Amsterdam,Cobalt Enterprise,Feature Request,Low,email,Closed,Free,1,,-1,41.84,BILLING;invoice,Escalated to the specialist queue.
TKT-02339,04/10/2025 23:45,Skyler Kim,skyler.kim@mailbox.org,0027-70723656,Dublin,Orchid Plus,Account Access,Urgent,social,Closed,, four,unknown,65.1,79.39,bug;mobile,Issue reproduced on a mobile device.
TKT-00770,2024/06/26,Emerson Grant,emerson.grant@mailbox.org,,London,Vertex Analytics,Subscription,high,PHONE,OPEN,premium,5,,48h,178.68,bug;mobile,
TKT-00005,2026/06/18,Parker Carter,parker.carter@mailbox.org,,Amsterdam,Nimbus Basic,Refund,Low,social,Escalated,premium,4,1548,-1,66.12,,
TKT-01070,09/12/2025 03:05,Milan Ahmed,,+44 7231 951762, BERLIN ,Lumen Starter,Technical Issue,Low,Social Media,Resolved,, four,unknown,48h,98.06,product question,No additional context provided.
TKT-02049,2025/10/22,Jamie Fischer,jamie.fischer69@mailbox.org,+1 (890) 787-4853,Amsterdam,Vertex Analytics,Security,urgent,web-form,Escalated,Premium,3,-5,48h,60.97,product question,
TKT-00593,05-Oct-2024,Kendall Ahmed,KENDALL.AHMED@GMAIL.COM,581.518.2292,Manchester,Orchid Plus,Technical Issue,Medium,social,Open,Premium,5,1476,,105.34,feature-request,
TKT-02151,2025-09-30 07:23:00,Blake Santos,blake.santos@outlook.com,,Austin,Lumen Starter,Delivery,Medium,web-form,pending_customer,,5,,24.1,69.33,product question,No additional context provided.
TKT-02073,05-Feb-2024,Skyler Santos,skyler.santos99@mailbox.org,,Toronto,Atlas Pro,Technical Issue,Urgent,social,pending_customer,,3,18,48h,83.88,refund,Issue reproduced on a mobile device.
TKT-01067,2024-10-22 22:06:00,Casey Turner,casey.turner92@company.co,463.796.1855,Singapore,Lumen Starter,Billing,Urgent,chat,Escalated,Enterprise, four,1069,-1,7.79,,Customer mentioned a previous unresolved ticket.
TKT-02015,2024/05/25,Hayden Fischer,hayden.fischer@mailbox.org,+44 7154 936237,Amsterdam,Cobalt Enterprise,Security,Urgent,social,Closed,, four,1237,48h,124.62,delivery | late,Issue reproduced on a mobile device.
TKT-00872,2025-03-30 14:27:00,Tatum Novak,tatum.novak95@gmail.com,451.608.2448,Austin,Mosaic Team,Account Access,low,Email,resolved,Enterprise,1,-5,-1,35.09,refund,Customer requested an update after the first response.
TKT-00878,2025-04-12 12:01:00,Emerson Fischer,emerson.fischer@example.com,0070-16373472,London,Orchid Plus,Feature Request,High,email,Pending Customer,Free,5,-5,-1,91.31,feature-request,No additional context provided.
TKT-02434,2025/12/05,Avery Morris,avery.morris@outlook.com,790.228.5135,Toronto,Mosaic Team,Technical Issue,Medium,PHONE,pending_customer,Enterprise,2,unknown,-1,69.41,,
TKT-02367,26-Mar-2026,Riley Morales,riley.morales74@company.co,,Austin,Harbor Essentials,Product Question,Urgent,Social Media,pending_customer,premium,5,,34.8,49.53,feature-request,No additional context provided.
TKT-00757,05/18/2026 01:32,Cameron Turner,cameron.turner@company.co,+44 7795 449079,Austin,Nimbus Basic,Subscription,low,Live Chat,Pending Customer,Premium,6,1124,48h,106.13,BILLING;invoice,Customer supplied screenshots.
TKT-00845,15-Oct-2025,Jamie Turner,jamie.turner@mailbox.org,740.724.2083,New York,Orchid Plus,Security,urgent,Live Chat,Pending Customer,Enterprise, four,32,14.3,88.15,BILLING;invoice,Customer supplied screenshots.
TKT-01862,24-Mar-2024,Micah Turner,micah.turner32@example.com,,London,Lumen Starter,Account Access,low,web-form,resolved,,6,,48h,123.59,delivery | late,
TKT-02133,20-Jun-2025,Quinn Singh,quinn.singh@outlook.com,145.385.2629,Berlin,Atlas Pro,Delivery,urgent,chat,Pending Customer,Free,0,682,,116.01,"billing,invoice",Customer mentioned a previous unresolved ticket.
TKT-02529,2024-08-22 23:00:00,Hayden Grant,hayden.grant@outlook.com,,Bristol,Mosaic Team,Billing,Low,social,Open,Enterprise,5,771,48h,192.11,account;security;urgent,Customer supplied screenshots.
TKT-00746,2025/10/30,Robin Morris,,+1 (350) 899-2879,Leeds,Orchid Plus,Technical Issue,Urgent,chat,Open,,4,-5,-1,39.08,login;password,
TKT-01069,2026/02/10,Jamie Chen,jamie.chen@gmail.com,+44 7642 153425,London,Nimbus Basic,Subscription,high,Web Form,Open,,6,unknown,,$53.28,,No additional context provided.
TKT-02740,18-May-2025,Alexis Grant,alexis.grant@mailbox.org,+1 (754) 502-4749,Birmingham,Cobalt Enterprise,Product Question,Urgent,web-form,Resolved,Free,5,47,-1,125.97,delivery | late,Follow-up required next business day.
TKT-00278,04-Apr-2026,Riley Novak,riley.novak@outlook.com,191.172.3935,Melbourne,Mosaic Team,Account Access,urgent,email,resolved,Premium,,unknown,,45.99,,Customer requested an update after the first response.
TKT-02004,07-Mar-2026,Riley Okafor,riley.okafor@outlook.com,767.898.6539,Austin,Orchid Plus,Account Access,urgent,social,Open,Free, four,,28.6,62.06,,
TKT-01610,2025-12-02 06:46:00,Emerson Diaz,emerson.diaz@outlook.com,,Seattle,Cobalt Enterprise,Refund,Urgent,Phone,Open,Enterprise,2,,48h,65.12,,Customer supplied screenshots.
TKT-02001,19-Jun-2024,Arden Ibrahim,,,Singapore,Cobalt Enterprise,Feature Request,low,email,Escalated,,1,-5,76.3,41.87,,Customer supplied screenshots.
TKT-02610,2024-11-07 09:03:00,Reese Hughes,reese.hughes@gmail.com,+44 7896 385828,Manchester,Orchid Plus,Security,High,Web Form,Escalated,Standard,0,-5,-1,149.12,"billing,invoice",No additional context provided.
TKT-02144,2026/02/09,Marley Walker,marley.walker@gmail.com,0019-22987056,London,Cobalt Enterprise,Product Question,Low,Web Form,Resolved,Standard,3,,11.4,92.42,bug;mobile,
TKT-00329,09/20/2025 12:40,Blake Chen,blake.chen@outlook.com,+44 7732 969697,New York,Vertex Analytics,Refund,Low,Web Form,Closed,Premium,1,1438,19.3,113.33,login;password,
TKT-02421,2026-02-18 08:39:00,Skyler Carter,skyler.carter@example.com,+1 (782) 591-4648,london,Lumen Starter,Delivery,Low,Phone,Open,, four,unknown,48h,136.6,delivery | late,Follow-up required next business day.
TKT-00292,27-Sep-2024,Devon Chen,devon.chen35@gmail.com,,Seattle,Vertex Analytics,Delivery,Medium,Live Chat,pending_customer,Free,6,unknown,48h,51.88,"billing,invoice",No additional context provided.
TKT-00483,2024/07/11,Jordan Grant,jordan.grant34@example.com,,,Cobalt Enterprise,Technical Issue,urgent,Live Chat,resolved,,4,unknown,88.7,0,refund,Follow-up required next business day.
TKT-00709,01/05/2024 01:05,Drew Nguyen,drew.nguyen@gmail.com,569.388.1471,Austin,Lumen Starter,Refund,High,Web Form,Open,Premium,,unknown,48h,0,bug;mobile,Follow-up required next business day.
TKT-02193,04/30/2024 04:09,Alexis Chen,alexis.chen50@example.com,+44 7816 422834,Leeds,Orchid Plus,Billing,High,Live Chat,Escalated,premium,5,,48h,190.34,product question,No additional context provided.
TKT-02556,05/23/2025T18:36,Taylor Patel,taylor.patel36@gmail.com,440.296.7465,New York,Orchid Plus,Technical Issue,Urgent,Live Chat,Escalated,Standard, four,unknown,-1,108.4,feature-request,
TKT-02700,2024-10-24 11:54:00, quinn santos ,quinn.santos@outlook.com,0070-87109948,,Vertex Analytics,Billing,Urgent,PHONE,Closed,, four,unknown,-1,152.09,login;password,Customer mentioned a previous unresolved ticket.
TKT-01765,03-Jan-2025,Quinn Chen,quinn.chen@mailbox.org,424.935.4517,Leeds,Atlas Pro,Billing,Urgent,Phone,Escalated,Free,5,1479,48h,65.47,feature-request,
TKT-01616,2026-01-27 06:57:00,Casey Ibrahim,casey.ibrahim@example.com,0035-86720483,london,Mosaic Team,Technical Issue,low,Phone,Escalated,,2,1520,4.6,254.62,,No additional context provided.
TKT-00983,2025/06/09,Devon Turner,devon.turner74@gmail.com,+1 (622) 529-3520,Toronto,Nimbus Basic,Feature Request,High,PHONE,Pending Customer,,6,,-1,25.82,account;security;urgent,Customer mentioned a previous unresolved ticket.
TKT-00273,07/16/2025 16:58,Sage Larsen,sage.larsen69@gmail.com,0031-58547818,Amsterdam,Atlas Pro,Account Access,Medium,Phone,OPEN,,3,,,142.97,account;security;urgent,Customer mentioned a previous unresolved ticket.
TKT-01378,10/15/2024 08:28,Finley Walker,finley.walker65@gmail.com,124.776.3078,,Mosaic Team,Product Question,Medium,Live Chat,Escalated,Premium,5,unknown,-1,136.19,account;security;urgent,
TKT-00017,2024/03/11,Jordan Novak,jordan.novak@example.com,,Dublin,Nimbus Basic,Delivery,Medium,Social Media,Open,,2,1679,92.6,23.29,product question,Customer mentioned a previous unresolved ticket.
TKT-00694,11/15/2025 19:43,Avery Kowalski,avery.kowalski51@example.com,,london,Orchid Plus,Billing,Medium,Social Media,OPEN,, four,1057,66.7,$112.88,bug;mobile,
TKT-01644,06/04/2024 18:19,Arden Nguyen,arden.nguyen@example.com,0066-78643782,Birmingham,Orchid Plus,Account Access,Medium,email,Escalated,Premium,6,803,-1,103.88,delivery | late,No additional context provided.
TKT-01778,05/29/2024 05:44,Kendall Sullivan,kendall.sullivan@example.com,402.848.8625,,Cobalt Enterprise,Delivery,urgent,chat,Pending Customer,Free,1,-5,,76.96,product question,Customer supplied screenshots.
TKT-00619,10/13/2024 12:51,Milan Kim,milan.kim@example.com,0073-14363594,Glasgow,Harbor Essentials,Account Access,Medium,Phone,Open,,5,-5,48h,105.46,product question,Follow-up required next business day.
TKT-00535,13-Nov-2025,Hayden Larsen,hayden.larsen@mailbox.org,+1 (906) 446-2270,Melbourne,Lumen Starter,Refund,Urgent,email,Escalated,Enterprise,5,unknown,-1,43.15,refund,
TKT-01530,16-Apr-2026,Rowan Carter,rowan.carter@mailbox.org,,London,Atlas Pro,Account Access,High,Live Chat,Escalated,Free,0,unknown,-1,17.42,"billing,invoice",Customer requested an update after the first response.
TKT-01805,04/01/2026 23:37,Skyler Singh,skyler.singh@example.com,+1 (628) 308-2588,Dublin,Nimbus Basic,Technical Issue,high,social,resolved,,,1656,48h,0,login;password,
TKT-00649,2024/03/04,Emerson Nguyen,emerson.nguyen98@company.co,+1 (836) 962-2162,New York,Mosaic Team,Account Access,Urgent,email,Open,Free,3,,-1,66.3,refund,
TKT-02253,30-Apr-2024,Jordan Diaz,jordan.diaz@outlook.com,,London,Cobalt Enterprise,Product Question,MEDIUM,Web Form,Resolved,Premium,6,548,,0,product question,Escalated to the specialist queue.
TKT-02650,07/04/2025 19:16,Arden Carter,arden.carter@company.co,485.502.7922,Glasgow,Orchid Plus,Billing,MEDIUM,Email,Pending Customer,Premium,5,1781,,128.63,product question,Customer supplied screenshots.
TKT-01797,2025-06-13 10:39:00,Quinn Novak,quinn.novak32@company.co,+44 7401 833882,Bristol,Mosaic Team,Feature Request,high,email,Pending Customer,Enterprise,6,,-1,61.45,feature-request,Customer mentioned a previous unresolved ticket.
TKT-01889,02/26/2024 20:06,Skyler Kim,skyler.kim@company.co,+1 (446) 704-2760,Toronto,Vertex Analytics,Refund,Medium,Phone,pending_customer,Premium,0,1029,48h,52.94,product question,Escalated to the specialist queue.
TKT-00728,2024-03-31 19:46:00,Morgan Novak,morgan.novak32@outlook.com,+1 (491) 689-4985,Leeds,Mosaic Team,Refund,Urgent,Social Media,pending_customer,Premium,5,78,-1,98.12,,Customer requested an update after the first response.
TKT-02368,2025-05-06 12:38:00,Emerson Okafor,emerson.okafor@mailbox.org,+1 (812) 588-1897,New York,Lumen Starter,Delivery,Urgent,PHONE,Pending Customer,Premium,3,unknown,48h,0,,Escalated to the specialist queue.
TKT-02474,21-Jun-2024,Drew Novak,drew.novak@gmail.com,+44 7192 310749,london,Nimbus Basic,Feature Request,MEDIUM,email,Open,Enterprise,5,unknown,48h,3.04,delivery | late,Escalated to the specialist queue.
TKT-01599,2025-09-18 07:08:00,Devon Carter,devon.carter@mailbox.org,0066-30930226,Birmingham,Harbor Essentials,Technical Issue,low,Social Media,resolved,,2,,9.8,80.14,bug;mobile,No additional context provided.
TKT-01883,03-Nov-2025,Jordan Carter,jordan.carter@company.co,+1 (572) 450-8222,Toronto,Cobalt Enterprise,Technical Issue,high,Social Media,Escalated,,0,unknown,48h,11.11,BILLING;invoice,Issue reproduced on a mobile device.
TKT-00376,2025-02-27 05:30:00,Kendall Fischer,kendall.fischer@mailbox.org,817.801.7347,Melbourne,Vertex Analytics,Delivery,MEDIUM,Live Chat,resolved,Enterprise,,,48h,36.8,refund,
TKT-00141,2024-12-11 22:26:00,Casey Larsen,casey.larsen@company.co,+44 7845 861127,Toronto,Atlas Pro,Product Question,Urgent,Web Form,resolved,Free,0,,-1,,login;password,No additional context provided.
TKT-02355,2024/05/20,Robin Patel,robin.patel @company.co,0057-45158638,Dublin,Vertex Analytics,Subscription,High,chat,resolved,Enterprise,,unknown,-1,145.66,delivery | late,Issue reproduced on a mobile device.
TKT-00308,01-Mar-2024,Quinn Larsen,quinn.larsen97@outlook.com,,Amsterdam,Atlas Pro,Billing,Low,Web Form,OPEN,,3,556,-1,46.46,,
TKT-02537,2024/10/27,Riley Carter,riley.carter@mailbox.org,+1 (725) 259-4004,New York,Cobalt Enterprise,Subscription,low,Web Form,Escalated,Free,4,1563,48h,132.67,feature-request,
TKT-02710,06/01/2026 22:28,Skyler Santos,skyler.santos2@company.co,888.864.1222,London,Mosaic Team,Technical Issue,High,Phone,Open,premium,1,,48h,164.99,,
TKT-01919,2024/08/15,Skyler Hansen,skyler.hansen96@outlook.com,+44 7446 849558,Bristol,Harbor Essentials,Billing,Medium,Web Form,Open,Free,,954,48h,69.75,account;security;urgent,Follow-up required next business day.
TKT-01709,2026-04-12 06:36:00,Casey Walker,casey.walker94@gmail.com,N/A,Toronto,Orchid Plus,Technical Issue,Medium,Social Media,pending_customer,,0,-5,,71.71,,
TKT-01322,2024-02-05 16:55:00,Blake Kim,blake.kim@gmail.com,+44 7175 872357,Glasgow,Harbor Essentials,Product Question,Urgent,email,Open,,5,1421,,108.13,,Issue reproduced on a mobile device.
TKT-01004,2026-01-29 22:55:00,Finley Meyer,finley.meyer@outlook.com,N/A,Singapore,Atlas Pro,Delivery,High,Social Media,pending_customer,Free,5,960,48h,43.42,bug;mobile,Customer mentioned a previous unresolved ticket.
TKT-02374,05/26/2026 03:49,Alexis Kim,alexis.kim@company.co,N/A,Melbourne,Mosaic Team,Billing,MEDIUM,web-form,Resolved,premium,1,66,,106.6,delivery | late,No additional context provided.
TKT-01641,02/18/2025 11:15,Morgan Patel,morgan.patel71@company.co,0082-70745662,Seattle,Mosaic Team,Product Question,Urgent,Phone,pending_customer,,5,unknown,2.4,80.33,feature-request,Escalated to the specialist queue.
TKT-01882,05/06/2026 07:35,Shawn Reed,shawn.reed@gmail.com,,Singapore,Orchid Plus,Subscription,Low,chat,Open,Free,1,,48h,167.86,,Customer requested an update after the first response.
TKT-01761,06/25/2025 18:37,Avery Parker,avery.parker26@gmail.com,0085-96614089,Manchester,Cobalt Enterprise,Technical Issue,Urgent,Social Media,Closed,Free,1,,45.6,169.2,,
TKT-00368,2024-05-23 13:42:00,Taylor Diaz,taylor.diaz@company.co,+44 7533 426275,Berlin,Nimbus Basic,Subscription,high,social,Pending Customer,,5,-5,-1,79.69,feature-request,No additional context provided.
TKT-01839,2024-02-06 07:52:00,Casey Walker,casey.walker31@example.com,+44 7550 423790, BERLIN ,Orchid Plus,Account Access,low,Social Media,Open,Standard,4,,31.5,77.17,delivery | late,Customer requested an update after the first response.
TKT-00406,2025/11/19,Robin Larsen,robin.larsen@gmail.com,+44 7461 890315, BERLIN ,Atlas Pro,Feature Request,Medium,social,Resolved,Premium,0,1705,,113.26,,Issue reproduced on a mobile device.
TKT-02555,2024-07-24 07:35:00,Shawn Parker,shawn.parker@mailbox.org,+1 (947) 729-1293,Austin,Harbor Essentials,Feature Request,high,web-form,pending_customer,,5,1300,48h,31.24,"billing,invoice",Customer requested an update after the first response.
TKT-01947,2026-01-02 03:42:00,Blake Reed,blake.reed80@company.co,426.815.3616,Amsterdam,Orchid Plus,Billing,low,Email,OPEN,,2,737,47.5,99.74,bug;mobile,Customer mentioned a previous unresolved ticket.
TKT-00357,20-Jan-2026,Ellis Hughes,ellis.hughes@mailbox.org,+1 (535) 786-9955,Cape Town,Cobalt Enterprise,Refund,Urgent,Social Media,Closed,premium,2,,48h,77.98,bug;mobile,Customer supplied screenshots.
TKT-01217,2025/08/31,Drew Diaz,drew.diaz@outlook.com,+1 (660) 431-1639,Singapore,Mosaic Team,Account Access,Medium,social,pending_customer,premium,1,,-1,,"billing,invoice",Escalated to the specialist queue.
TKT-01128,07-Jun-2026,Milan Ibrahim,milan.ibrahim81@example.com,+1 (422) 216-2010, BERLIN ,Nimbus Basic,Technical Issue,Urgent,email,Escalated,,2,798,-1,37.51,BILLING;invoice,Customer requested an update after the first response.
TKT-01601,21-Aug-2024,Robin Diaz,robin.diaz95@mailbox.org,424.236.3649,Bristol,Nimbus Basic,Subscription,Urgent,Live Chat,Resolved,Free,1,-5,,68.94,,Customer mentioned a previous unresolved ticket.
TKT-02118,29-Jun-2024,Casey Fischer,casey.fischer@outlook.com,0027-62927406,Bristol,Cobalt Enterprise,Product Question,urgent,Live Chat,Pending Customer,Free, four,1039,48h,$24.31,account;security;urgent,
TKT-01314,26-Jan-2026,Drew Morris,drew.morris@outlook.com,+1 (998) 729-7518,Leeds,Orchid Plus,Refund,MEDIUM,email,OPEN,premium,0,1308,34.3,109.68,refund,Follow-up required next business day.
TKT-01734,2025-01-26 09:24:00,Rowan Bennett,ROWAN.BENNETT@GMAIL.COM,0071-54510569,Seattle,Harbor Essentials,Subscription,low,Live Chat,Closed,Premium,,-5,48h,62.33,delivery | late,Customer requested an update after the first response.
TKT-00913,24-Mar-2026,Quinn Diaz,quinn.diaz22@mailbox.org,+1 (777) 418-2070,Cape Town,Vertex Analytics,Subscription,MEDIUM,social,resolved,,5,unknown,38.2,92.72,delivery | late,Customer mentioned a previous unresolved ticket.
TKT-00253,12/13/2025 16:28,Cameron Grant,cameron.grant@mailbox.org,+1 (570) 943-2670,Amsterdam,Mosaic Team,Subscription,low,social,Pending Customer,,,369,48h,195.72,BILLING;invoice,Customer mentioned a previous unresolved ticket.
TKT-01888,26-Aug-2025,Morgan Nguyen,,+1 (580) 842-3021, BERLIN ,Orchid Plus,Security,urgent,Email,Escalated,premium,3,,5.9,102.32,account;security;urgent,
TKT-01723,08/11/2024 21:03,Devon Reed,devon.reed@company.co,0062-34888857,Bristol,Orchid Plus,Product Question,urgent,PHONE,Closed,,0,640,-1,119.63,"billing,invoice",Customer supplied screenshots.
TKT-01816,2024-11-02 23:35:00,Sage Novak,sage.novak@outlook.com,+44 7025 998087,Cape Town,Lumen Starter,Account Access,Medium,Phone,Resolved,Enterprise, four,,-1,29.98,bug;mobile,
TKT-02732,02/06/2025 06:39,Hayden Chen,,+1 (557) 655-8724,Berlin,Harbor Essentials,Feature Request,Urgent,Email,OPEN,premium,1,,-1,171.68,account;security;urgent,No additional context provided.
TKT-00140,2025/01/12,Ellis Chen,ellis.chen@outlook.com,,Singapore,Nimbus Basic,Account Access,High,web-form,OPEN,premium,6,-5,-1,11.3,product question,Escalated to the specialist queue.
TKT-01313,2025-12-15 21:43:00,Riley Morris,riley.morris@gmail.com,+1 (892) 824-5876,Bristol,Harbor Essentials,Account Access,low,email,Closed,premium,6,-5,65.6,155.46,account;security;urgent,Issue reproduced on a mobile device.
TKT-00687,2026-04-29 06:45:00,Riley Meyer,riley.meyer@example.com,0018-11084107,New York,Harbor Essentials,Delivery,Medium,Social Media,Escalated,premium,,unknown,,65.78,feature-request,
TKT-00642,03/24/2024 06:05,Avery Diaz,avery.diaz85@outlook.com,+1 (420) 617-1304,Toronto,Vertex Analytics,Security,MEDIUM,Phone,Closed,Free,5,unknown,79.0,170.8,,Customer requested an update after the first response.
TKT-01261,24-Sep-2024,Jordan Diaz,jordan.diaz@example.com,692.274.9431,Amsterdam,Orchid Plus,Feature Request,high,email,Open,premium,3,,73.5,109.71,delivery | late,Escalated to the specialist queue.
TKT-02250,2024-02-27 12:00:00,Parker Carter,parker.carter@outlook.com,469.735.1822,,Atlas Pro,Delivery,Urgent,Live Chat,OPEN,,1,,,129.69,bug;mobile,Escalated to the specialist queue.
TKT-01228,01/26/2026 16:45,Jordan Reed,jordan.reed80@company.co,+44 7679 444783,Seattle,Harbor Essentials,Account Access,High,chat,Pending Customer,,2,,48h,70.91,product question,
TKT-02456,25-Sep-2024,Arden Reed,arden.reed@outlook.com,,london,Orchid Plus,Refund,urgent,PHONE,Escalated,Free,6,-5,48h,160.8,product question,Follow-up required next business day.
TKT-00427,31-Aug-2025,Parker Ahmed,parker.ahmed@example.com,,Glasgow,Harbor Essentials,Technical Issue,MEDIUM,Email,OPEN,Enterprise,4,952,48h,25.93,product question,Escalated to the specialist queue.
TKT-01808,07/16/2025 19:19,Riley Parker,riley.parker48@gmail.com,,Seattle,Harbor Essentials,Security,MEDIUM,social,Open,Standard,1,-5,-1,106.98,,Customer requested an update after the first response.
TKT-02487,2025/06/25,Emerson Ahmed,,+44 7409 282452,London,Atlas Pro,Technical Issue,high,Social Media,OPEN,Free,5,,86.7,57.71,refund,
TKT-01588,2025/11/18,Skyler Carter,skyler.carter@example.com,,Bristol,Lumen Starter,Delivery,urgent,Email,OPEN,Free,,,48h,58.81,feature-request,
TKT-00265,07/08/2024 08:36,Skyler Meyer,SKYLER.MEYER@OUTLOOK.COM,+44 7759 949383,Bristol,Nimbus Basic,Feature Request,MEDIUM,Social Media,pending_customer,,4,1198,,65.11,login;password,Follow-up required next business day.
TKT-01783,2025-02-21 09:30:00,Finley Nguyen,finley.nguyen@gmail.com,+1 (505) 254-7672,Manchester,Harbor Essentials,Security,High,Live Chat,Resolved,premium,1,207,48h,0,account;security;urgent,Issue reproduced on a mobile device.
TKT-01802,09/06/2025 17:12,Robin Turner,robin.turner@company.co,+44 7029 984824,Seattle,Nimbus Basic,Security,high,Phone,Open,Premium,2,-5,48h,75.66,,Customer mentioned a previous unresolved ticket.
TKT-00805,2025-02-24 17:04:00, finley hansen ,finley.hansen@example.com,+44 7095 511209,Berlin,Vertex Analytics,Product Question,MEDIUM,social,pending_customer,, four,1146,-1,55.1,,Customer mentioned a previous unresolved ticket.
TKT-01990,03/12/2026 06:38,Taylor Kowalski,taylor.kowalski93@mailbox.org,0074-13962673,Berlin,Mosaic Team,Security,Urgent,Live Chat,Open,Premium,,unknown,48h,102.76,,No additional context provided.
TKT-01040,05/16/2024 16:28,Riley Larsen,riley.larsen@mailbox.org,+44 7009 671805,Seattle,Orchid Plus,Subscription,high,Phone,resolved,Standard,3,233,,136.59,account;security;urgent,Follow-up required next business day.
TKT-01951,06/02/2025 07:58,Quinn Turner,quinn.turner88@company.co,+1 (792) 419-7877,Austin,Mosaic Team,Refund,Urgent,social,Escalated,Enterprise,3,unknown,6.6,0,delivery | late,
TKT-02746,2026-03-27 11:19:00,Morgan Bennett,morgan.bennett15@outlook.com,,Bristol,Cobalt Enterprise,Security,Low,email,Pending Customer,premium,3,,-1,62.69,delivery | late,
TKT-02067,15-Sep-2025,Robin Novak,robin.novak23@mailbox.org,+44 7338 640390,Amsterdam,Atlas Pro,Feature Request,Medium,Live Chat,Resolved,,2,278,-1,,refund,
TKT-01043,2025-07-14 09:56:00,Emerson Hansen,emerson.hansen@gmail.com,+1 (662) 824-9063,Glasgow,Harbor Essentials,Account Access,urgent,social,pending_customer,Standard, four,,48h,138.33,feature-request,Customer requested an update after the first response.
TKT-01114,21-Sep-2024,Blake Patel,blake.patel91@mailbox.org,,Seattle,Harbor Essentials,Technical Issue,high,chat,resolved,Enterprise,5,155,,$106.26,refund,Customer mentioned a previous unresolved ticket.
TKT-02624,2025/09/21,Hayden Patel,hayden.patel@company.co,004-42684330,Glasgow,Nimbus Basic,Security,High,email,OPEN,premium,4,,88.6,156.58,login;password,Customer mentioned a previous unresolved ticket.
TKT-00542,04/11/2024 00:28,Skyler Patel,skyler.patel@mailbox.org,0064-99418620,Glasgow,Atlas Pro,Technical Issue,low,Social Media,Pending Customer,Premium,5,unknown,-1,16.87,bug;mobile,Follow-up required next business day.
TKT-02798,11/24/2024 01:46,Jamie Fischer,jamie.fischer52@gmail.com,107.590.5921, BERLIN ,Harbor Essentials,Subscription,high,chat,Escalated,Free,0,826,48h,0,BILLING;invoice,
TKT-01379,01/16/2024 15:17,Devon  Kowalski,devon.kowalski80@outlook.com,+1 (612) 394-4567,london,Atlas Pro,Product Question,High,Phone,resolved,premium,5,1024,48h,45.69,"billing,invoice",Issue reproduced on a mobile device.
TKT-00002,2024-12-18 20:36:00,Drew Wilson,drew.wilson@example.com,0091-19335534,Glasgow,Vertex Analytics,Account Access,urgent,chat,Closed,,4,unknown,48h,71.4,BILLING;invoice,No additional context provided.
TKT-00695,05/08/2025 18:54,Shawn Turner,shawn.turner@example.com,886.404.8242,Dublin,Nimbus Basic,Subscription,High,social,Closed,Free,5,-5,,111.62,feature-request,Customer mentioned a previous unresolved ticket.
TKT-02334,2026/06/15,Shawn Turner,shawn.turner@example.com,+1 (330) 346-2270,Seattle,Atlas Pro,Delivery,Urgent,Social Media,OPEN,Enterprise,0,1706,4.6,59.36,refund,Customer requested an update after the first response.
TKT-02290,2025-08-28 07:34:00,Marley Parker,marley.parker@company.co,0030-28235406,Leeds,Harbor Essentials,Subscription,urgent,chat,resolved,,2,,-1,157.23,,Issue reproduced on a mobile device.
TKT-01993,02/14/2026 17:36,Shawn Turner,shawn.turner@gmail.com,N/A,New York,Atlas Pro,Feature Request,high,Social Media,Escalated,Premium,5,unknown,,$144.39,login;password,Escalated to the specialist queue.
TKT-00246,08/09/2025 11:45,Ellis Hughes,ellis.hughes@outlook.com,637.526.5724,Glasgow,Vertex Analytics,Product Question,high,PHONE,Open,,5,1443,,60.6,product question,Follow-up required next business day.
TKT-01890,15-Jun-2026,Emerson Diaz,emerson.diaz@mailbox.org,N/A,Seattle,Cobalt Enterprise,Feature Request,Medium,Live Chat,resolved,Premium,6,unknown,48h,78.21,BILLING;invoice,Customer mentioned a previous unresolved ticket.
TKT-00353,28-Mar-2025,Skyler Fischer,skyler.fischer70@example.com,+1 (795) 640-2827,Amsterdam,Cobalt Enterprise,Product Question,low,PHONE,Open,, four,unknown,48h,126.17,BILLING;invoice,No additional context provided.
TKT-00543,27-Jul-2025,Marley Diaz,marley.diaz20@company.co,+44 7414 159936,london,Lumen Starter,Technical Issue,Urgent,Email,pending_customer,,1,unknown,,108.14,account;security;urgent,Customer requested an update after the first response.
TKT-01146,05-Oct-2024, jamie parker ,jamie.parker81@company.co,+1 (236) 988-1665,,Mosaic Team,Technical Issue,urgent,Email,pending_customer,Standard,0,-5,-1,79.86,feature-request,Issue reproduced on a mobile device.
TKT-01021,06/23/2024 20:18,Ellis Larsen,ellis.larsen@gmail.com,+44 7819 602218,Birmingham,Nimbus Basic,Technical Issue,low,Email,OPEN,Premium,4,334,24.8,107.76,bug;mobile,Follow-up required next business day.
TKT-02239,24-Aug-2025,Micah Turner,micah.turner@mailbox.org,+1 (508) 390-6301,Seattle,Lumen Starter,Feature Request,high,Live Chat,resolved,Free,5,823,11.8,56.61,,No additional context provided.
TKT-00416,2024-09-08 13:22:00,Skyler Turner,skyler.turner@outlook.com,168.293.5174,Melbourne,Cobalt Enterprise,Technical Issue,High,Phone,Open,Premium,0,,-1,37.83,,
TKT-00463,07-Nov-2025,Morgan Wilson,morgan.wilson49@company.co,0013-29557879,Manchester,Atlas Pro,Account Access,urgent,Web Form,Resolved,Free,2,1729,-1,40.52,refund,
TKT-01771,2024/09/20,Emerson Parker,emerson.parker@outlook.com,+1 (996) 581-3082, BERLIN ,Orchid Plus,Delivery,High,Web Form,resolved,Free,6,-5,,81.4,account;security;urgent,
TKT-00072,2024/09/21,Blake Diaz,blake.diaz72@company.co,+1 (674) 990-9199,Toronto,Atlas Pro,Technical Issue,Low,email,Open,,3,,,163.59,"billing,invoice",
TKT-02675,2025/12/09,Tatum Hughes,tatum.hughes@mailbox.org,,Seattle,Vertex Analytics,Security,high,chat,OPEN,,5,-5,48h,$23.53,account;security;urgent,
TKT-00517,2026-04-27 04:38:00,Drew Parker,drew.parker23@gmail.com,+44 7059 193280,Manchester,Cobalt Enterprise,Feature Request,Low,Live Chat,Open,premium,5,928,-1,106.55,account;security;urgent,Escalated to the specialist queue.
TKT-00522,2024-12-02 10:04:00,Devon Brooks,,+1 (934) 835-7077,Bristol,Cobalt Enterprise,Delivery,High,email,Closed,Enterprise,3,,48h,108.88,delivery | late,Customer mentioned a previous unresolved ticket.
TKT-00417,2026-02-17 01:51:00,Jordan Parker,jordan.parker@example.com,0085-86043381,Austin,Vertex Analytics,Account Access,high,Web Form,Resolved,Standard,5,882,48h,164.31,bug;mobile,Customer supplied screenshots.
TKT-00584,2025/10/10,Finley Singh,finley.singh12@mailbox.org,488.397.5032,Melbourne,Mosaic Team,Billing,MEDIUM,Web Form,Closed,Standard,6,1353,,203.89,login;password,Customer supplied screenshots.
TKT-02593,2024-12-23 00:04:00,Reese Okafor,reese.okafor@gmail.com,+44 7800 537435,Birmingham,Harbor Essentials,Technical Issue,urgent,email,pending_customer,,,-5,,76.64,BILLING;invoice,No additional context provided.
TKT-02179,2024-04-12 01:29:00,Finley Fischer,finley.fischer@company.co,+1 (417) 570-7950,Bristol,Cobalt Enterprise,Technical Issue,Urgent,Email,Resolved,Enterprise,5,unknown,48h,190.3,account;security;urgent,Customer requested an update after the first response.
TKT-00168,2025-03-13 23:37:00,Shawn Singh,shawn.singh@outlook.com,+44 7264 952283,Birmingham,Lumen Starter,Subscription,Low,PHONE,Pending Customer,,3,1323,-1,183.32,,No additional context provided.
TKT-01329,2025/11/09,Reese Carter,reese.carter63@company.co,,Seattle,Vertex Analytics,Security,Medium,Social Media,Resolved,premium,0,unknown,48h,12.47,product question,
TKT-00804,2025/02/22,Finley Kim,finley.kim@outlook.com,+44 7125 127261,london,Nimbus Basic,Subscription,Low,Web Form,Resolved,Premium,4,-5,-1,,bug;mobile,Escalated to the specialist queue.
TKT-01565,03-Dec-2025,Taylor Singh,taylor.singh41@gmail.com,N/A,New York,Harbor Essentials,Refund,high,Web Form,Closed,,6,1176,48h,119.53,login;password,Follow-up required next business day.
TKT-00293,08/05/2024 00:26,Robin Fischer,robin.fischer@gmail.com,,,Nimbus Basic,Account Access,urgent,Live Chat,Open,Standard,3,unknown,,46.58,refund,Customer mentioned a previous unresolved ticket.
TKT-01696,24-Apr-2024,Taylor Okafor,taylor.okafor@gmail.com,889.869.9835,Melbourne,Mosaic Team,Subscription,Urgent,email,Pending Customer,Free,4,103,48h,185.64,,No additional context provided.
TKT-02018,06/04/2024 00:26,Arden Brooks,arden.brooks@gmail.com,884.403.5440,Singapore,Nimbus Basic,Account Access,Low,Social Media,resolved,premium,,unknown,,0,,Customer mentioned a previous unresolved ticket.
TKT-00822,2024-01-20 09:27:00,Reese Parker,reese.parker95@mailbox.org,+44 7480 685038,Amsterdam,Mosaic Team,Product Question,Medium,Phone,Pending Customer,Premium,0,455,-1,156.51,BILLING;invoice,Follow-up required next business day.
TKT-02436,03/28/2025 08:08,Milan Bennett,milan.bennett@example.com,0056-24072607,Seattle,Cobalt Enterprise,Refund,Medium,Email,pending_customer,Standard, four,,27.0,$58.68,product question,Customer supplied screenshots.
TKT-01199,2026-06-04 08:54:00,Micah Carter,micah.carter@gmail.com,856.630.3610,Austin,Cobalt Enterprise,Subscription,Low,web-form,Pending Customer,Enterprise,2,,54.0,91.32,account;security;urgent,Customer requested an update after the first response.
TKT-01615,2024/09/04,Drew Hansen,drew.hansen@gmail.com,+1 (629) 410-8262,New York,Orchid Plus,Refund,high,Web Form,Closed,,0,,,69.07,"billing,invoice",Customer mentioned a previous unresolved ticket.
TKT-01604,10-Jun-2024,Casey Fischer,casey.fischer@outlook.com,0046-99234933,Manchester,Harbor Essentials,Technical Issue,Urgent,Web Form,Open,Premium,2,539,48h,35.04,product question,Issue reproduced on a mobile device.
TKT-01876,2024-12-02 14:47:00,Blake Ibrahim,,+44 7948 417287,Berlin,Harbor Essentials,Billing,Medium,Phone,OPEN,,,602,,155.76,delivery | late,Follow-up required next business day.
TKT-01391,2026/04/26,Parker Brooks,parker.brooks@mailbox.org,187.699.1513,Bristol,Orchid Plus,Refund,High,PHONE,Pending Customer,, four,483,-1,104.3,"billing,invoice",Issue reproduced on a mobile device.
TKT-01639,2025-10-16 09:15:00,Milan Morales,milan.morales@mailbox.org,,Berlin,Vertex Analytics,Refund,Medium,PHONE,resolved,premium,4,1275,88.9,192.44,login;password,
TKT-01297,03/02/2024 15:40,Casey Wilson,casey.wilson4@company.co,567.162.6649,Cape Town,Cobalt Enterprise,Product Question,urgent,social,Open,, four,-5,-1,129.55,login;password,Follow-up required next business day.
TKT-00426,2024/02/15,Avery Hughes,avery.hughes54@mailbox.org,001-18889007,Berlin,Cobalt Enterprise,Refund,High,social,Closed,,2,961,-1,154.27,feature-request,Escalated to the specialist queue.
TKT-01072,08-Dec-2024,Arden Walker,arden.walker@example.com,752.500.7945,Berlin,Cobalt Enterprise,Billing,Urgent,Web Form,pending_customer,premium, four,-5,,105.24,delivery | late,Customer mentioned a previous unresolved ticket.
TKT-01165,06/16/2026 01:15,Taylor Patel,taylor.patel@mailbox.org,004-42801557,Manchester,Harbor Essentials,Feature Request,High,Social Media,Open,Free, four,533,6.3,135.24,feature-request,No additional context provided.
TKT-02076,2024/12/16,Rowan Fischer,rowan.fischer@gmail.com,+44 7421 227557,Glasgow,Harbor Essentials,Billing,MEDIUM,social,Closed,Premium,4,,-1,61.62,account;security;urgent,No additional context provided.
TKT-01205,2024/02/25,Micah Meyer,micah.meyer49@mailbox.org,924.662.1321,New York,Vertex Analytics,Product Question,Medium,Email,Resolved,,1,-5,-1,81.69,BILLING;invoice,
TKT-00401,01-Jan-2026,Emerson Larsen,emerson.larsen@example.com,N/A,Berlin,Mosaic Team,Technical Issue,low,PHONE,Resolved,Enterprise,6,-5,-1,0,product question,No additional context provided.
TKT-01671,2026/03/03,Kendall Morris,kendall.morris@outlook.com,0096-97661360, BERLIN ,Lumen Starter,Technical Issue,High,Live Chat,Pending Customer,Standard,0,-5,-1,65.86,"billing,invoice",
TKT-01117,2025-01-25 20:55:00,Quinn Morales,quinn.morales86@outlook.com,184.925.3851,Leeds,Atlas Pro,Technical Issue,urgent,PHONE,Open,,5,1092,48h,211.19,,
TKT-01559,04/22/2026 06:48,Riley Diaz,riley.diaz8@gmail.com,0033-95323519,Toronto,Atlas Pro,Billing,Low,Email,Open,Standard, four,unknown,48h,161.1,"billing,invoice",No additional context provided.
TKT-01721,06/18/2024 22:09,Morgan Kim,morgan.kim@mailbox.org,702.932.3449,Amsterdam,Nimbus Basic,Account Access,MEDIUM,web-form,Resolved,Standard,5,unknown,,107.22,,Issue reproduced on a mobile device.
TKT-00893,19-Feb-2024,Emerson Fischer,emerson.fischer@mailbox.org,,Leeds,Cobalt Enterprise,Feature Request,MEDIUM,Social Media,resolved,Premium,3,,57.7,137.67,delivery | late,
TKT-02576,24-Apr-2026,Jamie Bennett,jamie.bennett48@example.com,744.783.5250,London,Cobalt Enterprise,Security,low,Phone,Resolved,Standard,0,1760,-1,17.84,product question,Issue reproduced on a mobile device.
TKT-01224,2026/03/04,Parker Kim,parker.kim76@mailbox.org,+44 7899 841729,Birmingham,Atlas Pro,Billing,urgent,web-form,Closed,Premium, four,-5,,101.76,product question,Customer requested an update after the first response.
TKT-00241,13-Nov-2025,Morgan Ibrahim,morgan.ibrahim78@example.com,+44 7238 122243,Austin,Atlas Pro,Feature Request,high,Social Media,Resolved,Standard,1,unknown,,35.41,bug;mobile,
TKT-01360,2024-11-10 14:59:00,Tatum Brooks,tatum.brooks@example.com,+44 7910 526389,Bristol,Mosaic Team,Security,high,Live Chat,OPEN,Standard,,177,-1,89.08,BILLING;invoice,Follow-up required next business day.
TKT-01703,2025/02/23,Marley Santos,marley.santos@outlook.com,+44 7202 806266,Austin,Lumen Starter,Billing,urgent,Email,resolved,Premium,6,unknown,48h,113.91,refund,Customer supplied screenshots.
TKT-01857,01-May-2026,Finley Parker,finley.parker@outlook.com,+1 (464) 256-5858,London,Atlas Pro,Refund,urgent,Social Media,pending_customer,Premium,1,,48h,155.59,"billing,invoice",Customer requested an update after the first response.
TKT-01897,2025-04-28 19:32:00,Hayden Turner,hayden.turner41@gmail.com,+44 7376 116477,New York,Nimbus Basic,Subscription,Urgent,Live Chat,Escalated,Premium,0,-5,,64.77,"billing,invoice",Escalated to the specialist queue.
TKT-01900,03-Mar-2024,Finley Diaz,finley.diaz71@mailbox.org,,london,Harbor Essentials,Security,Low,Live Chat,Escalated,Free,3,-5,-1,62.75,BILLING;invoice,Follow-up required next business day.
TKT-02279,07/04/2024 08:33,Hayden Santos,hayden.santos88@example.com,0017-36406053,New York,Nimbus Basic,Account Access,Medium,social,OPEN,,4,767,,115.65,refund,
TKT-01048,05/18/2024 23:07,Finley Kim,finley.kim@company.co,526.777.8437,Bristol,Mosaic Team,Security,Urgent,Web Form,Closed,,3,,,0,login;password,Customer mentioned a previous unresolved ticket.
TKT-00386,2025/11/12,Riley Diaz,riley.diaz@company.co,+44 7921 585884,Singapore,Orchid Plus,Subscription,Low,Web Form,OPEN,premium,,unknown,-1,87.27,account;security;urgent,Customer supplied screenshots.
ticket-02404,19-Jul-2024,Jamie Bennett,jamie.bennett@outlook.com,+44 7943 873052,Bristol,Orchid Plus,Subscription,Medium,Email,resolved,,1,211,-1,64.06,delivery | late,
TKT-02598,09-May-2024,Quinn Patel,quinn.patel69@mailbox.org,,london,Mosaic Team,Account Access,low,social,Pending Customer,premium,5,1550,48h,90.62,refund,
TKT-02251,09-Jun-2025,Robin Morris,robin.morris@company.co,,Birmingham,Harbor Essentials,Delivery,low,web-form,OPEN,Free,1,-5,-1,71.98,"billing,invoice",
TKT-00521,03/30/2025 09:26,Devon Carter,devon.carter@gmail.com,0094-11306363,Birmingham,Nimbus Basic,Subscription,high,Live Chat,Resolved,Standard,5,unknown,48h,0,product question,Issue reproduced on a mobile device.
TKT-01681,12/07/2025 16:00,Arden Kowalski,arden.kowalski57@company.co,+1 (220) 508-3787,Seattle,Nimbus Basic,Technical Issue,urgent,chat,Pending Customer,,2,1412,4.7,101.21,feature-request,Customer supplied screenshots.
TKT-00393,17-Oct-2025,Quinn Kowalski,QUINN.KOWALSKI45@OUTLOOK.COM,+1 (899) 457-5611,Austin,Harbor Essentials,Refund,urgent,email,pending_customer,Premium, four,unknown,1.3,6.39,feature-request,Issue reproduced on a mobile device.
TKT-02784,04-Mar-2026,Skyler Walker,skyler.walker@mailbox.org,+44 7674 753000,london,Atlas Pro,Delivery,High,web-form,Closed,,5,-5,48h,21.69,bug;mobile,Follow-up required next business day.
TKT-01265,2026/04/09,Morgan Morris,morgan.morris@example.com,,Leeds,Mosaic Team,Technical Issue,Medium,Live Chat,Closed,Enterprise,4,,18.7,88.31,,Issue reproduced on a mobile device.
TKT-00959,2025/09/16,Casey Okafor,casey.okafor@gmail.com,0079-54957494,,Mosaic Team,Security,high,web-form,Open,Free, four,1340,48h,$110.34,,Customer requested an update after the first response.
TKT-02182,01-Apr-2026,Alexis Wilson,alexis.wilson@mailbox.org,+1 (224) 761-2600,Toronto,Lumen Starter,Feature Request,urgent,chat,Escalated,premium,6,321,48h,59.34,,No additional context provided.
TKT-01103,2024/07/16,Devon Kim,devon.kim@example.com,604.941.3019,Manchester,Orchid Plus,Delivery,Medium,Email,OPEN,Premium,5,524,48h,$193.86,refund,Customer requested an update after the first response.
TKT-02322,2024-08-16 21:58:00,Riley Turner,riley.turner54@company.co,,London,Lumen Starter,Refund,Medium,PHONE,pending_customer,premium,5,-5,,121.84,account;security;urgent,Customer requested an update after the first response.
TKT-02017,2025/04/09,Tatum Grant,tatum.grant@mailbox.org,N/A,Dublin,Nimbus Basic,Product Question,high,Social Media,Pending Customer,Free,2,940,48h,64.45,,No additional context provided.
TKT-01183,25-Mar-2025,Micah Reed,micah.reed10@outlook.com,+44 7899 297856,Berlin,Mosaic Team,Security,low,email,Pending Customer,Premium,2,unknown,,129.51,"billing,invoice",Customer mentioned a previous unresolved ticket.
TKT-02793,01/19/2024 18:24,Rowan Ahmed,rowan.ahmed @gmail.com,608.999.9612,Dublin,Nimbus Basic,Technical Issue,High,social,Pending Customer,,,,,56.29,account;security;urgent,Customer mentioned a previous unresolved ticket.
TKT-00486,02-Jul-2024,Jamie Grant,jamie.grant@outlook.com,0088-62986971,Seattle,Mosaic Team,Technical Issue,Low,Web Form,resolved,Standard,6,670,48h,,product question,Follow-up required next business day.
TKT-02649,28-Dec-2024,Micah Petrov,micah.petrov@mailbox.org,+44 7070 217409,Leeds,Atlas Pro,Product Question,urgent,Live Chat,Closed,,2,-5,,79.86,bug;mobile,No additional context provided.
TKT-02647,2025/05/12,Finley Hansen,finley.hansen@gmail.com,,london,Cobalt Enterprise,Billing,High,Social Media,Escalated,premium,4,,,58.62,,
TKT-00656,20-Mar-2025,Hayden Carter,hayden.carter94@mailbox.org,+44 7601 226545,Seattle,Vertex Analytics,Technical Issue,High,chat,Resolved,Free,4,61,35.2,82.26,bug;mobile,
TKT-02121,2024-09-07 11:33:00,Skyler Nguyen,skyler.nguyen56@gmail.com,+44 7022 648686,Toronto,Mosaic Team,Product Question,Low,web-form,pending_customer,premium,,317,,211.69,"billing,invoice",No additional context provided.
TKT-00097,11/03/2024 15:07,Micah Ahmed,micah.ahmed35@outlook.com,+1 (416) 616-8937,Manchester,Cobalt Enterprise,Delivery,low,email,pending_customer,premium,0,-5,84.4,95.29,bug;mobile,Customer requested an update after the first response.
TKT-01809,10/09/2025 08:19,Alexis Diaz,alexis.diaz33@outlook.com,+44 7336 576652,London,Nimbus Basic,Technical Issue,Urgent,PHONE,OPEN,,4,unknown,48h,0,BILLING;invoice,Customer requested an update after the first response.
TKT-02751,2024/08/07,Alexis Brooks,alexis.brooks@outlook.com,+1 (685) 402-2982,Austin,Atlas Pro,Delivery,urgent,Web Form,Resolved,Free,5,-5,76.8,175.55,feature-request,Customer supplied screenshots.
TKT-01238,2026-01-19 17:48:00,Morgan Sullivan,morgan.sullivan@example.com,+1 (615) 515-2950,Bristol,Nimbus Basic,REFUND,Medium,web-form,Open,,3,1661,48h,48.55,bug;mobile,
TKT-00837,22-Aug-2024,Kendall Chen,kendall.chen@outlook.com,,Bristol,Orchid Plus,Refund,Urgent,chat,Resolved,Enterprise,,814,65.9,164.28,product question,Customer mentioned a previous unresolved ticket.
TKT-02659,2024/07/27,Morgan Meyer,morgan.meyer@mailbox.org,+1 (948) 545-6981,London,Vertex Analytics,Refund,low,chat,Open,Standard,5,1664,48h,88.45,bug;mobile,Customer mentioned a previous unresolved ticket.
TKT-01991,2025/06/29,Alexis Kowalski,alexis.kowalski76@example.com,0077-30094967,Dublin,Orchid Plus,Product Question,urgent,Live Chat,resolved,,5,,-1,123.02,login;password,Issue reproduced on a mobile device.
TKT-00423,2024-09-14 17:52:00,Arden Kowalski,arden.kowalski@mailbox.org,0049-60458379,Cape Town,Lumen Starter,Subscription,high,PHONE,pending_customer,Premium,1,893,,65.31,bug;mobile,Customer supplied screenshots.
TKT-01431,03/25/2024 16:14,Arden Larsen,arden.larsen@outlook.com,730.319.8990,London,Vertex Analytics,Feature Request,Urgent,Social Media,Open,Standard,3,unknown,48h,95.91,refund,Issue reproduced on a mobile device.
TKT-00927,01/05/2026 04:13,Avery Chen,avery.chen19@example.com,,Toronto,Atlas Pro,Account Access,Medium,Live Chat,OPEN,premium,,,,48.26,,
TKT-01500,2024-09-08 16:48:00,Devon Meyer,devon.meyer@mailbox.org,+44 7388 818150,,Cobalt Enterprise,Subscription,Medium,Social Media,resolved,Free,0,-5,48h,111.59,"billing,invoice",Customer requested an update after the first response.
TKT-00518,15-Jan-2025,Alexis Morales,alexis.morales14@gmail.com,+44 7232 956624,Austin,Lumen Starter,Delivery,High,social,pending_customer,Enterprise,,unknown,57.1,$25.23,BILLING;invoice,Issue reproduced on a mobile device.
TKT-02585,2025/01/12,Quinn Novak,quinn.novak@gmail.com,+1 (320) 558-4441,Melbourne,Lumen Starter,Refund,high,Live Chat,Open,,0,,0.7,139.31,refund,Customer mentioned a previous unresolved ticket.
TKT-01708,09/05/2025 03:25,Riley Walker,riley.walker62@gmail.com,+44 7340 179537, BERLIN ,Atlas Pro,Billing,low,Live Chat,Closed,,5,-5,43.5,183.49,,
TKT-02696,2024/01/31,Ellis Meyer,ellis.meyer@mailbox.org,0056-32452194,Leeds,Harbor Essentials,Subscription,urgent,Web Form,Resolved,,3,-5,48h,157.73,product question,Customer supplied screenshots.
TKT-00094,2026/03/14,Skyler Reed,skyler.reed12@outlook.com,,Singapore,Harbor Essentials,Delivery,urgent,Social Media,Open,Enterprise,2,,-1,60.98,account;security;urgent,Customer requested an update after the first response.
TKT-00832,2024-06-07 15:26:00,Micah Ibrahim,micah.ibrahim@gmail.com,+44 7391 879677,Singapore,Mosaic Team,Security,Low,web-form,Open,,5,1064,79.3,28.47,delivery | late,
TKT-02232,25-Feb-2024,Robin Carter,robin.carter@mailbox.org,,Manchester,Nimbus Basic,Security,High,Social Media,Pending Customer,premium,0,987,48h,122.48,delivery | late,Customer mentioned a previous unresolved ticket.
TKT-00377,08-Feb-2026,Blake Sullivan,blake.sullivan@example.com,+1 (372) 201-9669,Cape Town,Orchid Plus,Feature Request,High,PHONE,Resolved,premium,4,unknown,,126.98,BILLING;invoice,Customer supplied screenshots.
TKT-02158,2024/11/22,Hayden Ahmed,hayden.ahmed@company.co,+1 (523) 747-5150,Singapore,Nimbus Basic,Account Access,Low,Phone,pending_customer,Enterprise,2,787,-1,61.53,,
TKT-01440,2024-02-23 12:48:00,Drew Kim,drew.kim11@gmail.com,+1 (240) 911-4097,Austin,Lumen Starter,Account Access,low,Email,Open,Premium,1,unknown,,119.42,feature-request,Customer supplied screenshots.
TKT-01935,04/14/2025 23:45,Blake Hansen,blake.hansen@company.co,+1 (282) 469-9642,,Orchid Plus,Product Question,Low,Live Chat,Open,Enterprise,1,1708,-1,224.44,BILLING;invoice,
TKT-00863,01/14/2025 12:37,Reese Wilson,reese.wilson@outlook.com,+44 7511 622630,Amsterdam,Mosaic Team,Security,High,chat,Resolved,Standard,3,841,55.4,164.11,login;password,Customer requested an update after the first response.
TKT-02066,30-Nov-2024,Reese Reed,reese.reed3@example.com,+1 (696) 260-4050,Leeds,Cobalt Enterprise,Refund,low,Web Form,Escalated,Premium,2,unknown,90.5,46.95,feature-request,Customer supplied screenshots.
TKT-01847,01/06/2025 13:39,Drew Ibrahim,drew.ibrahim@company.co,0079-58935542,London,Cobalt Enterprise,Product Question,MEDIUM,email,Closed,premium,6,1580,48h,148.61,BILLING;invoice,No additional context provided.
TKT-01739,06-Jun-2025,Rowan Singh,rowan.singh24@gmail.com,+44 7089 688609, BERLIN ,Mosaic Team,Refund,Low,Web Form,Closed,Free,2,-5,-1,131.27,delivery | late,Customer supplied screenshots.
TKT-01717,2024-10-05 10:34:00,Jamie Hansen,jamie.hansen @company.co,+1 (914) 274-1299,Melbourne,Atlas Pro,Subscription,Urgent,PHONE,Pending Customer,Free,4,-5,-1,97.26,BILLING;invoice,Escalated to the specialist queue.
TKT-02019,2025-05-20 16:57:00,Micah Kowalski,micah.kowalski93@gmail.com,,Melbourne,Orchid Plus,Product Question,Low,Social Media,OPEN,Enterprise,2,,,113.95,BILLING;invoice,
TKT-02379,2024/09/20,Devon Novak,devon.novak@example.com,N/A,Berlin,Vertex Analytics,Subscription,MEDIUM,Live Chat,OPEN,Free,0,855,96.0,56.26,,Customer supplied screenshots.
TKT-01788,01/22/2025 22:31,Emerson Reed,emerson.reed@gmail.com,0075-47357176,Melbourne,Nimbus Basic,Billing,Low,Social Media,Escalated,Premium,3,,,37.63,refund,No additional context provided.
TKT-00323,14-Dec-2025,Devon Hughes,devon.hughes63@gmail.com,367.791.6203,Amsterdam,Orchid Plus,Feature Request,Urgent,Live Chat,resolved,Standard,,,48h,34.0,BILLING;invoice,Customer requested an update after the first response.
TKT-00994,2026-01-23 14:56:00,Arden Meyer,arden.meyer28@example.com,+1 (418) 821-9798,Cape Town,Vertex Analytics,Product Question,Medium,web-form,Resolved,Enterprise,,,48h,41.49,,
TKT-01846,2026-01-30 14:49:00,Cameron Chen,cameron.chen@gmail.com,+44 7097 428851,Glasgow,Atlas Pro,Feature Request,MEDIUM,Phone,Resolved,,4,1254,-1,22.48,bug;mobile,Issue reproduced on a mobile device.
TKT-01162,2025-09-04 12:35:00,Morgan Reed,morgan.reed@gmail.com,590.200.1890,,Atlas Pro,Refund,urgent,Live Chat,pending_customer,Premium, four,,,205.0,,No additional context provided.
TKT-00708,16-Aug-2024,Robin Larsen,robin.larsen39@example.com,,Amsterdam,Orchid Plus,Product Question,High,Web Form,Closed,premium,5,unknown,-1,175.51,login;password,
TKT-00337,2025-05-01 11:25:00,Reese Walker,reese.walker@example.com,+44 7607 703943,Berlin,Mosaic Team,Billing,High,web-form,Pending Customer,Premium,5,unknown,48h,33.6,bug;mobile,
TKT-00044,02-Jan-2024,Hayden Kim,hayden.kim@company.co,+1 (269) 738-9914,Seattle,Cobalt Enterprise,Account Access,urgent,PHONE,Pending Customer,,5,521,34.4,62.44,BILLING;invoice,Issue reproduced on a mobile device.
TKT-01448,06/09/2024 02:51, marley petrov ,marley.petrov@mailbox.org,357.766.3266,London,Mosaic Team,Technical Issue,Urgent,social,Pending Customer,Free,5,369,48h,111.25,"billing,invoice",Follow-up required next business day.
TKT-02587,2024-05-12 03:30:00,Taylor Singh,taylor.singh@mailbox.org,+1 (467) 477-5809,Dublin,Cobalt Enterprise,Delivery,Low,Live Chat,Escalated,,5,unknown,-1,6.44,feature-request,Customer mentioned a previous unresolved ticket.
TKT-00132,2024/03/14,Casey Ibrahim,casey.ibrahim@mailbox.org,+44 7799 480805,London,Mosaic Team,Feature Request,Medium,Live Chat,Closed,premium,1,1492,63.6,82.77,"billing,invoice",Issue reproduced on a mobile device.
TKT-01904,09/16/2024 16:14,Casey Brooks,casey.brooks@gmail.com,0012-61702742,Seattle,Cobalt Enterprise,Product Question,urgent,Live Chat,Pending Customer,Free,0,unknown,,99.33,login;password,No additional context provided.
TKT-00325,11-May-2025,Casey Okafor,casey.okafor@outlook.com,+1 (967) 326-7190,Singapore,Atlas Pro,Product Question,low,PHONE,Escalated,Free, four,-5,,23.67,,Follow-up required next business day.
TKT-01495,2025/10/12,Skyler Brooks,skyler.brooks@company.co,0015-56647779,Melbourne,Mosaic Team,Security,MEDIUM,Social Media,resolved,, four,-5,32.9,163.82,,Escalated to the specialist queue.
TKT-00286,2024/02/22,Morgan Hansen,morgan.hansen@mailbox.org,284.195.2267,Austin,Harbor Essentials,Account Access,High,Social Media,Resolved,Standard,4,unknown,-1,0,"billing,invoice",Follow-up required next business day.
TKT-02122,08-Jul-2025,Skyler Kim,skyler.kim15@gmail.com,+1 (551) 352-5433,Austin,Orchid Plus,Technical Issue,Medium,Phone,Open,,2,-5,,122.15,product question,Escalated to the specialist queue.
TKT-00700,2024-05-15 18:12:00,Finley Parker,finley.parker@outlook.com,602.489.5826,Toronto,Orchid Plus,Delivery,High,Live Chat,resolved,Premium,2,491,-1,68.83,BILLING;invoice,Customer mentioned a previous unresolved ticket.
TKT-00421,06/10/2026 06:20,Parker Kowalski,parker.kowalski22@outlook.com,+44 7295 674555,Glasgow,Vertex Analytics,Billing,MEDIUM,Phone,Closed,premium,2,139,,192.34,account;security;urgent,Escalated to the specialist queue.
TKT-00498,29-May-2025,Tatum Novak,tatum.novak35@mailbox.org,,Glasgow,Vertex Analytics,Security,Medium,Web Form,Escalated,Enterprise, four,47,8.7,68.53,product question,Follow-up required next business day.
TKT-00526,2024/10/19,Finley Larsen,finley.larsen24@outlook.com,N/A,Amsterdam,Atlas Pro,Account Access,Medium,Live Chat,OPEN,Enterprise,1,unknown,80.6,,account;security;urgent,
TKT-01129,2025-12-05 16:15:00,Kendall Walker,kendall.walker@mailbox.org,+1 (367) 983-6192,New York,Orchid Plus,Subscription,Low,Email,Pending Customer,premium,5,-5,68.6,75.47,product question,Customer mentioned a previous unresolved ticket.
TKT-00868,28-Jan-2024,Reese Fischer,reese.fischer10@gmail.com,176.806.7576,Seattle,Vertex Analytics,Refund,low,Live Chat,OPEN,,,,,97.4,"billing,invoice",Customer supplied screenshots.
TKT-00957,2025-02-19 09:43:00,Jordan Carter,jordan.carter@company.co,,Singapore,Harbor Essentials,Security,high,Web Form,Closed,,,1064,,97.85,,
TKT-00907,04/21/2025 13:38,Kendall Reed,kendall.reed@outlook.com,, BERLIN ,Vertex Analytics,Subscription,High,Web Form,pending_customer,,4,unknown,48h,4.21,feature-request,Customer mentioned a previous unresolved ticket.
TKT-01491,2025-06-26 16:06:00,Jordan Ibrahim,jordan.ibrahim@gmail.com,+1 (248) 580-7430,Seattle,Atlas Pro,Refund,Low,web-form,resolved,,2,1722,88.0,48.65,,Customer mentioned a previous unresolved ticket.
TKT-00985,2026/01/13,Rowan Morales,rowan.morales@gmail.com,262.347.9796,Singapore,Mosaic Team,Subscription,low,Email,pending_customer,Enterprise,1,unknown,48h,78.8,bug;mobile,
TKT-01884,2024/09/06,Jamie Morris,jamie.morris17@company.co,970.935.9981,Dublin,Atlas Pro,Subscription,MEDIUM,email,pending_customer,,3,unknown,-1,46.41,account;security;urgent,
TKT-02164,2026/03/19,Jordan Patel,jordan.patel8@company.co,118.125.3644,London,Orchid Plus,Feature Request,High,email,Escalated,,,-5,48h,141.71,delivery | late,No additional context provided.
TKT-00847,2025/12/25,Avery Ibrahim,avery.ibrahim@company.co,898.593.9694,Singapore,Orchid Plus,Security,high,Email,Escalated,Standard,1,-5,,$94.90,,Follow-up required next business day.
TKT-00479,2024-08-11 05:54:00,Devon Larsen,devon.larsen@example.com,+1 (346) 860-1116,Glasgow,Orchid Plus,Refund,urgent,PHONE,resolved,Premium, four,1004,-1,248.34,,Customer mentioned a previous unresolved ticket.
TKT-00074,02/01/2025 20:51,Rowan Morris,rowan.morris@example.com,+44 7688 240454,Leeds,Orchid Plus,Refund,urgent,social,Resolved,,3,unknown,-1,165.06,account;security;urgent,Customer supplied screenshots.
TKT-00302,17-Oct-2025,Cameron Walker,cameron.walker@outlook.com,N/A,Cape Town,Nimbus Basic,Security,High,Email,Pending Customer,Standard,0,910,48h,48.19,bug;mobile,
TKT-01275,06/14/2024 20:06,Cameron Bennett,cameron.bennett66@mailbox.org,0071-11289447,Dublin,Nimbus Basic,Delivery,High,social,Closed,Free,2,unknown,74.6,145.72,login;password,
TKT-00034,27-Apr-2026,Rowan Kowalski,rowan.kowalski@example.com,+44 7093 972176,Seattle,Nimbus Basic,FEATURE_REQUEST,Urgent,Phone,pending_customer,Standard,6,,-1,20.83,,Customer requested an update after the first response.
TKT-02387,13-May-2026,Arden Meyer,arden.meyer65@gmail.com,+44 7494 145078,london,Orchid Plus,Feature Request,High,Web Form,OPEN,Free,6,unknown,-1,66.33,login;password,Escalated to the specialist queue.
TKT-02093,28-Jan-2025,Hayden Turner,hayden.turner@mailbox.org,0098-34661948,Glasgow,Lumen Starter,Product Question,MEDIUM,PHONE,Closed,,1,1260,48h,113.22,account;security;urgent,Issue reproduced on a mobile device.
TKT-01892,2025-03-15 20:38:00,Avery Carter,avery.carter@company.co,,Amsterdam,Vertex Analytics,Delivery,low,social,Closed,Free, four,1235,,79.35,feature-request,Issue reproduced on a mobile device.
TKT-00763,10/31/2025 21:32,Marley Hughes,marley.hughes@outlook.com,+44 7206 945103,New York,Orchid Plus,Security,High,web-form,resolved,Premium,,-5,48h,219.8,feature-request,No additional context provided.
TKT-01451,21-Jan-2025,Reese Sullivan,reese.sullivan@company.co,+44 7705 420186,Dublin,Orchid Plus,Delivery,High,Web Form,Closed,,1,59,48h,95.99,product question,No additional context provided.
TKT-00513,2025/02/03,Drew Nguyen,drew.nguyen2@example.com,,Toronto,Orchid Plus,Security,high,Phone,OPEN,premium,6,-5,45.2,65.86,bug;mobile,Customer mentioned a previous unresolved ticket.
TKT-02697,2024-05-17 06:53:00,Arden Kowalski,arden.kowalski@example.com,0074-91143914,Bristol,Nimbus Basic,Product Question,Low,PHONE,Escalated,Free,2,unknown,-1,138.5,delivery | late,Follow-up required next business day.
TKT-02138,24-Feb-2024,Micah Chen,micah.chen@outlook.com,+44 7339 585571,Manchester,Harbor Essentials,Product Question,High,social,Pending Customer,,1,-5,48h,164.2,account;security;urgent,No additional context provided.
ticket-00454,24-Oct-2024,Casey Santos,casey.santos93@mailbox.org,0061-60636474,Leeds,Harbor Essentials,Billing,MEDIUM,Email,Closed,,0,48,48h,106.72,account;security;urgent,Customer supplied screenshots.
TKT-00433,2024-09-28 10:14:00,Shawn Walker,shawn.walker30@example.com,+1 (743) 434-1664,,Vertex Analytics,Feature Request,low,Live Chat,Escalated,Enterprise,5,-5,90.2,64.18,BILLING;invoice,No additional context provided.
TKT-00093,02/01/2024 14:43,Jamie Morales,jamie.morales@company.co,343.198.1813,Dublin,Orchid Plus,Product Question,Medium,PHONE,Open,Premium,,,0.6,40.39,product question,
TKT-02533,2025/05/31,Cameron Singh,cameron.singh75@gmail.com,,Glasgow,Vertex Analytics,Security,High,email,Closed,,1,-5,56.7,109.55,"billing,invoice",Customer requested an update after the first response.
TKT-02125,2025/04/16,Jordan Walker,jordan.walker56@gmail.com,,Seattle,Vertex Analytics,Technical Issue,urgent,email,resolved,premium, four,,39.1,$80.24,login;password,
TKT-02195,2025-10-17 22:04:00,Milan Turner,milan.turner54@mailbox.org,+1 (374) 888-7545,Dublin,Vertex Analytics,Subscription,MEDIUM,social,Open,Free,5,1350,48h,,refund,Customer requested an update after the first response.
TKT-00693,01-Aug-2024,Milan Turner,milan.turner17@gmail.com,0091-62111008,Toronto,Mosaic Team,Feature Request,MEDIUM,web-form,OPEN,Standard,,unknown,-1,19.54,account;security;urgent,Follow-up required next business day.
TKT-02074,07/28/2025 10:32,Casey Chen,casey.chen31@outlook.com,,Manchester,Lumen Starter,Technical Issue,high,Social Media,resolved,,0,844,,89.85,delivery | late,Issue reproduced on a mobile device.
TKT-01572,08-Jun-2025,Sage Fischer,sage.fischer@gmail.com,0025-98883707,Melbourne,Harbor Essentials,Technical Issue,Medium,PHONE,Pending Customer,Premium,5,603,-1,10.01,login;password,
TKT-02103,2024/09/13,Finley Petrov,finley.petrov@outlook.com,,Toronto,Orchid Plus,Security,low,social,pending_customer,,1,1567,48h,31.17,bug;mobile,Customer requested an update after the first response.
TKT-00383,2025-09-03 01:24:00,Robin Hansen,robin.hansen@company.co,573.305.1924, BERLIN ,Lumen Starter,Feature Request,High,Phone,resolved,Free,5,132,,0,login;password,
TKT-01562,25-May-2025,Finley Ibrahim,finley.ibrahim@example.com,0063-17277308,New York,Lumen Starter,Account Access,Urgent,Phone,OPEN,, four,,,37.9,account;security;urgent,Escalated to the specialist queue.
TKT-00975,2025-08-14 03:02:00,Milan Kowalski,milan.kowalski@company.co,321.140.6258,Berlin,Harbor Essentials,Product Question,urgent,web-form,Open,Free,0,unknown,,54.46,,Customer supplied screenshots.
TKT-01702,2024-01-13 16:58:00,Skyler Parker,skyler.parker85@company.co,+44 7424 840518,Singapore,Cobalt Enterprise,Technical Issue,urgent,email,OPEN,Enterprise,1,270,,105.91,,Customer mentioned a previous unresolved ticket.
TKT-02113,30-Oct-2024,Casey Kim,casey.kim@example.com,+1 (974) 422-3806,Bristol,Harbor Essentials,Delivery,Medium,PHONE,resolved,Standard,2,-5,48h,81.25,delivery | late,
TKT-02428,2024-11-19 20:08:00,Avery Ibrahim,avery.ibrahim35@mailbox.org,0081-57868744, BERLIN ,Mosaic Team,Product Question,Urgent,email,pending_customer,Free,5,unknown,,75.58,"billing,invoice",No additional context provided.
TKT-00029,13-Oct-2025,Alexis Sullivan,alexis.sullivan@mailbox.org,+44 7749 237795,Cape Town,Nimbus Basic,Account Access,Urgent,chat,resolved,Free,0,-5,48h,45.96,,No additional context provided.
TKT-02400,20-Apr-2026,Sage Reed,sage.reed48@mailbox.org,459.582.6058,,Atlas Pro,Billing,Medium,PHONE,OPEN,premium,1,,,82.81,,Escalated to the specialist queue.
TKT-00663,2025/03/29,Emerson Morris,emerson.morris@company.co,789.258.4019,Toronto,Harbor Essentials,Billing,urgent,Email,Escalated,premium,3,unknown,,77.2,account;security;urgent,Customer requested an update after the first response.
TKT-01065,2024-10-27 10:11:00,Emerson Sullivan,EMERSON.SULLIVAN@OUTLOOK.COM,0095-80641323,Toronto,Mosaic Team,Subscription,Low,social,Escalated,Enterprise,,21,-1,59.07,feature-request,Customer requested an update after the first response.
TKT-02668,2024-03-14 02:00:00,Alexis Larsen,alexis.larsen@outlook.com,,Bristol,Harbor Essentials,Account Access,Urgent,Live Chat,Closed,,6,1068,34.1,11.21,,
TKT-01715,03/18/2026 13:14,Milan Novak,milan.novak74@example.com,+1 (859) 335-2725,Melbourne,Harbor Essentials,Subscription,Low,email,Pending Customer,premium,,1023,5.1,,product question,Follow-up required next business day.
TKT-02124,2025-10-17 07:23:00,Emerson Sullivan,emerson.sullivan24@gmail.com,901.696.3725,Austin,Lumen Starter,Security,Low,Email,pending_customer,premium,3,,-1,64.54,BILLING;invoice,Follow-up required next business day.
TKT-01667,20-Feb-2026,Morgan Morales,morgan.morales73@outlook.com,,Glasgow,Atlas Pro,Feature Request,Urgent,Live Chat,Open,,5,-5,48h,24.04,,Follow-up required next business day.
TKT-00077,2025-11-02 04:19:00,Devon Parker,devon.parker@mailbox.org,742.524.7146,Cape Town,Cobalt Enterprise,Technical Issue,high,Web Form,OPEN,,2,,48h,83.79,product question,Customer requested an update after the first response.
TKT-02639,2025-08-19 23:17:00,Robin Larsen,robin.larsen40@example.com,N/A,Bristol,Lumen Starter,Feature Request,Urgent,PHONE,pending_customer,,0,79,,22.21,login;password,Issue reproduced on a mobile device.
TKT-02777,2026/02/02,Jamie Hansen,jamie.hansen76@outlook.com,,Berlin,Orchid Plus,Security,High,Social Media,resolved,premium,0,1247,14.7,64.91,delivery | late,Escalated to the specialist queue.
TKT-00790,2025/06/27, emerson brooks ,emerson.brooks@mailbox.org,,New York,Atlas Pro,Subscription,MEDIUM,Live Chat,Open,premium,3,unknown,48h,0,refund,No additional context provided.
TKT-02086,2025-12-31 03:03:00,Avery Kim,avery.kim@example.com,730.573.7533,London,Mosaic Team,Account Access,high,Email,Resolved,Premium, four,529,57.4,11.86,,Customer mentioned a previous unresolved ticket.
TKT-01155,11/21/2024 19:47,Tatum Nguyen,TATUM.NGUYEN@EXAMPLE.COM,+44 7361 162499,Singapore,Nimbus Basic,Delivery,MEDIUM,Email,OPEN,Standard,5,-5,,169.31,feature-request,Issue reproduced on a mobile device.
TKT-01187,2026-03-16 07:15:00,Tatum Grant,tatum.grant84@company.co,134.463.8377,New York,Cobalt Enterprise,Subscription,MEDIUM,Phone,resolved,Enterprise,1,278,48h,24.96,product question,No additional context provided.
TKT-02773,16-Jan-2026,Jamie Ahmed,jamie.ahmed@example.com,0072-48788170,Cape Town,Mosaic Team,Technical Issue,High,web-form,OPEN,Free,,1641,48h,69.28,refund,Customer supplied screenshots.
TKT-00010,05/16/2026 01:44,Morgan Walker,morgan.walker @gmail.com,+44 7564 839945,Bristol,Cobalt Enterprise,Feature Request,high,social,Pending Customer,Standard,5,1133,41.4,108.84,login;password,Escalated to the specialist queue.
TKT-02214,07/19/2025 09:04,Finley Chen,finley.chen92@example.com,+44 7308 371446,Austin,Nimbus Basic,Refund,high,email,Closed,Premium,2,-5,95.9,54.14,,No additional context provided.
TKT-01634,2024-11-28 03:29:00,Alexis Fischer,alexis.fischer@mailbox.org,+1 (495) 497-4765, BERLIN ,Nimbus Basic,Account Access,low,PHONE,OPEN,,2,,,135.65,delivery | late,Customer requested an update after the first response.
TKT-00534,02/24/2025 22:42,Riley Hansen,riley.hansen84@outlook.com,,Austin,Vertex Analytics,Account Access,low,PHONE,Pending Customer,Premium,3,,87.1,12.39,,No additional context provided.
TKT-00889,2025/03/01,Casey Reed,,+1 (369) 834-2414,Seattle,Orchid Plus,Delivery,Medium,social,Open,,6,-5,3.5,111.49,"billing,invoice",Customer mentioned a previous unresolved ticket.
TKT-01189,11/30/2024 22:56,Blake Grant,blake.grant@company.co,+1 (361) 953-7985,Manchester,Atlas Pro,Subscription,high,Live Chat,OPEN,Premium,3,unknown,48h,109.25,product question,No additional context provided.
TKT-00127,2024-04-29 17:31:00,Drew Grant,drew.grant@company.co,700.982.1448,Berlin,Vertex Analytics,Product Question,Medium,chat,resolved,Free,2,1299,,24.52,feature-request,
TKT-00704,12/25/2024 22:30,Casey Hughes,casey.hughes19@mailbox.org,N/A,London,Cobalt Enterprise,Delivery,MEDIUM,PHONE,Pending Customer,Standard,2,-5,25.9,1.53,"billing,invoice",Issue reproduced on a mobile device.
TKT-02634,06/13/2025 03:50,Marley Ahmed,marley.ahmed28@mailbox.org,,Austin,Nimbus Basic,Subscription,urgent,chat,Escalated,,1,-5,3.4,96.12,BILLING;invoice,Customer mentioned a previous unresolved ticket.
TKT-02663,03-Feb-2026,Cameron Brooks,cameron.brooks49@outlook.com,893.955.5307,Manchester,Atlas Pro,Feature Request,Medium,Live Chat,Closed,Enterprise,1,unknown,48h,$111.85,account;security;urgent,Escalated to the specialist queue.
TKT-02280,29-Dec-2025,Jamie Ahmed,jamie.ahmed@gmail.com,558.821.8120,Cape Town,Cobalt Enterprise,Technical Issue,MEDIUM,PHONE,Resolved,Free,2,559,-1,104.44,bug;mobile,No additional context provided.
TKT-01384,03-Aug-2024,Avery Nguyen,avery.nguyen@gmail.com,741.667.6855,Seattle,Mosaic Team,Refund,High,chat,Closed,Standard,3,,,45.69,,
TKT-02029,2025/07/30,Quinn Patel,quinn.patel @example.com,,Toronto,Mosaic Team,Account Access,Urgent,Phone,OPEN,,4,1166,,90.53,login;password,Escalated to the specialist queue.
TKT-00850,2024-06-24 21:43:00,Finley Kim,,402.241.9925,Austin,Cobalt Enterprise,Refund,Medium,Email,Resolved,Premium,2,1398,-1,49.8,,Escalated to the specialist queue.
TKT-01296,2026/01/26,Shawn Santos,SHAWN.SANTOS@OUTLOOK.COM,317.233.5926, BERLIN ,Orchid Plus,Technical Issue,low,Live Chat,Open,Free,5,577,3.9,73.56,,Follow-up required next business day.
TKT-01842,2024/10/27,Marley Kim,marley.kim16@outlook.com,+1 (325) 839-8673,Birmingham,Lumen Starter,Technical Issue,Low,Social Media,Pending Customer,,6,1671,48h,0,"billing,invoice",Customer mentioned a previous unresolved ticket.
TKT-00900,15-Jun-2024,Drew Hansen,drew.hansen@company.co,0060-84649979,Toronto,Orchid Plus,Delivery,MEDIUM,email,Pending Customer,,2,1514,48h,34.07,product question,No additional context provided.
TKT-00890,2025-08-12 20:08:00,Jordan Petrov,jordan.petrov9@mailbox.org,878.541.7532,london,Lumen Starter,Billing,MEDIUM,Email,Open,Standard,5,1459,87.5,$139.98,account;security;urgent,Issue reproduced on a mobile device.
TKT-00324,09/11/2025 18:25,Avery Diaz,avery.diaz@example.com,+44 7670 151605,Manchester,Atlas Pro,Feature Request,Medium,web-form,OPEN,, four,1472,,194.08,bug;mobile,
TKT-00319,19-Feb-2024,Blake Grant,blake.grant75@company.co,,Bristol,Vertex Analytics,Product Question,High,Live Chat,Escalated,premium,5,,48h,96.83,delivery | late,No additional context provided.
TKT-00726,12-Feb-2026,Taylor Grant,taylor.grant@company.co,+44 7001 918133,london,Harbor Essentials,Subscription,Medium,social,OPEN,Free,3,,48h,68.88,BILLING;invoice,Customer requested an update after the first response.
TKT-02694,01-Mar-2025,Kendall Diaz,,+44 7480 119682,,Atlas Pro,Product Question,High,Live Chat,OPEN,,,711,,71.6,login;password,Customer mentioned a previous unresolved ticket.
TKT-01164,2024/11/08,Finley Fischer,finley.fischer@example.com,0088-65011424,Birmingham,Harbor Essentials,Billing,high,Live Chat,Escalated,,5,-5,33.9,,"billing,invoice",Issue reproduced on a mobile device.
TKT-02652,2026/01/01,Marley Morales,marley.morales@example.com,+44 7661 769227,London,Vertex Analytics,Technical Issue,Low,email,Escalated,,3,761,,162.56,"billing,invoice",Customer mentioned a previous unresolved ticket.
TKT-01010,2024/06/01,Sage Turner,,0097-26272372,Bristol,Harbor Essentials,Refund,urgent,social,Resolved,Standard,6,,54.8,49.56,feature-request,
TKT-02106,2025/03/20, cameron brooks ,cameron.brooks66@company.co,0063-58664514,Bristol,Lumen Starter,Refund,High,Web Form,Pending Customer,Standard,0,,14.1,169.35,,Follow-up required next business day.
TKT-01014,2024/02/23,Casey Sullivan,casey.sullivan@company.co,N/A,Glasgow,Mosaic Team,Account Access,Low,Web Form,Pending Customer,Enterprise,1,-5,48h,41.09,,Escalated to the specialist queue.
TKT-02215,2025/11/26,Riley Wilson,RILEY.WILSON@GMAIL.COM,0035-32524746,Berlin,Atlas Pro,Feature Request,High,web-form,Escalated,,5,1077,1.3,,account;security;urgent,
TKT-02745,2024/10/25,Emerson Morris,emerson.morris @outlook.com,0039-86048515,New York,Cobalt Enterprise,Billing,Medium,web-form,Resolved,, four,1033,-1,0,login;password,Customer requested an update after the first response.
TKT-01389,26-Jun-2025,Hayden Hansen,hayden.hansen@mailbox.org,,,Vertex Analytics,Delivery,urgent,Email,Pending Customer,Free,1,572,,80.76,feature-request,Escalated to the specialist queue.
TKT-00838,2024-10-22 00:43:00,Jordan Sullivan,jordan.sullivan38@gmail.com,+1 (587) 993-9500,Amsterdam,Harbor Essentials,Refund,low,social,Escalated,,4,832,2.6,24.09,,Customer requested an update after the first response.
TKT-01227,11/06/2025 17:26,Morgan Ibrahim,morgan.ibrahim@outlook.com,+1 (675) 850-8466,Cape Town,Orchid Plus,Billing,urgent,social,Resolved,Premium,1,825,,81.41,refund,Follow-up required next business day.
TKT-00035,05/17/2026 03:41,Hayden Parker,hayden.parker@company.co,0089-45896226,Cape Town,Cobalt Enterprise,Account Access,MEDIUM,Social Media,resolved,,5,373,-1,124.24,login;password,Issue reproduced on a mobile device.
TKT-02574,2025-05-28 17:32:00,Skyler Kim,skyler.kim@example.com,+44 7137 321022,Manchester,Atlas Pro,Technical Issue,Medium,Phone,Closed,,3,72,-1,76.24,refund,Follow-up required next business day.
TKT-01891,2025-04-06 16:13:00,Morgan Reed,morgan.reed@example.com,+44 7059 992235,Cape Town,Atlas Pro,Billing,urgent,web-form,OPEN,Free,1,unknown,48h,109.05,delivery | late,
TKT-01305,11/15/2024 11:53,Drew Petrov,drew.petrov@mailbox.org,+44 7098 236980,Leeds,Lumen Starter,Security,high,web-form,resolved,,5,-5,48h,108.51,,Escalated to the specialist queue.
TKT-00647,09/27/2025 22:09,Riley Carter,riley.carter@company.co,+44 7623 939279,Birmingham,Harbor Essentials,Refund,Urgent,Email,pending_customer,premium,6,-5,88.5,0,,
TKT-01662,2026/06/15,Drew Morales,drew.morales@mailbox.org,+44 7534 539770,London,Vertex Analytics,Delivery,low,PHONE,Open,Standard,5,1737,,72.51,,No additional context provided.
TKT-00244,01/19/2025 19:11,Alexis Reed,alexis.reed@example.com,0048-75961801,Berlin,Cobalt Enterprise,Feature Request,urgent,email,Resolved,,5,1314,39.4,126.62,product question,Customer supplied screenshots.
TKT-01711,10/04/2024 04:13,Marley  Brooks,marley.brooks@mailbox.org,+1 (702) 537-5304,London,Lumen Starter,Refund,Low,Web Form,OPEN,Free,5,-5,,139.89,"billing,invoice",Follow-up required next business day.
TKT-00437,17-Jun-2025,Micah Patel,micah.patel@company.co,351.419.9799,Toronto,Lumen Starter,Security,Low,Email,Closed,Premium,2,616,-1,168.57,,Issue reproduced on a mobile device.
TKT-02284,11-Mar-2024,Casey Bennett,casey.bennett@example.com,707.660.6834,Bristol,Lumen Starter,Account Access,high,PHONE,Escalated,Enterprise,3,208,48h,25.04,refund,Issue reproduced on a mobile device.
TKT-02362,2025/06/15,Blake Brooks,blake.brooks@company.co,+44 7974 308132,Birmingham,Cobalt Enterprise,Feature Request,High,Email,Open,Free,,unknown,-1,4.6,feature-request,Issue reproduced on a mobile device.
TKT-01156,03/07/2024 02:03,Blake Okafor,blake.okafor@example.com,,Birmingham,Mosaic Team,Feature Request,High,Live Chat,Closed,Free,,726,-1,134.54,feature-request,Customer requested an update after the first response.
TKT-00326,27-Sep-2024,Milan Reed,milan.reed@gmail.com,0049-12310226,Birmingham,Nimbus Basic,Feature Request,High,Web Form,pending_customer,premium,2,-5,-1,12.22,,Issue reproduced on a mobile device.
TKT-00387,2025-11-14 05:52:00,Drew Diaz,drew.diaz@company.co,,Seattle,Vertex Analytics,Account Access,Urgent,Social Media,Open,Premium,6,1088,65.0,,login;password,Escalated to the specialist queue.
TKT-00902,15-Jan-2026,Taylor Patel,taylor.patel@gmail.com,0075-77758116,Glasgow,Vertex Analytics,Subscription,urgent,Social Media,pending_customer,Enterprise,3,,-1,57.37,BILLING;invoice,
TKT-00398,18-Jul-2024,Tatum Petrov,,+1 (467) 409-3360,Cape Town,Lumen Starter,Account Access,High,email,Resolved,Free,3,unknown,-1,153.46,refund,
TKT-00993,2025-01-04 02:15:00,Marley Carter,MARLEY.CARTER @EXAMPLE.COM,+1 (404) 324-4840,Birmingham,Harbor Essentials,Feature Request,urgent,PHONE,OPEN,Enterprise,3,1396,48h,65.41,,Customer supplied screenshots.
TKT-02188,2025/12/08,Devon Okafor,devon.okafor@example.com,,,Vertex Analytics,Technical Issue,low,Web Form,Resolved,premium,3,unknown,48h,64.33,"billing,invoice",No additional context provided.
TKT-02575,2024/02/25,Ellis Diaz,ellis.diaz@gmail.com,, BERLIN ,Atlas Pro,Product Question,Medium,social,Open,Enterprise,3,-5,48h,223.14,delivery | late,Issue reproduced on a mobile device.
TKT-00391,2024-03-26 15:21:00,Arden Singh,,+1 (331) 980-2753,Manchester,Orchid Plus,Delivery,Medium,Phone,Open,,1,,83.6,29.59,,Escalated to the specialist queue.
TKT-01976,04/23/2025 07:14,Riley Meyer,riley.meyer@gmail.com,N/A,London,Lumen Starter,Billing,urgent,email,Pending Customer,Standard,6,unknown,,57.63,login;password,Issue reproduced on a mobile device.
TKT-01691,2025-08-07 15:58:00,Sage Wilson,sage.wilson@gmail.com,0043-38625278,Cape Town,Nimbus Basic,Refund,Low,PHONE,Escalated,,1,1056,,111.27,"billing,invoice",Customer mentioned a previous unresolved ticket.
TKT-01829,2025/06/17,Marley Meyer,,,Leeds,Mosaic Team,Delivery,high,social,Resolved,, four,1476,-1,73.58,feature-request,
TKT-02111,2024/04/07,Alexis Singh,alexis.singh46@outlook.com,,Berlin,Vertex Analytics,Technical Issue,High,social,Resolved,Standard,2,unknown,48h,49.07,refund,Escalated to the specialist queue.
TKT-02358,09/18/2024 18:02,Avery Carter,avery.carter60@outlook.com,+44 7313 745765,Manchester,Nimbus Basic,Feature Request,high,Live Chat,OPEN,Standard,4,1626,48h,86.89,account;security;urgent,Customer supplied screenshots.
TKT-02226,01/19/2025 02:50,Finley Ibrahim,finley.ibrahim2@company.co,275.671.2817,Birmingham,Mosaic Team,Billing,High,Phone,Escalated,Enterprise,5,,28.1,151.67,login;password,Issue reproduced on a mobile device.
TKT-02102,10/14/2024 18:25, avery kowalski ,avery.kowalski8@mailbox.org,+1 (706) 828-6478,Dublin,Lumen Starter,Refund,High,web-form,Open,Standard,6,391,75.7,29.39,account;security;urgent,Customer supplied screenshots.
TKT-02393,05/11/2024 19:49,Sage Wilson,sage.wilson@company.co,+1 (530) 304-7222,Amsterdam,Atlas Pro,Billing,low,chat,Escalated,Premium,3,420,,$0.00,,Escalated to the specialist queue.
TKT-02618,2025-01-15 04:47:00,Milan Diaz,milan.diaz57@gmail.com,+44 7316 741754,Amsterdam,Mosaic Team,Product Question,Urgent,Email,Closed,Premium,6,unknown,,83.51,,Customer mentioned a previous unresolved ticket.
TKT-02536,10-Jul-2024,Devon Grant,devon.grant73@example.com,+1 (627) 821-6977,Toronto,Cobalt Enterprise,Account Access,Low,Phone,Open,Standard,2,1008,38.1,62.77,account;security;urgent,Escalated to the specialist queue.
TKT-00871,25-Oct-2025,Robin Turner,robin.turner@outlook.com,,Seattle,Nimbus Basic,Delivery,Urgent,PHONE,Escalated,,5,1330,5.6,69.27,bug;mobile,
TKT-02796,28-Jun-2025,Riley Okafor,riley.okafor17@company.co,+44 7166 826154,Austin,Orchid Plus,Subscription,Medium,Social Media,Resolved,Premium,5,-5,7.0,32.34,login;password,Escalated to the specialist queue.
TKT-00297,27-Apr-2026,Cameron Turner,cameron.turner67@outlook.com,+44 7745 770879,New York,Harbor Essentials,Feature Request,High,Social Media,resolved,Premium,1,unknown,34.6,128.48,BILLING;invoice,Issue reproduced on a mobile device.
TKT-01528,06/28/2024 14:08,Marley Diaz,marley.diaz@outlook.com,+1 (746) 415-9624,Manchester,Nimbus Basic,Billing,High,social,Open,Premium,2,,-1,163.88,,Issue reproduced on a mobile device.
TKT-00673,01/06/2025 20:48,Hayden Patel,hayden.patel9@outlook.com,,Singapore,Atlas Pro,Refund,high,social,Closed,Standard,0,-5,48h,60.15,bug;mobile,Follow-up required next business day.
TKT-00788,15-Feb-2026, milan reed ,milan.reed@mailbox.org,,Dublin,Vertex Analytics,Product Question,Low,Live Chat,resolved,,0,unknown,62.9,104.25,account;security;urgent,Customer requested an update after the first response.
TKT-01281,2024/05/15,Ellis Chen,ellis.chen@outlook.com,854.641.3265,,Mosaic Team,Billing,urgent,web-form,OPEN,Standard,,,,86.34,refund,
TKT-02104,2025/05/18,Skyler Bennett,skyler.bennett@mailbox.org,683.205.6844,london,Orchid Plus,Account Access,low,Email,OPEN,,6,,11.2,140.9,product question,Customer requested an update after the first response.
TKT-00602,01/12/2026 01:34,Shawn Okafor,shawn.okafor@mailbox.org,+44 7636 192392,Austin,Nimbus Basic,Account Access,urgent,Phone,OPEN,Enterprise,5,1733,48h,28.28,,Customer mentioned a previous unresolved ticket.
TKT-02419,11/28/2025 04:21,Milan Diaz,milan.diaz@mailbox.org,+1 (430) 861-7296, BERLIN ,Vertex Analytics,Refund,urgent,Social Media,pending_customer,Premium,4,-5,14.8,100.49,login;password,Customer supplied screenshots.
TKT-02495,2025-01-05 02:53:00,Drew Hughes,drew.hughes@outlook.com,+44 7535 824344,Glasgow,Cobalt Enterprise,Delivery,Urgent,Phone,Escalated,,5,,48h,9.89,feature-request,
TKT-02475,06/29/2025 22:54,Finley Reed,finley.reed@example.com,+1 (640) 500-9456,Melbourne,Nimbus Basic,Feature Request,Medium,PHONE,Escalated,Free, four,,,95.71,delivery | late,Escalated to the specialist queue.
TKT-02761,2025-02-15 21:25:00,Morgan Singh,morgan.singh58@mailbox.org,713.590.4565,Glasgow,Vertex Analytics,Feature Request,Urgent,Social Media,Resolved,,3,-5,11.8,113.62,bug;mobile,Issue reproduced on a mobile device.
TKT-01423,2024/01/31,Rowan Nguyen,rowan.nguyen@gmail.com,0027-60986270,Bristol,Cobalt Enterprise,Security,low,social,Resolved,Enterprise,5,unknown,44.6,58.93,delivery | late,Customer supplied screenshots.
TKT-01003,2025/12/03, ellis brooks ,ellis.brooks@mailbox.org,0061-76080843,,Orchid Plus,Security,low,web-form,OPEN,Standard,5,,,$82.28,login;password,Customer requested an update after the first response.
TKT-02329,22-May-2025,Taylor Okafor,taylor.okafor@company.co,525.912.1488,Singapore,Nimbus Basic,Account Access,High,Social Media,Resolved,,2,-5,48h,117.25,account;security;urgent,Customer supplied screenshots.
TKT-00575,2026-06-08 02:19:00,Arden Turner,arden.turner31@gmail.com,0070-43068667,Austin,Harbor Essentials,Refund,Medium,PHONE,Open,Free,3,,48h,124.62,"billing,invoice",Customer mentioned a previous unresolved ticket.
TKT-00568,29-Apr-2024,Arden Petrov,arden.petrov46@example.com,+44 7358 792837,Toronto,Orchid Plus,Refund,MEDIUM,Web Form,Closed,, four,unknown,,23.56,"billing,invoice",Customer supplied screenshots.
TKT-01614,28-Aug-2025,Arden Walker,arden.walker59@mailbox.org,N/A,Melbourne,Harbor Essentials,Subscription,low,Live Chat,OPEN,Premium,6,,45.3,74.72,BILLING;invoice,Customer supplied screenshots.
TKT-01854,26-May-2025,Arden Chen,arden.chen@mailbox.org,796.894.1725,Singapore,Mosaic Team,Refund,urgent,Live Chat,OPEN,Premium,,1015,,129.55,,Issue reproduced on a mobile device.
TKT-00333,06/26/2024 16:09,Kendall Parker,kendall.parker@company.co,+1 (922) 953-3898,,Cobalt Enterprise,Feature Request,Low,chat,OPEN,,1,-5,,83.17,feature-request,Escalated to the specialist queue.
TKT-02646,02-Oct-2025,Sage Sullivan,sage.sullivan49@example.com,671.162.8925,Glasgow,Vertex Analytics,Security,Medium,Live Chat,OPEN,Enterprise,2,471,92.2,35.84,"billing,invoice",No additional context provided.
TKT-02233,12/29/2024 23:04,Shawn Meyer,shawn.meyer29@outlook.com,+44 7162 283473,Leeds,Lumen Starter,Security,high,Email,Closed,Enterprise,4,,-1,0,product question,Customer mentioned a previous unresolved ticket.
TKT-00384,2024/04/24,Morgan Kowalski,morgan.kowalski@company.co,,Melbourne,Harbor Essentials,Delivery,urgent,social,Closed,Premium, four,1576,82.3,50.08,BILLING;invoice,
TKT-00531,01/04/2026 14:58,Skyler Meyer,skyler.meyer@mailbox.org,148.516.5152,Birmingham,Atlas Pro,Account Access,Medium,chat,Open,Enterprise,1,-5,-1,114.12,product question,Issue reproduced on a mobile device.
TKT-01956,2024/09/10,Casey Patel,casey.patel@outlook.com,+1 (933) 263-5631,Glasgow,Mosaic Team,Security,High,Social Media,Escalated,,2,unknown,,154.59,BILLING;invoice,Escalated to the specialist queue.
TKT-00434,2025-07-28 11:12:00,Casey Larsen,casey.larsen2@mailbox.org,0094-44654107,Bristol,Atlas Pro,Delivery,Medium,Social Media,Pending Customer,Free, four,1495,48h,118.46,account;security;urgent,Issue reproduced on a mobile device.
TKT-01561,04/17/2025 18:23,Emerson Ahmed,,266.759.5393,Austin,Cobalt Enterprise,Refund,Low,Email,pending_customer,Premium,4,442,91.9,77.82,product question,Customer mentioned a previous unresolved ticket.
TKT-00118,06-Apr-2025,Alexis Singh,alexis.singh89@outlook.com,+44 7320 358133,Leeds,Vertex Analytics,Product Question,Medium,Live Chat,Resolved,,5,unknown,48h,14.72,BILLING;invoice,Issue reproduced on a mobile device.
TKT-01791,31-Mar-2026,Rowan Wilson,rowan.wilson16@example.com,,New York,Nimbus Basic,Technical Issue,Medium,Social Media,OPEN,premium,2,,93.6,0,"billing,invoice",Customer mentioned a previous unresolved ticket.
TKT-02515,29-Apr-2024,Hayden Patel,hayden.patel66@gmail.com,+1 (417) 854-8409,Singapore,Atlas Pro,Subscription,High,Web Form,Closed,Premium,1,-5,-1,72.1,feature-request,
TKT-01292,2025/08/17,Quinn Nguyen,quinn.nguyen75@example.com,,,Lumen Starter,Security,Low,PHONE,Closed,Premium,3,-5,-1,,"billing,invoice",
TKT-00438,08-Jul-2024,Marley Hughes,marley.hughes78@company.co,+44 7325 229737,Toronto,Nimbus Basic,Security,Low,Social Media,OPEN,Free,5,-5,72.5,3.09,product question,
TKT-02269,04/13/2024 20:35,Cameron Parker,cameron.parker@outlook.com,N/A,Dublin,Lumen Starter,Security,high,Phone,pending_customer,Standard,5,303,-1,51.27,refund,Customer requested an update after the first response.
TKT-01726,02-Jun-2026,Hayden Walker,hayden.walker21@example.com,+1 (779) 625-4589,Manchester,Cobalt Enterprise,Account Access,low,Web Form,Open,Premium,1,,75.8,138.73,,Customer requested an update after the first response.
TKT-00811,2024-06-19 12:21:00,Hayden Okafor,hayden.okafor@mailbox.org,,Birmingham,Harbor Essentials,Billing,Medium,social,resolved,premium,,1116,65.2,68.72,delivery | late,Customer supplied screenshots.
TKT-02431,13-Jan-2025,Jamie Patel,,704.995.5509,,Orchid Plus,Account Access,Medium,chat,Escalated,Standard, four,unknown,-1,110.05,,Follow-up required next business day.
TKT-01926,2025/07/22,Finley  Wilson,FINLEY.WILSON@COMPANY.CO,925.448.8779,Melbourne,Orchid Plus,Billing,Urgent,PHONE,OPEN,Free,4,1056,48h,28.43,bug;mobile,Follow-up required next business day.
TKT-00496,06/18/2024 20:28,Robin Kowalski,robin.kowalski@company.co,0076-57599142,New York,Vertex Analytics,Refund,high,email,Open,,2,unknown,-1,108.64,BILLING;invoice,Follow-up required next business day.
TKT-01886,2026/01/09,Robin Bennett,robin.bennett@mailbox.org,743.265.3781,Leeds,Vertex Analytics,Billing,MEDIUM,Web Form,Pending Customer,,0,unknown,,94.41,,Follow-up required next business day.
TKT-01637,09/23/2025 08:28,Shawn Turner,shawn.turner@example.com,+44 7693 916837,Cape Town,Harbor Essentials,Feature Request,Urgent,social,Resolved,Enterprise,,-5,48h,26.47,,Customer supplied screenshots.
TKT-00621,02/15/2024 18:37,Avery Singh,avery.singh@example.com,,Birmingham,Atlas Pro,Account Access,MEDIUM,email,resolved,,1,463,48h,35.52,delivery | late,Customer requested an update after the first response.
TKT-01770,19-Jun-2026,Cameron Nguyen,cameron.nguyen45@outlook.com,,Toronto,Mosaic Team,Delivery,low,chat,Closed,Enterprise,5,-5,,109.33,,Follow-up required next business day.
TKT-00505,2026/06/14,Casey Morris,casey.morris@company.co,+1 (479) 656-3210,,Mosaic Team,Feature Request,Low,PHONE,resolved,,2,111,,43.21,feature-request,Follow-up required next business day.
TKT-00998,07/15/2025 14:08,Skyler Nguyen,,+1 (448) 360-6346,Manchester,Lumen Starter,Delivery,Medium,PHONE,pending_customer,premium,3,unknown,-1,114.25,BILLING;invoice,Customer requested an update after the first response.
TKT-01871,2025-10-11 21:50:00,Quinn Meyer,quinn.meyer8@outlook.com,,Austin,Vertex Analytics,Account Access,low,Live Chat,Escalated,,,unknown,,18.19,account;security;urgent,
TKT-00550,15-Mar-2024,Alexis Patel,alexis.patel73@gmail.com,N/A,Glasgow,Nimbus Basic,Billing,urgent,Phone,Resolved,,0,301,48h,45.78,,Follow-up required next business day.
TKT-01851,17-Dec-2025,Robin Santos,robin.santos@example.com,,Singapore,Orchid Plus,Delivery,low,Social Media,Escalated,Enterprise,,239,-1,43.46,bug;mobile,Customer supplied screenshots.
TKT-00200,18-Apr-2025,Drew Turner,drew.turner@mailbox.org,+1 (576) 374-2922,Dublin,Mosaic Team,Account Access,high,Phone,Resolved,Premium,4,,-1,16.14,bug;mobile,Follow-up required next business day.
TKT-00740,10/02/2024 13:41,Finley Morales,finley.morales@example.com,+44 7580 147897,Seattle,Nimbus Basic,Refund,Low,Phone,Resolved,Premium,6,,64.1,134.79,"billing,invoice",Customer mentioned a previous unresolved ticket.
TKT-00185,2024/10/06,Emerson Walker,emerson.walker@outlook.com,0077-32432603,Glasgow,Nimbus Basic,Delivery,High,web-form,Escalated,,5,-5,,$66.71,feature-request,
TKT-01321,2024/03/24,Emerson Walker,emerson.walker21@outlook.com,+1 (953) 237-1453,Seattle,Nimbus Basic,Account Access,high,web-form,Open,Standard,,129,48h,82.12,account;security;urgent,
TKT-02455,26-Nov-2024,Micah Nguyen,micah.nguyen@company.co,,Austin,Orchid Plus,Subscription,high,Live Chat,Resolved,Standard,6,682,37.9,116.51,login;password,
TKT-02347,07/06/2025 10:17,Robin Petrov,,863.635.1403,Berlin,Cobalt Enterprise,Security,low,PHONE,Pending Customer,Premium,,1004,-1,52.66,,Issue reproduced on a mobile device.
TKT-01814,2025-01-12 07:37:00,Devon Brooks,devon.brooks53@gmail.com,+44 7601 511399,Singapore,Orchid Plus,Security,high,web-form,Pending Customer,Enterprise,,unknown,,128.33,"billing,invoice",Customer supplied screenshots.
TKT-00233,02/02/2026 23:19,Marley Sullivan,marley.sullivan91@mailbox.org,942.454.7616,New York,Harbor Essentials,Subscription,MEDIUM,Live Chat,resolved,,1,-5,,81.51,bug;mobile,
TKT-01521,2026-04-20 14:06:00,Arden Okafor,arden.okafor@mailbox.org,598.528.9350,Dublin,Vertex Analytics,Account Access,urgent,social,Pending Customer,, four,,,146.16,bug;mobile,Customer requested an update after the first response.
TKT-01248,2024-11-09 23:41:00,Casey Reed,casey.reed48@company.co,+44 7649 113072,New York,Mosaic Team,Billing,Medium,Live Chat,Resolved,Enterprise,1,unknown,59.0,36.65,account;security;urgent,
TKT-02779,2024-04-06 00:40:00,Tatum Nguyen,tatum.nguyen@mailbox.org,+44 7629 946951,London,Nimbus Basic,Product Question,urgent,web-form,Closed,,3,unknown,,75.6,delivery | late,No additional context provided.
TKT-01527,2025/12/24,Drew Walker,drew.walker@outlook.com,0035-17813762,Toronto,Nimbus Basic,Billing,Urgent,PHONE,OPEN,Standard,2,unknown,,182.65,login;password,Escalated to the specialist queue.
TKT-00632,2024-10-20 19:07:00,Parker Brooks,parker.brooks@outlook.com,,Cape Town,Orchid Plus,Delivery,high,Social Media,Open,,1,,48h,163.13,delivery | late,Customer mentioned a previous unresolved ticket.
TKT-01341,04/10/2026 20:18,Alexis Singh,alexis.singh@company.co,0083-34794263,Berlin,Orchid Plus,SUBSCRIPTION,Urgent,web-form,OPEN,,5,,48h,87.83,feature-request,Customer requested an update after the first response.
TKT-00472,12-Jun-2025,Quinn Reed,quinn.reed83@example.com,130.779.6904,Berlin,Lumen Starter,Account Access,high,PHONE,OPEN,Standard,6,unknown,54.7,0,account;security;urgent,Customer supplied screenshots.
TKT-02425,02/23/2025 15:35,Cameron Brooks,cameron.brooks@example.com,+44 7634 142570,Manchester,Lumen Starter,Feature Request,Urgent,Live Chat,Pending Customer,,5,1531,-1,0,account;security;urgent,Escalated to the specialist queue.
TKT-00977,16-Mar-2024,Robin Okafor,robin.okafor39@mailbox.org,132.977.3305,Glasgow,Lumen Starter,Delivery,Urgent,social,Open,Enterprise,6,558,,54.12,feature-request,
TKT-01626,08/12/2025 04:37,Parker Singh,parker.singh2@example.com,+1 (691) 323-6245,,Cobalt Enterprise,Billing,low,web-form,Open,,4,1045,48h,138.4,bug;mobile,
TKT-01104,03/05/2026 01:22,Finley Novak,finley.novak@company.co,0096-51004065,Singapore,Cobalt Enterprise,Product Question,urgent,email,pending_customer,,6,-5,,71.32,BILLING;invoice,
TKT-02055,30-Mar-2025,Kendall Singh,,+44 7475 938074,London,Cobalt Enterprise,Security,High,Phone,Closed,, four,50,14.2,4.98,,Customer mentioned a previous unresolved ticket.
TKT-00476,2024/12/28,Finley Santos,finley.santos@company.co,,Cape Town,Harbor Essentials,Product Question,low,Phone,Pending Customer,Enterprise,5,335,-1,65.3,product question,
TKT-01593,31-May-2024,Blake Larsen,blake.larsen @company.co,,New York,Nimbus Basic,Technical Issue,Medium,Phone,pending_customer,Enterprise,4,-5,-1,103.01,delivery | late,Escalated to the specialist queue.
TKT-00662,24-May-2024,Riley Kim,,+44 7233 898118,Birmingham,Cobalt Enterprise,Product Question,MEDIUM,Phone,OPEN,Free,,-5,,,BILLING;invoice,
TKT-02498,2026-02-25 02:39:00,Rowan Wilson,rowan.wilson@mailbox.org,+44 7587 561485,Berlin,Vertex Analytics,Security,High,chat,Open,premium,5,668,44.9,63.61,BILLING;invoice,
TKT-02561,2024/07/26,Tatum Santos,tatum.santos@mailbox.org,+1 (416) 586-3522,Amsterdam,Mosaic Team,Billing,high,PHONE,resolved,Standard,1,225,-1,23.24,"billing,invoice",Issue reproduced on a mobile device.
TKT-00399,2024-02-23 11:08:00,Sage Reed,,0042-92286480,Amsterdam,Nimbus Basic,Refund,MEDIUM,email,Open,Enterprise,6,82,,72.7,delivery | late,Customer supplied screenshots.
TKT-01909,05/29/2024 09:45,Ellis Reed,ellis.reed@mailbox.org,+1 (713) 453-5013,Berlin,Nimbus Basic,Subscription,Urgent,Email,Open,,4,280,48h,13.33,feature-request,
TKT-02026,2025/06/08,Kendall Parker,kendall.parker50@company.co,,Melbourne,Lumen Starter,Feature Request,Low,Live Chat,Resolved,Premium, four,716,-1,89.11,BILLING;invoice,No additional context provided.
TKT-02052,2024-06-28 21:50:00,Casey Larsen,casey.larsen@gmail.com,+1 (323) 855-5193,New York,Atlas Pro,Security,Medium,Phone,Closed,premium,5,1434,80.7,31.31,feature-request,Customer supplied screenshots.
TKT-02427,2024-07-04 20:54:00,Ellis Grant,ellis.grant94@mailbox.org,974.329.3655,Melbourne,Orchid Plus,Product Question,urgent,chat,OPEN,,,,35.9,110.46,,Issue reproduced on a mobile device.
TKT-00470,07-Aug-2025,Reese Morris,reese.morris59@gmail.com,+1 (898) 474-4853,Toronto,Cobalt Enterprise,Feature Request,Medium,Live Chat,Closed,Premium,3,,,47.33,product question,No additional context provided.
TKT-01618,03/22/2025 20:42,Jamie Hughes,jamie.hughes62@example.com,,London,Vertex Analytics,Feature Request,MEDIUM,chat,Resolved,Standard,4,,48h,37.65,feature-request,Customer requested an update after the first response.
TKT-02189,31-Aug-2025,Parker Morales,parker.morales70@example.com,0086-78643532, BERLIN ,Mosaic Team,Subscription,MEDIUM,chat,OPEN,,4,-5,-1,55.39,refund,Customer supplied screenshots.
TKT-02335,01/30/2024 12:33,Finley Grant,finley.grant@gmail.com,,Leeds,Nimbus Basic,Technical Issue,Urgent,Live Chat,resolved,Free, four,-5,,127.97,account;security;urgent,No additional context provided.
TKT-01812,15-Mar-2025,Kendall Singh,kendall.singh@mailbox.org,,Dublin,Harbor Essentials,Refund,Urgent,Web Form,resolved,premium,6,85,-1,87.07,login;password,Customer supplied screenshots.
TKT-01068,2024/09/13,Jamie Bennett,jamie.bennett@outlook.com,0054-35216784,Toronto,Mosaic Team,Subscription,low,web-form,pending_customer,premium,0,unknown,58.3,142.85,delivery | late,Customer mentioned a previous unresolved ticket.
TKT-01345,29-Oct-2024,Tatum Nguyen,tatum.nguyen74@company.co,815.284.1693,Amsterdam,Orchid Plus,Technical Issue,urgent,PHONE,Closed,premium,6,-5,48h,131.23,,
TKT-01304,2025/09/22,Arden Novak,arden.novak@mailbox.org,N/A,Glasgow,Cobalt Enterprise,Technical Issue,high,Phone,Resolved,premium, four,,,37.43,refund,
TKT-00151,07/02/2024 15:29,Milan Grant,milan.grant@mailbox.org,,Glasgow,Atlas Pro,Security,low,Social Media,pending_customer,Premium,0,unknown,52.9,92.78,product question,Customer supplied screenshots.
TKT-00161,2025-11-07 02:05:00,Morgan Fischer,morgan.fischer75@mailbox.org,0074-70016768,New York,Atlas Pro,Billing,MEDIUM,Live Chat,Closed,,5,,95.1,25.39,delivery | late,No additional context provided.
TKT-01241,05/10/2025 06:01,Cameron Bennett,cameron.bennett@example.com,+44 7458 464431,Seattle,Nimbus Basic,Billing,Medium,Email,Pending Customer,,6,unknown,40.4,58.15,feature-request,
TKT-01680,08-Mar-2024,Finley Hansen,finley.hansen @example.com,0040-22174366,Birmingham,Harbor Essentials,Subscription,high,web-form,OPEN,Free,1,unknown,19.7,55.26,,
TKT-01488,30-Jan-2026,Alexis Okafor,alexis.okafor@outlook.com,+1 (582) 871-2399,London,Mosaic Team,Delivery,high,Live Chat,Open,,2,-5,31.5,0,BILLING;invoice,Customer mentioned a previous unresolved ticket.
TKT-01204,2024/04/08,Marley Larsen,marley.larsen@company.co,507.835.4947,Leeds,Mosaic Team,Refund,high,Web Form,OPEN,,5,,85.0,108.88,,Issue reproduced on a mobile device.
TKT-00194,2026/05/14,Taylor Morris,taylor.morris@outlook.com,+44 7516 943187,Cape Town,Lumen Starter,Feature Request,high,social,Resolved,premium,5,unknown,,10.48,account;security;urgent,Customer supplied screenshots.
TKT-00062,08/28/2025 05:58,Jamie Singh,jamie.singh@gmail.com,,Berlin,Vertex Analytics,Refund,Medium,PHONE,resolved,Free,4,1758,77.4,68.79,account;security;urgent,
TKT-00865,2025/09/02,Milan Hansen,MILAN.HANSEN84@GMAIL.COM,+44 7163 281756,New York,Orchid Plus,Billing,high,Web Form,Pending Customer,Standard,,,17.6,45.3,feature-request,
TKT-01933,06/18/2025 17:08,Arden Diaz,arden.diaz@company.co,0099-38240162,Austin,Orchid Plus,Account Access,High,social,Escalated,Free, four,-5,,53.41,delivery | late,Issue reproduced on a mobile device.
TKT-01865,02/17/2026 14:31,Ellis Carter,ellis.carter4@company.co,0058-66864805,Dublin,Atlas Pro,Refund,Urgent,chat,Escalated,Premium,1,1056,-1,150.74,account;security;urgent,No additional context provided.
TKT-01490,24-Nov-2024,Marley Carter,marley.carter25@company.co,,Glasgow,Harbor Essentials,Billing,MEDIUM,Social Media,pending_customer,Premium,2,,,148.44,,Escalated to the specialist queue.
TKT-01827,01/31/2025 18:27,Milan Larsen,milan.larsen@mailbox.org,0049-65912420,Glasgow,Mosaic Team,Delivery,Urgent,Social Media,resolved,,4,-5,48h,19.03,,
TKT-01913,2026/01/17,Kendall Sullivan,kendall.sullivan@example.com,+44 7135 133629,New York,Mosaic Team,Delivery,urgent,email,OPEN,premium, four,unknown,-1,,,Customer requested an update after the first response.
TKT-02423,2024-10-29 20:09:00,Jamie Hansen,jamie.hansen@mailbox.org,,Melbourne,Mosaic Team,Delivery,high,Phone,Escalated,Standard, four,unknown,36.4,66.38,account;security;urgent,Escalated to the specialist queue.
TKT-01729,01/27/2025 10:29, robin carter ,,0021-93584161,,Mosaic Team,Product Question,high,email,Pending Customer,Free,,unknown,28.2,99.2,delivery | late,
TKT-00971,2024-01-13 16:00:00,Sage Grant,sage.grant@outlook.com,+1 (794) 877-3623,Birmingham,Lumen Starter,Billing,Medium,PHONE,Resolved,Free, four,1051,71.0,86.05,bug;mobile,Customer mentioned a previous unresolved ticket.
TKT-00990,31-Aug-2024,Shawn Hansen,shawn.hansen@mailbox.org,+1 (714) 677-1647,Bristol,Nimbus Basic,Account Access,urgent,email,OPEN,Standard,2,-5,,80.48,BILLING;invoice,
TKT-00135,11-Mar-2024,Riley Okafor,riley.okafor@example.com,0069-12970357,Manchester,Cobalt Enterprise,Technical Issue,High,Email,Closed,,,18,8.8,28.43,refund,
TKT-02264,2024-06-18 00:20:00,Ellis Reed,ellis.reed3@mailbox.org,003-28054911,london,Vertex Analytics,Refund,MEDIUM,web-form,Pending Customer,Premium,,unknown,48h,20.09,bug;mobile,Customer mentioned a previous unresolved ticket.
TKT-00910,08-Sep-2025,Blake Petrov,blake.petrov@outlook.com,+44 7226 732532,Birmingham,Atlas Pro,Account Access,MEDIUM,Email,OPEN,Enterprise,2,1422,23.0,197.98,product question,Customer mentioned a previous unresolved ticket.
TKT-00996,2024/11/17,Shawn Brooks,shawn.brooks@example.com,0036-34952605, BERLIN ,Orchid Plus,Account Access,Medium,Email,Resolved,Enterprise,5,691,48h,63.54,login;password,
TKT-01240,06/19/2025 02:28,Shawn Ahmed,shawn.ahmed@outlook.com,+44 7488 896120,London,Lumen Starter,Subscription,urgent,social,resolved,, four,1774,53.6,168.56,feature-request,
TKT-00402,09/09/2025 22:14,Robin Petrov,robin.petrov@gmail.com,0087-38768553,Melbourne,Cobalt Enterprise,Subscription,high,social,Pending Customer,Enterprise,4,,21.0,46.03,delivery | late,Escalated to the specialist queue.
TKT-00420,2025-03-22 15:12:00,Arden Kowalski,arden.kowalski@example.com,+44 7172 329781,Berlin,Harbor Essentials,Account Access,low,Phone,OPEN,Premium, four,100,,82.71,login;password,No additional context provided.
TKT-02350,16-Sep-2025,Rowan Meyer,rowan.meyer71@company.co,0068-34263740,,Cobalt Enterprise,Subscription,MEDIUM,Live Chat,Pending Customer,,1,387,,57.44,bug;mobile,Follow-up required next business day.
TKT-02607,07/20/2024 03:20,Hayden Parker,hayden.parker87@example.com,006-30966812,New York,Nimbus Basic,Feature Request,Urgent,Phone,Closed,,5,unknown,,45.74,account;security;urgent,Customer mentioned a previous unresolved ticket.
TKT-00019,30-Jan-2024,Marley Ibrahim,marley.ibrahim@mailbox.org,187.347.7658, BERLIN ,Cobalt Enterprise,Security,MEDIUM,email,pending_customer,Premium,4,unknown,43.1,29.06,bug;mobile,No additional context provided.
TKT-00219,2025-12-23 19:46:00,Finley Nguyen,finley.nguyen@company.co,+1 (223) 548-8160,Austin,Orchid Plus,Billing,Low,Social Media,OPEN,Free,2,,48h,52.31,,Customer supplied screenshots.
TKT-01196,01/06/2026 11:02,Blake Okafor,blake.okafor@outlook.com,0093-18805293,Amsterdam,Harbor Essentials,Billing,Medium,Email,Open,,2,unknown,-1,,"billing,invoice",
TKT-00400,17-Dec-2024,Skyler Santos,skyler.santos8@company.co,N/A,Melbourne,Atlas Pro,Feature Request,low,PHONE,Resolved,,4,982,,147.08,delivery | late,
TKT-01927,05/12/2024 21:46,Tatum Carter,tatum.carter@gmail.com,552.545.1266,Berlin,Nimbus Basic,Security,Medium,email,Resolved,Standard,1,unknown,48h,0,"billing,invoice",No additional context provided.
TKT-01525,24-Mar-2025,Ellis Morales,ellis.morales@mailbox.org,0053-54162264,New York,Lumen Starter,Technical Issue,urgent,Phone,Resolved,Standard, four,,-1,58.53,account;security;urgent,Issue reproduced on a mobile device.
ticket-02443,2024-12-23 13:23:00,Reese Ibrahim,reese.ibrahim@mailbox.org,+44 7998 590969,Melbourne,Atlas Pro,Feature Request,High,web-form,Pending Customer,,,unknown,-1,7.93,"billing,invoice",Customer requested an update after the first response.
TKT-00577,18-Jul-2024,Blake Fischer,blake.fischer@gmail.com,,Cape Town,Lumen Starter,Security,MEDIUM,Web Form,resolved,,3,unknown,48h,91.96,feature-request,Issue reproduced on a mobile device.
TKT-00220,11/23/2024 04:51,Emerson Grant,emerson.grant@outlook.com,+1 (445) 970-4874,Leeds,Lumen Starter,Security,urgent,Live Chat,Escalated,,0,unknown,,,account;security;urgent,Issue reproduced on a mobile device.
TKT-00075,02-Jan-2025,Skyler Hughes,skyler.hughes50@mailbox.org,N/A,Manchester,Harbor Essentials,Feature Request,Urgent,chat,Open,,4,593,-1,0,"billing,invoice",No additional context provided.
TKT-00064,2024/04/10,Micah Ahmed,micah.ahmed@outlook.com,+44 7267 680189,Seattle,Orchid Plus,Account Access,urgent,Phone,Resolved,premium,4,1168,48h,13.21,BILLING;invoice,
TKT-02117,2025-03-31 08:06:00, taylor ibrahim ,taylor.ibrahim@outlook.com,,Seattle,Mosaic Team,Feature Request,High,chat,Escalated,Premium, four,,48h,66.43,,
TKT-02396,03/05/2024 09:34,Cameron Patel,cameron.patel @gmail.com,+44 7619 692580,New York,Lumen Starter,Delivery,High,Web Form,Resolved,Enterprise,4,1278,25.1,$0.00,feature-request,No additional context provided.
TKT-01185,2024-08-28 19:47:00,Riley Walker,riley.walker72@outlook.com,789.924.8820,Cape Town,Nimbus Basic,Security,High,web-form,pending_customer,Premium,6,unknown,48h,24.57,feature-request,Issue reproduced on a mobile device.
TKT-02600,30-Mar-2026,Ellis Ibrahim,ellis.ibrahim11@company.co,,Bristol,Cobalt Enterprise,Refund,Urgent,web-form,Closed,,5,1206,48h,51.95,delivery | late,Issue reproduced on a mobile device.
TKT-00721,2024-09-24 21:13:00,Hayden Novak,hayden.novak@example.com,,Birmingham,Cobalt Enterprise,Security,high,web-form,resolved,Free,1,1109,21.0,95.93,login;password,No additional context provided.
TKT-01097,2024/02/23,Drew Okafor,drew.okafor61@outlook.com,0092-11326844,London,Harbor Essentials,Account Access,Urgent,chat,OPEN,,0,-5,-1,83.32,refund,Customer mentioned a previous unresolved ticket.
TKT-02007,02-Jan-2025,Taylor Walker,taylor.walker@gmail.com,N/A,Seattle,Atlas Pro,Delivery,Medium,chat,Open,Premium,5,-5,60.0,79.07,,
TKT-00588,2024/01/09,Avery Chen,avery.chen@example.com,+1 (223) 390-9928,London,Lumen Starter,Product Question,Medium,Email,Resolved,,2,1737,,32.26,BILLING;invoice,Escalated to the specialist queue.
TKT-01234,04/09/2025 12:55,Devon Okafor,devon.okafor@gmail.com,702.758.8808,Toronto,Mosaic Team,Account Access,Medium,Social Media,pending_customer,,2,,48h,220.88,delivery | late,Follow-up required next business day.
TKT-01417,24-Dec-2024,Casey Nguyen,casey.nguyen22@company.co,610.473.4408,Toronto,Harbor Essentials,Security,high,social,resolved,,4,-5,,82.14,refund,
TKT-02435,15-Jan-2026,Rowan Morris,rowan.morris@mailbox.org,,Berlin,Orchid Plus,Product Question,Urgent,web-form,Escalated,,,unknown,46.2,91.39,feature-request,Customer requested an update after the first response.
TKT-00600,09/25/2024 23:30,Reese Grant,reese.grant@mailbox.org,+1 (621) 519-3617,Austin,Cobalt Enterprise,Billing,low,chat,Open,Free,2,1148,48h,99.75,,Issue reproduced on a mobile device.
TKT-02173,2024-03-26 13:31:00,Taylor Ibrahim,taylor.ibrahim9@example.com,+1 (235) 948-1214,Melbourne,Vertex Analytics,Subscription,low,chat,Closed,Enterprise,5,unknown,41.5,61.41,,Customer requested an update after the first response.
TKT-01578,03/31/2026 05:24, jamie bennett ,jamie.bennett7@outlook.com,+44 7674 355721,London,Mosaic Team,Account Access,Urgent,web-form,Open,premium, four,741,,143.06,"billing,invoice",Customer supplied screenshots.
TKT-01672,15-Oct-2024,Rowan Carter,rowan.carter78@outlook.com,376.829.4436,Seattle,Lumen Starter,Feature Request,urgent,Email,Resolved,premium,4,-5,48h,58.82,,Customer supplied screenshots.
TKT-00091,29-Jul-2025,Shawn Hansen,shawn.hansen@company.co,N/A,Glasgow,Nimbus Basic,Refund,urgent,Email,Closed,Standard,6,-5,21.4,84.34,"billing,invoice",Follow-up required next business day.
TKT-01493,2026/02/21,Casey Sullivan,casey.sullivan@mailbox.org,,London,Vertex Analytics,Product Question,high,Web Form,Escalated,,4,1617,,47.97,delivery | late,Follow-up required next business day.
TKT-00152,10/03/2025 06:10,Taylor Grant,taylor.grant@mailbox.org,702.775.8794,Seattle,Atlas Pro,Account Access,Low,social,Closed,Premium,2,1233,48h,98.05,bug;mobile,Customer requested an update after the first response.
TKT-02342,30-May-2024,Finley Meyer,finley.meyer@example.com,+1 (902) 350-9675,London,Mosaic Team,Security,low,Live Chat,pending_customer,Standard,5,-5,48h,102.15,,Customer supplied screenshots.
TKT-01804,10-Jun-2025, skyler santos ,skyler.santos@example.com,,London,Harbor Essentials,Billing,high,Social Media,Closed,Free,4,unknown,48h,0,,No additional context provided.
TKT-00231,22-Oct-2025,Hayden Reed,hayden.reed@company.co,+44 7274 709418,Leeds,Nimbus Basic,Product Question,urgent,web-form,resolved,Standard,4,1769,48h,38.83,delivery | late,Escalated to the specialist queue.
TKT-01223,2026-01-04 18:45:00,Sage Diaz,sage.diaz@gmail.com,+44 7060 372975,Amsterdam,Orchid Plus,Subscription,urgent,Social Media,Closed,,0,1608,73.3,113.86,refund,Follow-up required next business day.
TKT-01714,21-May-2026,Sage Walker,sage.walker@outlook.com,,New York,Lumen Starter,Product Question,Low,chat,Resolved,Standard,6,1055,37.3,125.61,account;security;urgent,
TKT-01083,19-May-2024,Sage Larsen,sage.larsen@company.co,+44 7276 135123,london,Orchid Plus,Security,MEDIUM,email,pending_customer,Free,1,430,-1,61.31,BILLING;invoice,Customer supplied screenshots.
TKT-02262,06/29/2024 13:50,Jordan Chen,jordan.chen94@outlook.com,,Amsterdam,Cobalt Enterprise,Billing,Low,Web Form,pending_customer,Enterprise,1,-5,14.0,101.24,BILLING;invoice,Escalated to the specialist queue.
TKT-02716,2025/11/18,Finley Petrov,finley.petrov43@company.co,,Melbourne,Mosaic Team,Product Question,Urgent,chat,Open,Standard,2,-5,48h,0,account;security;urgent,No additional context provided.
TKT-01444,2024/04/20,Skyler Morales,skyler.morales@company.co,,Berlin,Mosaic Team,Subscription,Low,web-form,pending_customer,Enterprise,2,189,80.0,7.67,,Customer requested an update after the first response.
TKT-00672,01/20/2024 11:29,Milan Ahmed,milan.ahmed@company.co,,Cape Town,Harbor Essentials,Subscription,low,web-form,OPEN,Enterprise,3,,58.7,0,delivery | late,Customer requested an update after the first response.
TKT-00046,2025-03-16 20:33:00,Ellis Morales,ellis.morales@company.co,,Cape Town,Atlas Pro,Account Access,Medium,Web Form,resolved,Premium,5,1311,-1,39.41,BILLING;invoice,Customer supplied screenshots.
TKT-00199,2025/10/05,Reese Morris,reese.morris@example.com,911.427.8397,,Vertex Analytics,Billing,Low,web-form,Escalated,Free,3,-5,48h,82.2,delivery | late,Customer mentioned a previous unresolved ticket.
TKT-02789,2025/12/26,Alexis  Turner,,,Singapore,Mosaic Team,Account Access,low,email,Escalated,Free,1,530,48h,53.91,,
TKT-00004,06/12/2024 23:13,Emerson Chen,emerson.chen@example.com,+1 (766) 211-2876,Glasgow,Atlas Pro,Refund,urgent,Email,Open,Premium,3,,,162.77,BILLING;invoice,No additional context provided.
TKT-00586,10/04/2024 15:28,Taylor Petrov,,,Austin,Harbor Essentials,Account Access,urgent,Live Chat,pending_customer,Premium,0,,-1,92.65,feature-request,Issue reproduced on a mobile device.
TKT-02336,12/20/2025 16:26,Reese Walker,reese.walker5@mailbox.org,+1 (218) 464-9196,Berlin,Lumen Starter,Refund,high,web-form,OPEN,Standard,2,-5,,110.64,product question,
TKT-00931,2024-05-25 20:10:00,Tatum Parker,tatum.parker@company.co,0079-74266790,Manchester,Vertex Analytics,Product Question,Urgent,Social Media,Closed,premium,4,-5,,48.46,,Customer requested an update after the first response.
TKT-01365,2025-06-03 03:59:00,Avery Singh,avery.singh@gmail.com,+44 7386 960551,london,Orchid Plus,Billing,Urgent,web-form,pending_customer,Standard,3,1550,,144.81,bug;mobile,Escalated to the specialist queue.
TKT-02227,02-Jan-2024,Kendall Chen,kendall.chen@gmail.com,,Melbourne,Atlas Pro,Billing,high,Social Media,Pending Customer,Premium,3,,-1,157.08,"billing,invoice",
TKT-01380,2026/01/12,Parker Walker,parker.walker27@mailbox.org,582.414.6036,Cape Town,Orchid Plus,Delivery,Low,Web Form,pending_customer,Free,1,1000,48h,179.43,"billing,invoice",Escalated to the specialist queue.
TKT-00257,26-May-2024,Quinn Nguyen,quinn.nguyen82@outlook.com,+1 (863) 723-3687,Amsterdam,Lumen Starter,Billing,Medium,chat,Escalated,Enterprise,4,160,-1,148.68,feature-request,Escalated to the specialist queue.
TKT-01429,2026/02/13,Parker Grant,parker.grant6@outlook.com,,Toronto,Harbor Essentials,Account Access,Low,Social Media,pending_customer,Premium,0,-5,48h,66.83,product question,No additional context provided.
TKT-00774,05-Jan-2026,Devon Kim,devon.kim1@mailbox.org,+44 7284 978891,Amsterdam,Vertex Analytics,Feature Request,Medium,Social Media,pending_customer,,2,,6.6,132.49,refund,
TKT-00657,2025-09-30 18:12:00,Emerson Carter,emerson.carter@mailbox.org,0081-89260379,Melbourne,Cobalt Enterprise,Refund,Urgent,Social Media,Closed,,6,,,79.77,login;password,
TKT-00130,05-Mar-2025,Micah Meyer,micah.meyer@outlook.com,+44 7738 383062,Toronto,Lumen Starter,Feature Request,Low,chat,Open,,3,970,-1,51.31,BILLING;invoice,
TKT-01753,2024/07/05,Blake Ibrahim,blake.ibrahim@outlook.com,+1 (879) 205-4010,London,Cobalt Enterprise,Feature Request,Medium,Social Media,pending_customer,,0,-5,6.8,43.03,login;password,Customer supplied screenshots.
TKT-00689,30-Jan-2026,Avery Santos,avery.santos@example.com,003-53814159,,Orchid Plus,Billing,Medium,chat,OPEN,Standard,2,1616,-1,118.1,"billing,invoice",No additional context provided.
TKT-00494,2024-02-22 17:35:00,Finley Ahmed,finley.ahmed@company.co,+1 (881) 875-1449,New York,Lumen Starter,Feature Request,Low,Live Chat,OPEN,Premium,6,-5,-1,31.63,"billing,invoice",
TKT-00485,2026-06-06 23:26:00,Arden Turner,arden.turner@gmail.com,+1 (989) 963-2462,Dublin,Mosaic Team,Security,MEDIUM,Web Form,Resolved,,1,,-1,37.4,product question,Follow-up required next business day.
TKT-00901,04/13/2026 18:29,Quinn Walker,quinn.walker@mailbox.org,313.149.3269,Birmingham,Harbor Essentials,Billing,low,Live Chat,Resolved,Enterprise, four,unknown,-1,99.28,account;security;urgent,
TKT-02238,07-Aug-2025,Rowan Turner,rowan.turner@mailbox.org,+1 (230) 453-2852,Berlin,Vertex Analytics,Technical Issue,High,chat,Pending Customer,Free,4,,81.3,26.53,BILLING;invoice,
TKT-00347,10/30/2025 14:16,Emerson Kowalski,emerson.kowalski@mailbox.org,+1 (282) 813-7697,Dublin,Cobalt Enterprise,Account Access,low,Live Chat,Resolved,Standard,1,unknown,,0,feature-request,Follow-up required next business day.
TKT-02451,08/02/2025 23:35,Micah Ibrahim,micah.ibrahim@company.co,+44 7412 318139,Seattle,Harbor Essentials,Technical Issue,Medium,Social Media,Open,premium,5,unknown,49.3,28.61,bug;mobile,Customer supplied screenshots.
TKT-00146,2026-03-19 23:46:00,Alexis Sullivan,alexis.sullivan60@example.com,+44 7885 213132, BERLIN ,Lumen Starter,Refund,urgent,chat,Pending Customer,Free,0,,46.6,122.0,,
TKT-01349,17-Apr-2024,Reese Sullivan,reese.sullivan22@example.com,,Birmingham,Atlas Pro,Account Access,Urgent,web-form,Closed,premium,0,unknown,,3.82,,No additional context provided.
TKT-01255,2024/01/12,Tatum Larsen,tatum.larsen@outlook.com,N/A,Toronto,Orchid Plus,Billing,Medium,web-form,Open,,1,,48h,146.52,BILLING;invoice,No additional context provided.
TKT-02229,19-Aug-2024,Drew Carter,drew.carter@example.com,,Amsterdam,Lumen Starter,Feature Request,MEDIUM,Social Media,Open,Standard,4,,,0,,Escalated to the specialist queue.
TKT-01089,2025/03/12,Milan Turner,milan.turner@gmail.com,0070-64731709,Toronto,Mosaic Team,Subscription,Urgent,chat,Escalated,Free,4,unknown,,64.75,feature-request,
TKT-01120,05/12/2024 04:34,Drew Hughes,drew.hughes@outlook.com,,Melbourne,Harbor Essentials,Feature Request,low,Phone,Resolved,,3,,-1,136.79,,Follow-up required next business day.
TKT-01664,07/22/2024 13:45,Rowan Kowalski,rowan.kowalski36@company.co,+1 (584) 948-5983,Austin,Lumen Starter,Account Access,Urgent,Live Chat,OPEN,Free,5,,,45.57,,
TKT-01544,04-Oct-2024,Rowan Parker,rowan.parker@company.co,718.620.1577,Toronto,Cobalt Enterprise,Technical Issue,High,Social Media,Pending Customer,Enterprise,,,48h,53.86,,
TKT-00461,2025-06-18 10:05:00,Riley Larsen,riley.larsen@outlook.com,+44 7021 909814,London,Harbor Essentials,Account Access,high,Live Chat,pending_customer,,2,1720,,187.06,product question,
TKT-00864,2025/12/03,Riley Carter,riley.carter@company.co,+1 (668) 991-1608,Birmingham,Vertex Analytics,Delivery,Urgent,social,Open,,1,1198,24.4,177.77,delivery | late,Issue reproduced on a mobile device.
TKT-01789,27-Sep-2025,Ellis Carter,ellis.carter@outlook.com,,New York,Atlas Pro,Subscription,MEDIUM,Email,resolved,Free,,725,59.5,$96.55,account;security;urgent,Follow-up required next business day.
TKT-02604,27-Feb-2025,Morgan Singh,morgan.singh@example.com,,Berlin,Lumen Starter,Technical Issue,MEDIUM,Social Media,Resolved,Free,2,526,,,product question,Escalated to the specialist queue.
TKT-01302,2026/01/12,Robin Walker,robin.walker@mailbox.org,008-69041765,,Mosaic Team,Technical Issue,Medium,email,resolved,,2,unknown,,133.56,refund,
TKT-02489,22-Oct-2025,Emerson Morales,emerson.morales62@mailbox.org,0056-37450325,Seattle,Orchid Plus,Refund,low,Social Media,resolved,,3,unknown,25.3,80.4,login;password,Customer mentioned a previous unresolved ticket.
TKT-01411,2025-10-02 06:38:00,Quinn Okafor,quinn.okafor97@mailbox.org,+44 7736 957535,London,Atlas Pro,Account Access,Urgent,web-form,Escalated,Enterprise, four,unknown,,152.05,,
TKT-00628,2025/10/23,Morgan Parker,morgan.parker@mailbox.org,N/A,Birmingham,Harbor Essentials,Product Question,Low,Email,Escalated,premium, four,,48h,72.08,product question,Escalated to the specialist queue.
TKT-00352,2025/07/20,Marley Diaz,marley.diaz@company.co,,New York,Atlas Pro,Refund,Medium,Web Form,pending_customer,Free,4,1503,,160.14,bug;mobile,Follow-up required next business day.
TKT-02464,2025/07/29,Jamie Fischer,jamie.fischer@company.co,141.290.2097,,Nimbus Basic,Billing,High,Phone,Resolved,premium,,,,10.93,bug;mobile,Customer mentioned a previous unresolved ticket.
TKT-01202,2024/02/08,Tatum Reed,tatum.reed@gmail.com,+44 7901 106256,Birmingham,Orchid Plus,Account Access,Urgent,Social Media,Open,Premium,5,unknown,-1,55.38,login;password,Customer mentioned a previous unresolved ticket.
TKT-01308,2024-08-15 19:23:00,Jamie Singh,jamie.singh@example.com,790.201.3206,Toronto,Lumen Starter,Subscription,low,Email,Resolved,,3,908,-1,78.5,bug;mobile,Customer requested an update after the first response.
TKT-01819,2025-06-09 14:18:00,Skyler Carter,skyler.carter56@company.co,0056-44262302,Toronto,Vertex Analytics,Security,High,email,OPEN,premium,4,,-1,67.39,"billing,invoice",Follow-up required next business day.
TKT-02046,2024/11/17,Marley Reed,marley.reed8@example.com,N/A,New York,Orchid Plus,Subscription,Medium,Phone,Pending Customer,,5,838,-1,140.66,product question,
TKT-02040,2026-05-25 02:27:00,Robin Singh,robin.singh@company.co,0061-15332392,Toronto,Atlas Pro,Security,low,Email,Resolved,Premium,2,unknown,12.5,0,BILLING;invoice,Escalated to the specialist queue.
TKT-00460,31-Aug-2024,Marley Singh,marley.singh95@company.co,,Glasgow,Mosaic Team,Security,high,Social Media,pending_customer,Free,0,-5,48h,13.12,login;password,
TKT-00608,06/26/2025 05:39,Devon Patel,devon.patel@example.com,878.157.4714,,Mosaic Team,Product Question,urgent,PHONE,Open,premium, four,218,53.1,10.54,delivery | late,Customer supplied screenshots.
TKT-01548,2025-02-28 15:48:00,Jordan Patel,jordan.patel48@outlook.com,804.773.6919,Birmingham,Atlas Pro,Billing,High,Live Chat,Closed,premium,4,unknown,,$95.60,delivery | late,
TKT-00311,01/29/2026 18:52,Quinn Patel,quinn.patel@outlook.com,005-46278860,Singapore,Atlas Pro,Product Question,Low,web-form,resolved,Free,2,-5,37.0,67.03,login;password,Follow-up required next business day.
TKT-01546,2026/01/08,Avery Fischer,avery.fischer68@example.com,,Toronto,Mosaic Team,Account Access,High,Live Chat,OPEN,Standard, four,,,104.78,login;password,Escalated to the specialist queue.
TKT-01649,2025/04/27,Riley Nguyen,riley.nguyen8@example.com,+44 7724 554511,Leeds,Vertex Analytics,Security,Low,PHONE,Resolved,,1,,48h,144.31,login;password,Escalated to the specialist queue.
TKT-00934,06/05/2026 06:10,Tatum Singh,tatum.singh@company.co,880.550.3189,Manchester,Mosaic Team,Security,high,Email,Closed,premium,4,423,48h,0,product question,Customer mentioned a previous unresolved ticket.
TKT-02729,11/12/2025 12:25,Casey Turner,casey.turner@gmail.com,+44 7965 561493,Manchester,Harbor Essentials,Delivery,Urgent,Live Chat,Closed,Free, four,,-1,38.16,,
TKT-01657,2024/04/29,Micah Santos,micah.santos@mailbox.org,0099-74620428,London,Orchid Plus,Delivery,High,PHONE,Open,Free,5,unknown,,88.27,product question,No additional context provided.
TKT-01108,08/31/2024 08:47,Avery Turner,avery.turner@company.co,0056-64485001, BERLIN ,Mosaic Team,Technical Issue,urgent,web-form,Resolved,Premium,3,570,-1,21.06,feature-request,Follow-up required next business day.
TKT-02025,2025/03/25,Rowan Chen,rowan.chen@example.com,0042-74541642,New York,Orchid Plus,Subscription,high,social,resolved,Enterprise,6,,48h,0,,
TKT-01686,2024-01-10 21:47:00,Sage Bennett,sage.bennett25@outlook.com,0048-18766890,Manchester,Harbor Essentials,Feature Request,Urgent,Social Media,Resolved,Free,2,,84.4,144.32,delivery | late,Customer requested an update after the first response.
TKT-00039,11/06/2024 09:22,Milan Carter,milan.carter@outlook.com,573.694.1672,Cape Town,Harbor Essentials,Feature Request,High,email,resolved,Premium,6,,,5.95,feature-request,Issue reproduced on a mobile device.
TKT-00360,09/08/2025 01:20,Micah Hughes,micah.hughes@company.co,+1 (413) 406-5963,,Nimbus Basic,Technical Issue,High,web-form,Open,Standard,,unknown,,33.5,,Follow-up required next business day.
TKT-00205,2024/08/01,Rowan Novak,rowan.novak37@gmail.com,0078-27620998,Birmingham,Atlas Pro,Feature Request,MEDIUM,PHONE,Escalated,,,unknown,-1,3.23,feature-request,Customer supplied screenshots.
TKT-00885,10/13/2025 22:23,Finley Reed,finley.reed@mailbox.org,0075-99628702,Birmingham,Harbor Essentials,Technical Issue,low,web-form,resolved,,6,,48h,116.5,BILLING;invoice,Customer mentioned a previous unresolved ticket.
TKT-01294,02/12/2025 08:51,Arden Larsen,arden.larsen@outlook.com,+1 (844) 461-5405,Birmingham,Mosaic Team,Product Question,High,chat,Open,,6,1535,,125.12,,
TKT-00856,2024/09/13,Micah Parker,micah.parker @example.com,+44 7933 140869,Birmingham,Orchid Plus,Feature Request,Urgent,Email,pending_customer,Premium,4,-5,-1,47.61,bug;mobile,No additional context provided.
TKT-00443,01/18/2024 08:00,Jamie Reed,jamie.reed29@gmail.com,0013-46482003, BERLIN ,Atlas Pro,Account Access,Low,email,OPEN,premium,1,130,48h,0,BILLING;invoice,
TKT-00232,2025-08-20 01:24:00,Finley Petrov,finley.petrov@company.co,0023-69282426,New York,Vertex Analytics,Refund,Urgent,email,Closed,Premium,5,-5,52.6,90.91,"billing,invoice",Issue reproduced on a mobile device.
TKT-02167,04/26/2026 08:51,Quinn Hughes,quinn.hughes39@gmail.com,+1 (389) 568-6938,,Atlas Pro,Billing,Medium,social,Resolved,Enterprise,3,-5,95.3,$34.40,delivery | late,Customer mentioned a previous unresolved ticket.
TKT-02382,02/18/2026 09:25,Devon Grant,devon.grant49@example.com,,Manchester,Cobalt Enterprise,Refund,high,Social Media,Open,,3,73,6.6,26.36,delivery | late,
TKT-01267,2025-07-14 22:47:00,Hayden Reed,,0066-93325179,New York,Harbor Essentials,Delivery,high,Web Form,Open,Premium, four,1467,,72.88,refund,Customer mentioned a previous unresolved ticket.
TKT-02159,2024/09/10,Finley Ibrahim,finley.ibrahim47@outlook.com,+44 7871 501545,Dublin,Harbor Essentials,Refund,Urgent,PHONE,Pending Customer,Enterprise,4,368,,149.49,delivery | late,Issue reproduced on a mobile device.
TKT-00499,2026/01/06,Shawn Bennett,shawn.bennett@outlook.com,0090-12943511,Birmingham,Harbor Essentials,Subscription,Medium,web-form,Pending Customer,,5,257,41.3,30.84,refund,Customer requested an update after the first response.
TKT-01454,09/10/2025 19:00,Ellis Nguyen,ellis.nguyen4@example.com,793.484.6503,Cape Town,Mosaic Team,Delivery,Medium,Live Chat,Closed,Standard,3,unknown,60.4,222.09,,Follow-up required next business day.
TKT-02686,2026/02/10,Drew Grant,drew.grant95@mailbox.org,960.143.1295,,Nimbus Basic,Subscription,Medium,Email,Closed,,4,242,48h,96.39,,
TKT-01624,22-Nov-2025,Reese Kowalski,reese.kowalski@company.co,257.860.1719,Cape Town,Vertex Analytics,Subscription,High,Email,Open,Enterprise, four,-5,48h,42.25,delivery | late,
TKT-00895,2025-05-06 09:04:00,Taylor Santos,taylor.santos@mailbox.org,0062-63638216,Dublin,Mosaic Team,Technical Issue,Medium,chat,OPEN,Free,1,1052,48h,155.02,,Customer supplied screenshots.
TKT-02458,2024/08/20,Casey Sullivan,casey.sullivan@mailbox.org,+1 (813) 623-6650,Austin,Cobalt Enterprise,Technical Issue,high,email,Closed,Standard,2,,,92.17,bug;mobile,Escalated to the specialist queue.
TKT-02691,2025/08/09,Sage Chen,sage.chen@outlook.com,,Cape Town,Vertex Analytics,Feature Request,low,social,resolved,premium,5,-5,89.3,23.08,delivery | late,Customer requested an update after the first response.
TKT-00131,16-Jun-2024,Quinn Ahmed,quinn.ahmed61@outlook.com,,Leeds,Orchid Plus,Refund,high,social,OPEN,,0,,-1,0,"billing,invoice",Customer mentioned a previous unresolved ticket.
TKT-02783,08/23/2024 05:39,Riley Turner,riley.turner5@mailbox.org,+44 7395 675755,London,Mosaic Team,Security,High,social,Closed,Standard,4,519,-1,12.82,delivery | late,Follow-up required next business day.
TKT-01509,01-May-2025,Reese Walker,reese.walker@example.com,,Manchester,Vertex Analytics,Delivery,high,social,Escalated,Free,3,,,83.86,feature-request,Escalated to the specialist queue.
TKT-02373,2025/12/20,Kendall Turner,kendall.turner72@mailbox.org,0012-80498048,Cape Town,Orchid Plus,Billing,Low,Phone,Escalated,,,-5,,87.8,,Customer mentioned a previous unresolved ticket.
TKT-00799,2024-09-27 21:28:00,Jamie Sullivan,jamie.sullivan48@gmail.com,+1 (486) 493-2251,Dublin,Harbor Essentials,Security,low,Live Chat,Closed,,,386,,80.56,BILLING;invoice,
TKT-02128,2025-02-04 00:04:00,Alexis Walker,alexis.walker@company.co,0096-44631478,Toronto,Mosaic Team,Refund,urgent,social,OPEN,,1,unknown,,140.29,,Escalated to the specialist queue.
TKT-00063,2025/07/02,Jordan Sullivan,jordan.sullivan87@gmail.com,+1 (979) 801-4555,Seattle,Lumen Starter,Product Question,MEDIUM,web-form,pending_customer,Enterprise,,-5,-1,18.15,refund,Customer mentioned a previous unresolved ticket.
TKT-02568,2025/10/18,Emerson Meyer,emerson.meyer@gmail.com,,Glasgow,Harbor Essentials,Billing,urgent,Web Form,Escalated,,4,-5,,114.81,,Customer requested an update after the first response.
TKT-01064,23-Mar-2025,Reese Ahmed,reese.ahmed@gmail.com,0059-72021607,Melbourne,Cobalt Enterprise,Technical Issue,low,email,OPEN,,0,-5,57.9,0,product question,No additional context provided.
TKT-01938,28-May-2024,Shawn Morris,shawn.morris53@outlook.com,+1 (620) 994-3042,Austin,Harbor Essentials,Account Access,Low,Web Form,Closed,Free,6,unknown,-1,104.72,,Issue reproduced on a mobile device.
TKT-00839,25-Jul-2024,Finley Petrov,finley.petrov@example.com,+1 (253) 237-5555,Singapore,Cobalt Enterprise,Refund,High,Web Form,Open,Enterprise,5,-5,48h,133.14,BILLING;invoice,
TKT-02720,2025-04-18 06:22:00,Parker Walker,parker.walker@example.com,009-63547436,london,Nimbus Basic,Feature Request,Medium,web-form,pending_customer,premium,2,672,,85.8,product question,No additional context provided.
TKT-02543,2025/04/30,Milan Meyer,milan.meyer@mailbox.org,0057-73957023,Leeds,Orchid Plus,Feature Request,MEDIUM,social,pending_customer,Free,1,911,,67.06,account;security;urgent,Escalated to the specialist queue.
TKT-01439,2026-05-23 09:37:00,Casey Ahmed,casey.ahmed@mailbox.org,0090-74670991,Singapore,Lumen Starter,Account Access,MEDIUM,Social Media,pending_customer,premium,6,,48h,106.0,refund,Customer supplied screenshots.
TKT-02247,2025-11-15 20:31:00,Avery Meyer,avery.meyer46 @outlook.com,+44 7221 998042,Cape Town,Atlas Pro,Technical Issue,High,Phone,OPEN,premium,,-5,,29.57,,Customer mentioned a previous unresolved ticket.
TKT-01422,09/06/2025 09:18,Casey Nguyen,casey.nguyen@example.com,377.683.1590,Cape Town,Harbor Essentials,Billing,urgent,social,OPEN,,3,666,48h,137.99,"billing,invoice",Customer requested an update after the first response.
TKT-01059,2024-09-17 23:09:00,Marley Morris,marley.morris@company.co,008-85198253,Dublin,Harbor Essentials,Security,Urgent,email,Pending Customer,premium,2,581,48h,108.9,account;security;urgent,Escalated to the specialist queue.
TKT-00083,2024/03/06,Devon Morris,devon.morris@example.com,+44 7261 910894,Amsterdam,Mosaic Team,Refund,low,Live Chat,resolved,Free,1,92,-1,160.28,delivery | late,Customer requested an update after the first response.
TKT-02728,24-May-2024,Blake Petrov,blake.petrov88@mailbox.org,403.351.6327,Cape Town,Harbor Essentials,Feature Request,urgent,Web Form,pending_customer,Free,5,1414,48h,152.78,refund,Follow-up required next business day.
TKT-01542,2024/04/04,Quinn Turner,quinn.turner52@outlook.com,0077-14519173,Melbourne,Vertex Analytics,Billing,MEDIUM,PHONE,Pending Customer,Enterprise,6,,2.4,176.47,"billing,invoice",Escalated to the specialist queue.
TKT-01177,11-Jun-2025,Kendall Meyer,kendall.meyer@mailbox.org,490.520.7817,London,Vertex Analytics,Subscription,Urgent,Live Chat,Escalated,Premium, four,1569,8.9,0,"billing,invoice",Escalated to the specialist queue.
TKT-00210,2026-05-23 22:25:00,Finley Hughes,finley.hughes93@outlook.com,312.389.2412,Seattle,Lumen Starter,Refund,High,Phone,Resolved,,4,unknown,-1,290.9,bug;mobile,Follow-up required next business day.
TKT-02236,2026-05-05 03:23:00,Blake Novak,blake.novak@example.com,,Austin,Lumen Starter,Security,Urgent,Phone,Open,premium,4,-5,,119.19,refund,No additional context provided.
TKT-01513,22-May-2025,Robin Carter,robin.carter@mailbox.org,881.438.9978,Bristol,Orchid Plus,Refund,high,Email,OPEN,Standard,6,-5,48h,39.57,refund,No additional context provided.
TKT-02446,2026/05/15,Marley Okafor,marley.okafor@example.com,+44 7067 660798,Seattle,Nimbus Basic,Technical Issue,Urgent,Phone,Resolved,Premium,3,-5,,93.49,,Customer supplied screenshots.
TKT-01096,2025-06-21 00:39:00,Quinn Kim,quinn.kim@example.com,+1 (621) 871-5027,Dublin,Harbor Essentials,Subscription,High,Live Chat,Resolved,premium,1,,-1,74.56,login;password,Escalated to the specialist queue.
TKT-00555,2024-01-23 07:29:00,Quinn Sullivan,quinn.sullivan@gmail.com,976.537.3326,Glasgow,Vertex Analytics,Feature Request,low,PHONE,Pending Customer,Standard,5,,24.1,97.57,bug;mobile,Customer requested an update after the first response.
TKT-00114,09-Feb-2026,Blake Reed,blake.reed97 @company.co,490.915.2857,Bristol,Orchid Plus,Feature Request,Low,Live Chat,Escalated,,5,,-1,214.48,BILLING;invoice,Follow-up required next business day.
TKT-00533,02/07/2025 05:13,Morgan Morris,morgan.morris@company.co,,Bristol,Nimbus Basic,Product Question,High,Social Media,Escalated,,4,,-1,75.37,delivery | late,Customer mentioned a previous unresolved ticket.
TKT-00540,09/10/2025 10:16,Parker Morris,parker.morris@example.com,0026-26323980,Seattle,Cobalt Enterprise,Delivery,Urgent,Phone,Pending Customer,Standard,0,802,87.0,47.27,BILLING;invoice,
TKT-02453,03/23/2026 06:42,Arden Wilson,arden.wilson58@example.com,693.537.3001,london,Lumen Starter,Billing,High,web-form,Pending Customer,Standard,1,unknown,48h,75.31,bug;mobile,Customer supplied screenshots.
TKT-00080,22-Sep-2025,Finley Parker,finley.parker@mailbox.org,,Amsterdam,Harbor Essentials,Security,Medium,Web Form,pending_customer,,6,585,48h,0,bug;mobile,Customer mentioned a previous unresolved ticket.
TKT-01390,2024/10/31,Rowan Nguyen,rowan.nguyen79@gmail.com,0055-98851601,Manchester,Cobalt Enterprise,Billing,Urgent,email,OPEN,,6,,-1,37.56,BILLING;invoice,Customer mentioned a previous unresolved ticket.
TKT-00861,11/17/2024 23:42,Robin Turner,robin.turner@outlook.com,0032-45948650,Singapore,Nimbus Basic,Subscription,low,Live Chat,Escalated,Enterprise,6,-5,48h,90.16, None ,Customer requested an update after the first response.
TKT-01764,2025-07-15 00:53:00,Shawn Carter,shawn.carter@gmail.com,810.526.7317,london,Orchid Plus,Product Question,Low,Live Chat,Closed,Free,0,411,-1,0,bug;mobile,Follow-up required next business day.
TKT-01885,2025-07-16 13:53:00,Ellis Walker,ellis.walker@example.com,264.268.1356,London,Orchid Plus,Feature Request,High,social,OPEN,Standard,3,unknown,,77.55,BILLING;invoice,No additional context provided.
TKT-00523,2025-10-10 21:04:00, reese carter ,reese.carter@gmail.com,+1 (921) 395-3115,Seattle,Orchid Plus,Billing,Urgent,chat,Resolved,premium,2,unknown,,42.56,login;password,Follow-up required next business day.
TKT-01736,2025/12/14,Blake Kim,BLAKE.KIM47@GMAIL.COM,+44 7416 802685,London,Orchid Plus,Technical Issue,Urgent,Email,resolved,Free, four,337,,0,login;password,
TKT-01023,01-Feb-2026,Emerson Singh,emerson.singh@outlook.com,867.697.2816, BERLIN ,Cobalt Enterprise,Technical Issue,urgent,social,pending_customer,Standard, four,unknown,,77.66,BILLING;invoice,
TKT-01503,31-Jul-2024,Arden Walker,arden.walker@gmail.com,+1 (415) 535-3307,,Mosaic Team,Product Question,High,chat,Resolved,,5,-5,,34.0,"billing,invoice",Follow-up required next business day.
TKT-01484,2024/08/29,Riley Sullivan,riley.sullivan@company.co,,Melbourne,Cobalt Enterprise,Billing,Low,PHONE,Pending Customer,premium, four,unknown,-1,57.02,account;security;urgent,Escalated to the specialist queue.
TKT-01273,2024/03/08,Emerson Larsen,emerson.larsen@company.co,+44 7257 775719,Seattle,Orchid Plus,Product Question,MEDIUM,web-form,Escalated,Enterprise,5,854,48h,18.92,,
TKT-01754,2025/10/02,Emerson Singh,emerson.singh@example.com,0095-70442481,london,Vertex Analytics,Delivery,Urgent,Email,Resolved,Standard,4,unknown,48h,0,feature-request,No additional context provided.
TKT-00932,2025/09/06,Hayden Diaz,hayden.diaz@company.co,+1 (951) 743-9576,,Atlas Pro,Delivery,Urgent,Live Chat,Pending Customer,Standard,6,-5,-1,182.46,account;security;urgent,Customer supplied screenshots.
TKT-00125,2025/02/14, tatum larsen ,tatum.larsen90@company.co,0056-21830043, BERLIN ,Lumen Starter,Delivery,Low,social,Escalated,premium,1,unknown,48h,111.28,delivery | late,
TKT-00860,04/06/2024 23:25,Jamie Parker,jamie.parker41 @mailbox.org,0020-35601677,Leeds,Mosaic Team,Refund,Urgent,Phone,pending_customer,Standard,4,-5,48h,113.81,BILLING;invoice,Customer requested an update after the first response.
TKT-00224,25-Aug-2025,Kendall Nguyen,kendall.nguyen34@mailbox.org,+1 (480) 396-1378,Manchester,Vertex Analytics,Billing,low,chat,pending_customer,Premium,1,unknown,-1,0,,
TKT-01541,06-Mar-2026,Cameron Santos,cameron.santos@company.co,528.204.8981,Singapore,Nimbus Basic,Subscription,Low,social,resolved,Free,4,unknown,54.4,77.49,product question,
TKT-01126,05/12/2026 09:01,Rowan Santos,rowan.santos@gmail.com,886.335.7033,Austin,Harbor Essentials,Security,urgent,Web Form,resolved,,4,1604,48h,15.95,product question,Escalated to the specialist queue.
TKT-00966,28-Feb-2024,Finley Diaz,finley.diaz @outlook.com,+1 (901) 647-8986,Dublin,Vertex Analytics,Delivery,Low,email,Closed,premium,2,1431,-1,158.21,delivery | late,Follow-up required next business day.
TKT-01989,2025/08/13,Parker Parker,parker.parker97@example.com,+1 (613) 293-9565,Singapore,Harbor Essentials,Subscription,Low,Web Form,Closed,premium, four,-5,64.4,43.72,delivery | late,Customer mentioned a previous unresolved ticket.
TKT-01870,2024-05-01 09:09:00,Robin Hansen,robin.hansen@gmail.com,,Singapore,Atlas Pro,Feature Request,Urgent,email,pending_customer,Premium,2,-5,,56.41,refund,No additional context provided.
TKT-00150,04/21/2024 15:24,Finley Ahmed,finley.ahmed32@example.com,411.892.5684,New York,Orchid Plus,Security,high,email,pending_customer,Free,5,-5,-1,95.33,account;security;urgent,Issue reproduced on a mobile device.
TKT-01697,13-Feb-2025,Blake Kim,blake.kim@outlook.com,0098-88535666,Singapore,Orchid Plus,Security,urgent,Live Chat,Pending Customer,Enterprise,6,747,48h,23.98,"billing,invoice",Escalated to the specialist queue.
TKT-02654,2026/06/10,Skyler Petrov,skyler.petrov67@gmail.com,,London,Atlas Pro,Subscription,High,Live Chat,Pending Customer,,3,-5,-1,135.68,"billing,invoice",Customer requested an update after the first response.
TKT-00881,08/15/2024 09:04,Jamie Walker,jamie.walker97@outlook.com,+1 (635) 377-4160,Seattle,Harbor Essentials,Billing,low,Phone,Closed,Free,4,,-1,217.98,,Follow-up required next business day.
TKT-01502,01/29/2025 09:24,Drew Ibrahim,,623.185.9409,london,Vertex Analytics,Security,MEDIUM,Email,Closed,,1,unknown,-1,48.68,,Customer supplied screenshots.
TKT-00269,2025-04-01 07:54:00,Kendall Diaz,kendall.diaz@gmail.com,0094-34213769,Leeds,Atlas Pro,Technical Issue,high,chat,Resolved,Free,3,-5,,54.8,BILLING;invoice,Customer mentioned a previous unresolved ticket.
TKT-02724,14-Aug-2025,Kendall Morales,kendall.morales@gmail.com,+1 (636) 337-6583,Manchester,Atlas Pro,Billing,low,PHONE,OPEN,,5,unknown,,160.49,delivery | late,Follow-up required next business day.
TKT-00675,12-Jan-2026,Parker Walker,,0074-17598605,Cape Town,Mosaic Team,Subscription,MEDIUM,email,Escalated,premium,0,unknown,48h,1.59,product question,Escalated to the specialist queue.
TKT-02588,2025-02-16 07:23:00,Quinn Morris,quinn.morris@outlook.com,204.272.8170,Birmingham,Nimbus Basic,Delivery,high,chat,Pending Customer,Free,5,1221,30.0,$67.84,,Customer requested an update after the first response.
TKT-02068,01/29/2026 15:11,Arden Walker,arden.walker2@company.co,+44 7347 316097,Melbourne,Nimbus Basic,Delivery,high,Web Form,pending_customer,,,610,43.8,71.61,BILLING;invoice,Customer requested an update after the first response.
TKT-02799,22-Mar-2025,Robin Chen,robin.chen@company.co,+1 (454) 701-7905,Bristol,Orchid Plus,Technical Issue,low,web-form,resolved,Free,3,,13.9,59.22,,Follow-up required next business day.
ticket-02293,06-Jun-2024,Casey Sullivan,,0063-61472557,New York,Harbor Essentials,Security,low,Live Chat,Escalated,Free,6,-5,,83.69,feature-request,Customer mentioned a previous unresolved ticket.
TKT-01648,12/10/2024 21:17,Marley Okafor,marley.okafor47@outlook.com,,Bristol,Atlas Pro,Billing,low,chat,pending_customer,premium,1,1295,-1,$133.22,delivery | late,Issue reproduced on a mobile device.
TKT-00228,12/18/2024 06:40,Quinn Walker,quinn.walker@mailbox.org,0073-55051587,Austin,Mosaic Team,Delivery,high,Phone,Resolved,Premium,,1796,47.7,19.72,,Follow-up required next business day.
TKT-00618,2026-02-03 14:06:00,Milan Wilson,milan.wilson@company.co,659.125.2170,Dublin,Vertex Analytics,Account Access,high,PHONE,Pending Customer,Premium,1,444,,118.92,feature-request,Customer requested an update after the first response.
TKT-00405,2024/10/05,Parker Turner,parker.turner1@gmail.com,,Melbourne,Cobalt Enterprise,Subscription,MEDIUM,Social Media,Pending Customer,,,,48h,54.25,feature-request,Escalated to the specialist queue.
TKT-02589,23-Feb-2025,Ellis Kowalski,ellis.kowalski@example.com,0096-77769215,Amsterdam,Harbor Essentials,Billing,high,Live Chat,Pending Customer,,4,146,7.8,,login;password,
TKT-00123,02-May-2025,Alexis Carter,alexis.carter@company.co,+44 7534 541119,New York,Mosaic Team,Product Question,Urgent,Email,Resolved,premium,,unknown,33.8,156.15,bug;mobile,Issue reproduced on a mobile device.
TKT-00944,18-Mar-2026,Marley Kowalski,marley.kowalski@example.com,,Toronto,Lumen Starter,Subscription,urgent,social,pending_customer,Standard,2,111,-1,73.55,account;security;urgent,Issue reproduced on a mobile device.
TKT-02615,2025-09-01 17:08:00,Milan Chen,milan.chen@example.com,+1 (761) 543-9263,Amsterdam,Vertex Analytics,Technical Issue,Urgent,social,Escalated,Standard,1,556,-1,111.93,BILLING;invoice,Customer requested an update after the first response.
TKT-01799,09-Mar-2026,Avery Larsen,avery.larsen@mailbox.org,0070-27923741,Bristol,Harbor Essentials,Product Question,low,PHONE,resolved,Enterprise,3,-5,48h,138.18,"billing,invoice",Customer supplied screenshots.
TKT-01032,02/12/2024 21:51,Arden Novak,arden.novak@mailbox.org,+44 7528 368736,Melbourne,Mosaic Team,Billing,low,Live Chat,Closed,Standard,3,,-1,0,bug;mobile,
TKT-00439,11/04/2025 11:22,Drew Diaz,,, BERLIN ,Vertex Analytics,Security,Low,web-form,Closed,premium,4,686,17.9,,bug;mobile,Customer supplied screenshots.
TKT-02332,2024-02-06 17:21:00,Blake Meyer,blake.meyer70@outlook.com,0076-43638348,Berlin,Vertex Analytics,Billing,low,Web Form,OPEN,,,unknown,19.7,75.06,account;security;urgent,No additional context provided.
TKT-00165,05/28/2026 08:46,Avery Diaz,avery.diaz@example.com,+1 (578) 379-5280,Seattle,Atlas Pro,Product Question,Medium,Email,Pending Customer,Enterprise,2,1221,-1,131.99,,Customer supplied screenshots.
TKT-00211,2024-03-06 11:31:00,Emerson Patel,emerson.patel@company.co,,Glasgow,Nimbus Basic,Delivery,MEDIUM,Phone,Closed,,1,unknown,92.4,110.4,product question,Issue reproduced on a mobile device.
TKT-02648,2025/08/26,Riley Carter,riley.carter@gmail.com,0027-70826604,Berlin,Nimbus Basic,BILLING,high,PHONE,resolved,premium,3,,48h,1.69,"billing,invoice",Customer supplied screenshots.
TKT-02797,2024/04/26,Robin Kowalski,,0024-60264184,Singapore,Vertex Analytics,Billing,MEDIUM,chat,pending_customer,Premium,1,-5,,110.52,account;security;urgent,Customer requested an update after the first response.
TKT-01325,01/03/2025 08:05,Jordan Novak,,+44 7934 733670,,Nimbus Basic,Feature Request,High,web-form,Closed,Standard,0,,,82.55,feature-request,Customer mentioned a previous unresolved ticket.
TKT-02392,2025-01-15 19:53:00,Emerson Novak,emerson.novak89@gmail.com,+44 7267 526517,Singapore,Nimbus Basic,Delivery,Medium,Phone,Open,,2,unknown,48h,27.88,login;password,Customer mentioned a previous unresolved ticket.
TKT-02114,2025/08/29,Emerson Okafor,emerson.okafor@mailbox.org,886.460.9845,Leeds,Nimbus Basic,Technical Issue,Medium,Live Chat,pending_customer,Free,3,,15.6,23.88,product question,Issue reproduced on a mobile device.
TKT-02012,2025/11/11,Skyler Reed,skyler.reed52@mailbox.org,+44 7164 277499,Birmingham,Nimbus Basic,Feature Request,Low,social,Open,Enterprise,2,,,37.05,login;password,
TKT-00121,01/07/2024 17:07,Shawn Hughes,shawn.hughes@gmail.com,+1 (391) 361-6934,Manchester,Orchid Plus,Billing,High,Social Media,Pending Customer,premium,,-5,-1,$122.51,product question,Customer supplied screenshots.
TKT-01377,2025-04-14 05:52:00,Rowan Ibrahim,rowan.ibrahim84@example.com,209.397.6945,Birmingham,Lumen Starter,Security,low,Social Media,Pending Customer,Free,5,126,,42.2,login;password,Customer requested an update after the first response.
TKT-02774,2024-02-26 07:19:00,Drew Hughes,drew.hughes@mailbox.org,N/A,,Mosaic Team,Technical Issue,urgent,chat,Resolved,Free,2,1354,11.3,0,refund,Customer supplied screenshots.
TKT-01986,2026/04/26,Arden Petrov,arden.petrov@company.co,775.187.8822,london,Mosaic Team,Account Access,Medium,Social Media,Open,Enterprise, four,365,,107.22,,Escalated to the specialist queue.
TKT-01174,2026/05/02,Devon Diaz,devon.diaz@example.com,+1 (374) 234-8931,Dublin,Harbor Essentials,Account Access,Medium,Web Form,Open,Enterprise,6,-5,79.8,,account;security;urgent,Escalated to the specialist queue.
TKT-01041,11/02/2025 01:27,Shawn Morales,shawn.morales@example.com,+1 (497) 369-9669,London,Orchid Plus,Refund,Medium,email,Escalated,premium,2,-5,-1,171.62,account;security;urgent,Customer mentioned a previous unresolved ticket.
TKT-01779,05/27/2026 00:11, kendall morris ,kendall.morris@company.co,0048-46801120,Melbourne,Orchid Plus,Product Question,Medium,PHONE,Resolved,Premium,,35,,55.39,login;password,
TKT-01744,21-Apr-2026,Morgan Kim,morgan.kim@company.co,,Cape Town,Harbor Essentials,Billing,urgent,web-form,resolved,Standard, four,-5,-1,142.9,product question,Customer mentioned a previous unresolved ticket.
TKT-02294,2024/01/04,Tatum Novak,tatum.novak@gmail.com,0098-24507066,London,Orchid Plus,Billing,urgent,chat,Pending Customer,Premium, four,-5,-1,34.55,BILLING;invoice,Escalated to the specialist queue.
TKT-01707,2024-06-30 17:24:00,Blake Meyer,blake.meyer74@company.co,+1 (221) 624-9964,Melbourne,Harbor Essentials,Feature Request,MEDIUM,web-form,Resolved,Standard,5,unknown,9.4,115.99,,
TKT-01207,30-Apr-2026,Kendall Larsen,kendall.larsen@mailbox.org,+1 (790) 224-3618,Dublin,Atlas Pro,Feature Request,low,Phone,pending_customer,Premium,1,658,86.1,40.39,feature-request,
TKT-00963,09/26/2024 06:24,Arden Morales,arden.morales91@mailbox.org,0063-89328563,Birmingham,Lumen Starter,Refund,urgent,Social Media,OPEN,Premium,4,1124,38.7,89.81,login;password,Escalated to the specialist queue.
ticket-00115,2025/10/06,Marley  Singh,marley.singh@gmail.com,+1 (993) 645-2181,Melbourne,Nimbus Basic,Feature Request,Low,social,Open,,1,,,68.42,,Customer mentioned a previous unresolved ticket.
TKT-00825,04-May-2024,Emerson Wilson,emerson.wilson23@mailbox.org,,Austin,Mosaic Team,Feature Request,MEDIUM,chat,pending_customer,Enterprise, four,649,1.1,54.5,feature-request,Customer requested an update after the first response.
TKT-02786,04/10/2026 11:51,Parker Bennett,parker.bennett34@example.com,0072-13040055,Amsterdam,Cobalt Enterprise,Technical Issue,high,chat,Escalated,,6,1046,94.4,59.64,,
TKT-02718,12-May-2025,Avery Chen,avery.chen44@outlook.com,+44 7578 877798,Melbourne,Vertex Analytics,Product Question,high,Social Media,Resolved,, four,,-1,127.69,BILLING;invoice,
TKT-01970,21-May-2024,Devon Sullivan,devon.sullivan@example.com,0080-34599448, BERLIN ,Nimbus Basic,Account Access,Medium,chat,OPEN,,2,-5,-1,141.36,delivery | late,
TKT-02361,04/16/2024 14:49,Casey Hughes,casey.hughes@company.co,0035-73729701,Dublin,Mosaic Team,Technical Issue,Urgent,web-form,Open,,2,328,-1,22.38,login;password,Customer mentioned a previous unresolved ticket.
TKT-02503,04-Jun-2026,Finley Brooks,finley.brooks@example.com,,New York,Harbor Essentials,Billing,High,Phone,Open,Standard,6,-5,-1,60.78,bug;mobile,Customer supplied screenshots.
TKT-00309,2025-12-01 00:37:00,Sage Reed,sage.reed@example.com,+1 (341) 318-8175,Cape Town,Orchid Plus,Product Question,Low,email,resolved,premium,2,22,39.8,,bug;mobile,Customer requested an update after the first response.
TKT-02678,2024/06/02,Robin Wilson,robin.wilson@company.co,+1 (594) 321-3736,Melbourne,Lumen Starter,Product Question,MEDIUM,social,Pending Customer,Standard,1,371,-1,0,feature-request,Issue reproduced on a mobile device.
TKT-00428,2026/04/14,Riley Kowalski,riley.kowalski@gmail.com,0031-48449029,Leeds,Atlas Pro,Billing,urgent,Phone,Resolved,Standard,5,1217,9.8,,account;security;urgent,Customer mentioned a previous unresolved ticket.
TKT-00053,01/27/2026 10:12,Milan Ibrahim,milan.ibrahim66@company.co,,Bristol,Vertex Analytics,Billing,urgent,email,OPEN,Standard,6,1184,,41.77,,Customer supplied screenshots.
TKT-01336,2025-11-23 14:02:00,Sage Kim,sage.kim80@example.com,0095-63935610,London,Harbor Essentials,Feature Request,Medium,Email,Open,,,unknown,-1,60.46,,Follow-up required next business day.
TKT-02085,24-Dec-2024,Rowan Ahmed,rowan.ahmed40@gmail.com,+44 7834 828930, BERLIN ,Vertex Analytics,Billing,low,social,pending_customer,premium,4,500,-1,48.72,refund,Escalated to the specialist queue.
TKT-02623,09/13/2025 10:22,Kendall Nguyen,kendall.nguyen@gmail.com,0086-53756207,Amsterdam,Vertex Analytics,Product Question,MEDIUM,Web Form,Resolved,Standard,5,1106,-1,83.61,,
TKT-01233,31-Mar-2024,Arden Patel,arden.patel@example.com,948.859.7115,London,Nimbus Basic,Billing,High,chat,resolved,Premium,2,unknown,-1,74.14,feature-request,Customer requested an update after the first response.
TKT-02590,12-Oct-2024,Hayden Meyer,hayden.meyer@example.com,,New York,Lumen Starter,Subscription,Medium,Social Media,Escalated,Premium,1,250,48h,75.51,refund,Customer requested an update after the first response.
TKT-01536,04/24/2026 20:43,Tatum Walker,tatum.walker@company.co,0097-11347797,,Vertex Analytics,Billing,Low,Social Media,Resolved,Free,3,unknown,,0,login;password,Issue reproduced on a mobile device.
TKT-01243,09/08/2025 09:26,Micah Patel,micah.patel@outlook.com,,Leeds,Nimbus Basic,Delivery,MEDIUM,PHONE,OPEN,Premium,2,656,,47.01,delivery | late,No additional context provided.
TKT-01740,25-Feb-2024,Robin Morris,robin.morris75@outlook.com,834.860.7553,Melbourne,Nimbus Basic,Feature Request,Urgent,web-form,Pending Customer,Premium,2,-5,,173.08,,Customer mentioned a previous unresolved ticket.
TKT-01619,07/24/2025 10:20,Drew Bennett,drew.bennett58@mailbox.org,0014-49368951, BERLIN ,Orchid Plus,Billing,Low,Email,Pending Customer,premium,5,711,,55.55,,Customer requested an update after the first response.
TKT-00888,05-Jan-2026,Casey Meyer,,N/A,Dublin,Vertex Analytics,Security,High,PHONE,OPEN,premium,0,1219,48h,59.24,bug;mobile,No additional context provided.
TKT-01467,23-Mar-2025,Jamie Novak,jamie.novak@outlook.com,+1 (297) 985-6402,Singapore,Harbor Essentials,Refund,urgent,Social Media,Closed,Enterprise,4,250,75.3,170.84,login;password,
TKT-00929,2025/06/19,Riley Fischer,riley.fischer@gmail.com,N/A,Singapore,Mosaic Team,Security,Low,web-form,Pending Customer,premium,1,,,165.1,login;password,No additional context provided.
TKT-01133,2025/08/31,Tatum Sullivan,tatum.sullivan@outlook.com,949.493.5844,Leeds,Orchid Plus,Security,High,web-form,Open,premium,4,,-1,167.75,bug;mobile,Follow-up required next business day.
TKT-00761,07-Sep-2025,Finley Kowalski,finley.kowalski@outlook.com,391.205.6061,Birmingham,Atlas Pro,Feature Request,High,chat,Open,,6,1106,-1,$47.34,BILLING;invoice,Customer supplied screenshots.
TKT-02398,2026-03-27 20:14:00,Alexis Petrov,alexis.petrov@gmail.com,,Singapore,Mosaic Team,Subscription,Urgent,Email,Closed,,0,unknown,48h,23.78,feature-request,Follow-up required next business day.
TKT-01823,2024-03-22 06:35:00,Parker Bennett,parker.bennett@company.co,,Dublin,Vertex Analytics,Billing,MEDIUM,chat,Open,,2,188,,66.63,account;security;urgent,Customer mentioned a previous unresolved ticket.
TKT-00033,2026/03/13,Blake Okafor,blake.okafor@gmail.com,+1 (902) 310-9032,Bristol,Vertex Analytics,Security,urgent,Web Form,OPEN,Premium,6,-5,-1,78.26,,
TKT-02402,05/17/2024 11:03,Reese Larsen,reese.larsen61@outlook.com,223.716.1991,Manchester,Cobalt Enterprise,Billing,Urgent,Live Chat,Pending Customer,Enterprise, four,unknown,48h,88.73,,No additional context provided.
TKT-00697,2025-08-22 01:09:00,Micah Novak,micah.novak@example.com,0027-46726260,Berlin,Nimbus Basic,Technical Issue,high,Email,Closed,premium,6,,8.7,96.94,,Follow-up required next business day.
TKT-00842,01/04/2026 04:08,Rowan Hughes,rowan.hughes@outlook.com,,Bristol,Mosaic Team,Security,High,email,resolved,Standard,2,,34.7,116.12,bug;mobile,No additional context provided.
TKT-00690,07/29/2024 17:43,Riley Hughes,riley.hughes@mailbox.org,+1 (801) 333-4017,Glasgow,Cobalt Enterprise,Account Access,high,Live Chat,Escalated,Standard,6,1553,,103.43,bug;mobile,Issue reproduced on a mobile device.
TKT-01263,14-May-2026,Shawn Patel,shawn.patel@company.co,0036-13288189,Singapore,Cobalt Enterprise,Subscription,High,social,OPEN,Standard,,unknown,48h,108.63,BILLING;invoice,Escalated to the specialist queue.
TKT-02088,05/21/2026 07:07,Sage Turner,sage.turner@example.com,,Manchester,Orchid Plus,Billing,Low,social,Open,Free,,unknown,-1,70.87,bug;mobile,
TKT-02184,11/03/2024 07:08,Quinn Ibrahim,quinn.ibrahim69@example.com,,Birmingham,Harbor Essentials,Product Question,high,email,OPEN,Standard,3,unknown,64.0,154.51,product question,Follow-up required next business day.
TKT-00988,15-Nov-2024,Kendall Carter,,+44 7740 685723,Seattle,Nimbus Basic,Product Question,low,email,Closed,,,unknown,-1,127.25,account;security;urgent,Customer requested an update after the first response.
TKT-01629,2026/05/24,Avery Hughes,avery.hughes83@mailbox.org,+44 7162 220207,Seattle,Harbor Essentials,Account Access,urgent,PHONE,pending_customer,Free,2,547,-1,82.73,account;security;urgent,Customer supplied screenshots.
TKT-01400,04/13/2024 00:49,Cameron Ibrahim,cameron.ibrahim@mailbox.org,179.719.2056,Bristol,Harbor Essentials,Security,High,Phone,Resolved,Enterprise,4,,42.9,42.87,bug;mobile,Follow-up required next business day.
TKT-00338,03-Sep-2025, blake fischer ,blake.fischer@company.co,+44 7820 462914,Glasgow,Cobalt Enterprise,Technical Issue,urgent,web-form,OPEN,,3,619,,61.32,delivery | late,
TKT-02075,04/05/2024 12:33,Hayden Morris,hayden.morris34@gmail.com,,Birmingham,Mosaic Team,Feature Request,Low,chat,Open,Standard,0,,,45.03,refund,Customer requested an update after the first response.
TKT-01132,2025-06-22 22:40:00,Cameron Parker,cameron.parker@gmail.com,+1 (900) 354-9518,Austin,Atlas Pro,Technical Issue,Low,web-form,OPEN,Enterprise,1,,48h,102.21,login;password,Escalated to the specialist queue.
TKT-01420,04/08/2024 10:01,Blake Brooks,blake.brooks@outlook.com,0097-85202936,london,Cobalt Enterprise,Technical Issue,High,Email,Resolved,Free,4,,54.9,106.93,feature-request,Escalated to the specialist queue.
TKT-00874,2025/05/27,Quinn Carter,quinn.carter93@gmail.com,+44 7905 263784,New York,Nimbus Basic,Account Access,Medium,Social Media,pending_customer,,,1359,48h,38.8,product question,
TKT-00455,2025-10-16 01:57:00,Marley Okafor,marley.okafor@mailbox.org,+1 (738) 463-6162,Dublin,Harbor Essentials,Delivery,High,chat,resolved,Standard,6,unknown,69.3,49.84,bug;mobile,Follow-up required next business day.
TKT-00701,2026-06-17 01:38:00,Morgan Turner,morgan.turner@mailbox.org,0053-83533532,Cape Town,Lumen Starter,Feature Request,MEDIUM,chat,OPEN,premium,5,unknown,71.1,$50.25,refund,
TKT-00912,2025/08/09,Emerson Kim,emerson.kim@company.co,0096-48385817,Melbourne,Mosaic Team,Delivery,High,email,OPEN,,,unknown,21.0,91.05,login;password,Customer supplied screenshots.
TKT-01115,2026-05-21 17:29:00,Jamie Patel,jamie.patel@mailbox.org,397.764.2645,Leeds,Lumen Starter,Feature Request,urgent,chat,Closed,Free,1,791,48h,87.27,delivery | late,Follow-up required next business day.
TKT-00085,02/16/2026 22:26,Rowan Parker,rowan.parker@outlook.com,522.817.7102,Austin,Mosaic Team,Refund,MEDIUM,PHONE,Closed,Standard,2,-5,-1,34.53,,Customer supplied screenshots.
TKT-02551,08-Aug-2024,Emerson Meyer,emerson.meyer@company.co,+44 7447 816073,Singapore,Mosaic Team,Technical Issue,Medium,Web Form,resolved,,1,-5,32.7,0,bug;mobile,
TKT-02633,10/14/2025 10:39,Taylor Walker,taylor.walker@gmail.com,,Manchester,Lumen Starter,Product Question,Medium,web-form,resolved,, four,1770,48h,89.85,account;security;urgent,
TKT-01415,22-Sep-2025,Jordan Hughes,jordan.hughes33@outlook.com,+1 (446) 787-2219,Cape Town,Cobalt Enterprise,Refund,Medium,Phone,OPEN,Standard,,270,,43.61,,Customer supplied screenshots.
TKT-00723,19-Dec-2025,Emerson Nguyen,emerson.nguyen47@example.com,+44 7582 699037,Seattle,Nimbus Basic,Refund,high,email,pending_customer,,3,unknown,48h,4.85,account;security;urgent,Follow-up required next business day.
TKT-02737,2024-04-26 17:36:00,Robin Carter,robin.carter25@outlook.com,,Manchester,Lumen Starter,Feature Request,high,web-form,OPEN,Premium,5,,39.8,60.57,"billing,invoice",No additional context provided.
TKT-00495,2024/11/07,Riley Morales,riley.morales@example.com,0070-33162629,Birmingham,Orchid Plus,Feature Request,urgent,social,Closed,, four,unknown,,162.77,"billing,invoice",No additional context provided.
TKT-01284,2026/02/20,Micah Reed,micah.reed@example.com,+44 7071 523367,Berlin,Mosaic Team,Security,MEDIUM,Social Media,pending_customer,Enterprise,2,23,-1,131.62,product question,
TKT-01579,08/04/2024 22:22,Alexis Morales,alexis.morales@outlook.com,,Glasgow,Harbor Essentials,Account Access,low,email,Resolved,,3,,,38.6,"billing,invoice",Escalated to the specialist queue.
TKT-00772,2025/06/21,Jamie Singh,jamie.singh@gmail.com,N/A, BERLIN ,Mosaic Team,Refund,Medium,Live Chat,Open,,6,1511,,48.06,BILLING;invoice,Escalated to the specialist queue.
TKT-01024,20-Mar-2025,Milan Diaz,MILAN.DIAZ@COMPANY.CO,+1 (706) 278-1952,Melbourne,Orchid Plus,Product Question,low,chat,Pending Customer,Standard,,208,48h,196.82,BILLING;invoice,No additional context provided.
TKT-02640,2026/04/13,Tatum Grant,tatum.grant55@outlook.com,845.863.1015,Austin,Lumen Starter,Security,urgent,social,resolved,,0,1111,-1,100.89,feature-request,Customer mentioned a previous unresolved ticket.
TKT-00264,2025-02-14 01:18:00, drew fischer ,drew.fischer@mailbox.org,+1 (617) 737-6020,Austin,Vertex Analytics,Product Question,urgent,Social Media,Open,Enterprise,1,,48h,22.66,login;password,Customer supplied screenshots.
TKT-02429,02/20/2025 02:35,Skyler Bennett,skyler.bennett@mailbox.org,+44 7367 456654,Melbourne,Nimbus Basic,Account Access,high,social,Closed,Premium,5,,48h,140.84,,Customer supplied screenshots.
TKT-02153,2024/11/11,Riley Morris,riley.morris@example.com,,Amsterdam,Nimbus Basic,Feature Request,Low,email,Escalated,, four,-5,48h,80.15,product question,
TKT-00468,20-Apr-2026,Sage Ahmed,sage.ahmed14@mailbox.org,+44 7348 870229,Cape Town,Atlas Pro,Subscription,high,chat,Open,Enterprise,0,499,,120.66,,Customer requested an update after the first response.
TKT-02237,07/05/2024 15:08,Avery Bennett,avery.bennett@gmail.com,,New York,Cobalt Enterprise,Account Access,MEDIUM,web-form,Resolved,Premium,6,unknown,,79.79,refund,Follow-up required next business day.
TKT-02722,2026-03-01 00:04:00,Tatum Petrov,tatum.petrov86@gmail.com,+1 (949) 939-4592,New York,Vertex Analytics,Product Question,low,Phone,OPEN,Standard,,1305,48h,51.18,product question,
TKT-00529,25-Aug-2025,Milan Diaz,milan.diaz@gmail.com,+1 (729) 245-1824,Bristol,Orchid Plus,Account Access,urgent,Phone,Resolved,Free, four,-5,-1,93.28,refund,Escalated to the specialist queue.
TKT-02635,20-Feb-2025,Robin Patel,robin.patel@mailbox.org,,Manchester,Orchid Plus,Product Question,low,email,Pending Customer,Free,4,,,172.5,login;password,Customer mentioned a previous unresolved ticket.
TKT-02628,2026-02-10 10:54:00,Quinn Sullivan,quinn.sullivan@example.com,+44 7090 417669,Dublin,Nimbus Basic,Account Access,low,chat,resolved,Standard,2,unknown,-1,$117.38,,
TKT-00516,02/24/2024 09:01,Kendall Diaz,kendall.diaz@outlook.com,+44 7326 556253,Austin,Mosaic Team,Product Question,Low,PHONE,Pending Customer,Standard,5,1019,68.2,120.55,BILLING;invoice,Customer mentioned a previous unresolved ticket.
TKT-00379,07/13/2025 21:57,Quinn Okafor,quinn.okafor@outlook.com,,Manchester,Atlas Pro,Billing,low,chat,Escalated,Premium,,,74.0,199.44,"billing,invoice",No additional context provided.
TKT-01264,01/24/2026 13:57,Parker Morales,parker.morales@gmail.com,+1 (243) 395-2291, BERLIN ,Harbor Essentials,Security,Medium,chat,Resolved,Premium,5,1405,29.7,28.36,BILLING;invoice,Follow-up required next business day.
TKT-00752,2024-10-20 01:35:00,Casey Diaz,casey.diaz28@mailbox.org,+44 7309 411552,Toronto,Vertex Analytics,Technical Issue,high,web-form,OPEN,Standard,1,609,-1,4.66,refund,Customer supplied screenshots.
TKT-01247,06/22/2024 05:13,Avery Larsen,avery.larsen@mailbox.org,+1 (334) 802-7334,Leeds,Orchid Plus,Technical Issue,high,Phone,OPEN,Free, four,1215,48h,80.87,,
TKT-02376,2025/06/16,Blake Hansen,blake.hansen@company.co,0085-97827467,Bristol,Vertex Analytics,Account Access,MEDIUM,Live Chat,resolved,Premium,0,252,-1,158.67,,Escalated to the specialist queue.
TKT-00692,05/04/2026 03:08,Reese Turner,reese.turner@mailbox.org,+1 (473) 699-7391,Cape Town,Lumen Starter,Security,high,email,Escalated,Premium, four,854,48h,142.76,product question,Escalated to the specialist queue.
TKT-02191,2025-11-02 20:19:00,Blake Okafor,blake.okafor@mailbox.org,0066-73567329,london,Atlas Pro,Delivery,Urgent,Email,Open,Premium,5,-5,,0,bug;mobile,
TKT-02023,2026/05/02,Sage Larsen,sage.larsen@example.com,100.732.9691,Bristol,Orchid Plus,Feature Request,Low,web-form,pending_customer,Free,5,unknown,48.0,$153.84,BILLING;invoice,
TKT-00245,2025/01/29,Kendall Kim,kendall.kim@mailbox.org,+1 (228) 914-3422,Toronto,Mosaic Team,Product Question,high,Live Chat,Open,,2,unknown,38.3,12.98,,Customer supplied screenshots.
TKT-00385,2025/10/13,Skyler Hansen,skyler.hansen59@mailbox.org,+44 7263 268104,Cape Town,Harbor Essentials,Security,urgent,email,resolved,Premium, four,1110,,37.25,,Customer mentioned a previous unresolved ticket.
TKT-01482,2026-01-30 04:50:00,Parker Ibrahim,parker.ibrahim63@example.com,+1 (691) 756-9036,Cape Town,Orchid Plus,Account Access,high,chat,Pending Customer,premium,0,unknown,,58.49,delivery | late,Escalated to the specialist queue.
TKT-02263,2025-02-06 01:20:00,Jordan Morales,jordan.morales@company.co,+44 7006 540120,Seattle,Harbor Essentials,Refund,Medium,Web Form,Resolved,Free,,unknown,,146.97,BILLING;invoice,Issue reproduced on a mobile device.
TKT-01034,2025/09/09,Arden Larsen,arden.larsen@gmail.com,418.410.7541,Seattle,Atlas Pro,Feature Request,MEDIUM,email,Pending Customer,Premium, four,-5,21.5,114.6,refund,Follow-up required next business day.
TKT-02243,06/12/2026 20:19,Tatum Nguyen,tatum.nguyen@gmail.com,+1 (711) 755-6045,,Nimbus Basic,Technical Issue,High,Live Chat,Resolved,Premium,4,1358,15.5,187.7,product question,No additional context provided.
TKT-02395,24-Aug-2025,Hayden Novak,hayden.novak@outlook.com,001-96432511,Toronto,Nimbus Basic,Security,MEDIUM,web-form,Closed,premium, four,923,,74.41,product question,
TKT-01840,2024-02-10 21:26:00,Rowan Ahmed,rowan.ahmed1@example.com,+1 (486) 324-4086,Leeds,Vertex Analytics,Account Access,Urgent,Phone,Open,Standard,2,281,16.5,67.55,delivery | late,Escalated to the specialist queue.
TKT-01191,2025-11-16 01:34:00,Avery Petrov,avery.petrov@example.com,,Glasgow,Lumen Starter,Security,low,Email,Escalated,Free,3,,59.9,84.8,,Escalated to the specialist queue.
TKT-01820,04/27/2024 22:48,Reese Kim,reese.kim @company.co,+1 (751) 711-7224,New York,Mosaic Team,Refund,Urgent,chat,OPEN,,1,892,55.1,24.71,product question,Follow-up required next business day.
TKT-00779,2026-02-06 10:25:00,Reese Grant,reese.grant16@outlook.com,, BERLIN ,Orchid Plus,Account Access,low,Phone,Open,Enterprise,2,48,-1,74.91,product question,Issue reproduced on a mobile device.
TKT-01116,09-Jul-2024,Taylor Grant,taylor.grant86@mailbox.org,, BERLIN ,Nimbus Basic,Account Access,Low,chat,OPEN,Premium,4,-5,48h,99.07,delivery | late,
TKT-00071,05/26/2025 04:45,Jamie Okafor,jamie.okafor33@mailbox.org,N/A,Manchester,Mosaic Team,Refund,high,Live Chat,Resolved,Free,5,-5,57.1,98.88,BILLING;invoice,Escalated to the specialist queue.
TKT-00052,2025/02/16,Jordan Santos,jordan.santos73@example.com,221.231.2584,Leeds,Orchid Plus,Refund,MEDIUM,Phone,OPEN,premium,5,750,-1,57.82,delivery | late,Escalated to the specialist queue.
TKT-01841,08/05/2025 19:43,Jamie Singh,jamie.singh92@mailbox.org,0041-14861719,London,Cobalt Enterprise,Subscription,low,Phone,Open,,6,175,5.2,71.93,feature-request,Follow-up required next business day.
TKT-02690,09/20/2024 17:55,Blake Turner,blake.turner62@example.com,,New York,Vertex Analytics,Technical Issue,Medium,email,Closed,Standard,2,1708,29.1,112.69,product question,
TKT-00589,12/07/2025 16:53,Devon Morris,devon.morris13@outlook.com,+44 7060 751568,Seattle,Nimbus Basic,Subscription,low,Phone,Pending Customer,Premium,0,-5,-1,124.67,refund,Customer mentioned a previous unresolved ticket.
TKT-00007,2025/03/08,Drew Brooks,drew.brooks@mailbox.org,270.516.8956,New York,Harbor Essentials,Account Access,Urgent,Social Media,Escalated,Free, four,unknown,-1,165.86,,No additional context provided.
TKT-01705,02-Jul-2024,Avery Bennett,avery.bennett89@mailbox.org,+1 (370) 339-5067,London,Lumen Starter,Technical Issue,Medium,Web Form,OPEN,Premium,5,unknown,18.0,101.54,login;password,Customer supplied screenshots.
TKT-00670,06/25/2025 13:52,Arden Larsen,arden.larsen3@gmail.com,0032-64788919,Berlin,Nimbus Basic,Delivery,low,social,Resolved,premium,4,unknown,6.0,139.03,login;password,
TKT-02351,2026-01-05 06:01:00,Kendall Meyer,kendall.meyer@mailbox.org,+1 (346) 931-3380,london,Cobalt Enterprise,Subscription,high,Social Media,Closed,premium,2,1706,48h,137.3,"billing,invoice",
TKT-01237,2026/03/07,Finley Meyer,finley.meyer52@company.co,,Leeds,Nimbus Basic,Technical Issue,MEDIUM,chat,pending_customer,,2,unknown,48h,$171.27,bug;mobile,Follow-up required next business day.
TKT-01192,04/19/2024 18:30,Riley Larsen,riley.larsen@gmail.com,0025-40935609,Seattle,Lumen Starter,Account Access,low,chat,Escalated,Enterprise, four,unknown,48h,5.63,refund,Follow-up required next business day.
TKT-01752,18-Feb-2024,Sage Ahmed,sage.ahmed9@gmail.com,+1 (986) 945-8064,Bristol,Lumen Starter,Subscription,low,Live Chat,OPEN,Standard,5,-5,78.7,116.28,,Follow-up required next business day.
TKT-00196,2026/05/22,Kendall Reed,kendall.reed@example.com,+1 (616) 572-2479,Amsterdam,Mosaic Team,Delivery,High,Live Chat,Pending Customer,Standard,6,,47.8,100.19,feature-request,Escalated to the specialist queue.
TKT-02020,2025-04-25 20:46:00,Parker Grant,parker.grant@mailbox.org,0021-61713091,Birmingham,Nimbus Basic,Billing,high,PHONE,pending_customer,Standard,4,651,-1,10.84,"billing,invoice",No additional context provided.
TKT-01212,2024/01/28,Kendall Turner,KENDALL.TURNER@MAILBOX.ORG,410.578.1657,Seattle,Vertex Analytics,Subscription,Urgent,web-form,Resolved,, four,1513,-1,40.89,,Follow-up required next business day.
TKT-00925,02/26/2026 18:26,Rowan Kowalski,rowan.kowalski@example.com,+44 7494 782063,Leeds,Cobalt Enterprise,Account Access,low,Phone,Escalated,Premium,,,4.5,144.73,,Customer supplied screenshots.
TKT-00436,2025/06/08,Quinn Morales,quinn.morales80@mailbox.org,+44 7570 908283,London,Cobalt Enterprise,Subscription,Medium,Phone,Open,premium,1,929,54.9,83.08,BILLING;invoice,Escalated to the specialist queue.
TKT-02248,2025-08-01 12:03:00,Morgan Grant,morgan.grant@company.co,532.853.6526,New York,Atlas Pro,Technical Issue,Urgent,chat,Resolved,,2,-5,,5.83,refund,
TKT-02201,12/15/2024 22:31,Riley Parker,riley.parker@gmail.com,+44 7816 981369,Birmingham,Lumen Starter,Security,Medium,PHONE,Pending Customer,,1,1471,48h,178.24,BILLING;invoice,Escalated to the specialist queue.
TKT-01654,09/15/2025 18:41,Finley Nguyen,finley.nguyen24 @outlook.com,0029-26133867,Cape Town,Vertex Analytics,Product Question,urgent,PHONE,OPEN,Standard,0,1458,,59.58,feature-request,Escalated to the specialist queue.
TKT-00322,2025/09/17,Devon Morales,devon.morales54@example.com,960.337.5786,Singapore,Nimbus Basic,Account Access,urgent,email,Open,Premium, four,-5,46.3,111.73,refund,Customer mentioned a previous unresolved ticket.
TKT-02698,04/17/2026 21:14,Taylor Turner,taylor.turner@company.co,,Dublin,Atlas Pro,Feature Request,MEDIUM,social,Escalated,premium,,862,-1,6.83,delivery | late,Customer supplied screenshots.
TKT-00715,16-May-2026,Alexis Okafor,alexis.okafor @mailbox.org,+1 (544) 991-5024,New York,Vertex Analytics,Subscription,high,email,Open,Premium,5,-5,-1,76.93,,
TKT-02465,2025/09/08,Milan Meyer,milan.meyer@company.co,+44 7272 487697,london,Harbor Essentials,Refund,Urgent,Social Media,Pending Customer,Premium, four,-5,69.7,126.8,delivery | late,Follow-up required next business day.
TKT-00230,2026/04/08,Robin Morales,robin.morales@company.co,+44 7545 496566,Birmingham,Harbor Essentials,Technical Issue,High,web-form,OPEN,,6,-5,,116.38,refund,Customer supplied screenshots.
TKT-00492,10-Mar-2024,Jordan Brooks,jordan.brooks63@company.co,N/A,london,Mosaic Team,Feature Request,urgent,Web Form,Open,Standard,4,1369,,160.4,account;security;urgent,Customer requested an update after the first response.
TKT-01968,2024/03/08,Reese Hughes,reese.hughes99@example.com,+44 7429 107496, BERLIN ,Mosaic Team,Delivery,MEDIUM,social,Closed,Free,6,761,22.5,70.68,product question,
TKT-02056,09-Apr-2025,Sage Carter,sage.carter82@mailbox.org,+44 7467 208262,Leeds,Orchid Plus,Technical Issue,urgent,web-form,Resolved,Enterprise,6,825,84.1,33.94,,
TKT-02629,2026/01/26,Skyler Diaz,skyler.diaz@mailbox.org,0091-41286419,,Atlas Pro,Feature Request,MEDIUM,chat,Pending Customer,Free,5,-5,25.2,54.63,delivery | late,
TKT-00342,2026/04/18,Sage Sullivan,sage.sullivan@mailbox.org,+44 7365 867457,Austin,Cobalt Enterprise,Billing,High,social,Open,Enterprise,2,1490,-1,92.4,,Follow-up required next business day.
TKT-02748,01/29/2024 09:09,Reese Singh,reese.singh@gmail.com,,Birmingham,Atlas Pro,Feature Request,Medium,Phone,Escalated,Premium,2,-5,-1,15.69,feature-request,
TKT-00816,03-May-2025,Reese Petrov,reese.petrov@mailbox.org,0028-91115559,Cape Town,Vertex Analytics,Security,High,chat,Pending Customer,Premium,1,,-1,0,refund,Customer supplied screenshots.
TKT-00216,2025-11-24 17:57:00,Rowan Morris,rowan.morris@company.co,617.230.8942,Singapore,Nimbus Basic,Technical Issue,MEDIUM,social,Closed,Free,0,1769,-1,120.74,account;security;urgent,Escalated to the specialist queue.
TKT-00571,14-Apr-2025,Rowan Santos,ROWAN.SANTOS71@OUTLOOK.COM,,Amsterdam,Atlas Pro,Account Access,urgent,email,Resolved,Free,1,,,80.01,refund,Issue reproduced on a mobile device.
TKT-02758,04/27/2025 16:15,Jamie Sullivan,jamie.sullivan@outlook.com,+1 (620) 241-8543,New York,Vertex Analytics,Refund,high,Phone,Resolved,Premium,1,1632,,37.29,feature-request,Customer mentioned a previous unresolved ticket.
TKT-00666,2026/04/23,Micah Parker,micah.parker@gmail.com,+1 (463) 590-2661,Glasgow,Orchid Plus,Delivery,low,PHONE,Closed,Standard,2,,48h,,"billing,invoice",Customer supplied screenshots.
TKT-01679,2026-01-28 15:00:00,Blake Kim,blake.kim12@example.com,255.447.5065,,Orchid Plus,Feature Request,Urgent,Live Chat,Resolved,premium,5,,-1,133.91,,
TKT-02530,02/03/2025 13:10,Emerson Ibrahim,emerson.ibrahim@example.com,+44 7529 942582,Berlin,Cobalt Enterprise,Feature Request,Medium,Social Media,Escalated,Free,0,,52.8,16.8,product question,
TKT-02101,10/25/2024 23:21,Drew Sullivan,drew.sullivan@outlook.com,,Bristol,Nimbus Basic,Security,MEDIUM,Social Media,resolved,premium,2,652,,99.7,BILLING;invoice,No additional context provided.
TKT-01039,2025/12/15,Avery Bennett,avery.bennett@example.com,,Bristol,Nimbus Basic,Subscription,Low,web-form,pending_customer,Free,4,-5,-1,91.34,feature-request,No additional context provided.
TKT-02522,10-Jun-2024,Parker Chen,parker.chen@outlook.com,,Birmingham,Lumen Starter,Refund,urgent,social,resolved,Enterprise, four,,48h,243.19,BILLING;invoice,Follow-up required next business day.
TKT-00335,2025-01-18 15:42:00,Morgan Grant,morgan.grant40@mailbox.org,,,Cobalt Enterprise,Refund,urgent,Phone,Resolved,,4,,,132.63,,No additional context provided.
TKT-01012,10/30/2024 21:06,Ellis Hansen,ellis.hansen@gmail.com,N/A,Melbourne,Lumen Starter,Delivery,low,social,Escalated,,4,,48h,89.87,refund,Customer mentioned a previous unresolved ticket.
TKT-01136,12/13/2024 16:20,Drew Reed,drew.reed@gmail.com,,Manchester,Atlas Pro,Billing,MEDIUM,social,Resolved,Premium,0,-5,48h,132.02,account;security;urgent,Follow-up required next business day.
TKT-02743,2024-03-25 17:32:00,Jamie Parker,jamie.parker@gmail.com,N/A,Manchester,Nimbus Basic,Account Access,MEDIUM,Email,resolved,,2,-5,-1,81.39,bug;mobile,Escalated to the specialist queue.
TKT-01796,08-Jun-2025,Arden Wilson,arden.wilson@company.co,007-33575893,Toronto,Orchid Plus,Delivery,MEDIUM,Email,OPEN,premium,,,,37.64,delivery | late,Customer supplied screenshots.
TKT-00661,01/27/2024 20:35,Hayden Kowalski,hayden.kowalski@gmail.com,0088-27886045,Cape Town,Harbor Essentials,Delivery,High,Web Form,resolved,,3,1150,,47.45,,Customer mentioned a previous unresolved ticket.
TKT-01256,2025-10-23 20:24:00,Avery Hughes,avery.hughes@mailbox.org,N/A,Bristol,Mosaic Team,Account Access,High,web-form,Closed,Standard,5,-5,-1,12.47,BILLING;invoice,Escalated to the specialist queue.
TKT-00530,2024-06-30 18:48:00,Quinn Chen,quinn.chen@outlook.com,+44 7258 192988,Dublin,Atlas Pro,Product Question,High,Web Form,Pending Customer,Standard,0,1533,48h,29.26,login;password,Customer supplied screenshots.
TKT-02592,06/17/2024 00:46,Hayden Sullivan,hayden.sullivan35@example.com,+1 (674) 635-9819,Seattle,Harbor Essentials,Feature Request,low,PHONE,OPEN,, four,unknown,54.1,53.85,refund,Follow-up required next business day.
TKT-01611,2026/04/09,Arden Novak,arden.novak@company.co,844.501.1881, BERLIN ,Atlas Pro,Technical Issue,Low,chat,resolved,,0,-5,,62.95,BILLING;invoice,
TKT-00015,2024-03-20 09:45:00,Parker Sullivan,parker.sullivan41@outlook.com,+1 (356) 923-4505,Toronto,Mosaic Team,Security,Urgent,PHONE,Escalated,Premium, four,-5,90.8,0,,
TKT-01239,09/04/2024 13:00,Tatum Morris,tatum.morris@example.com,+1 (951) 512-5610,New York,Atlas Pro,Billing,high,Email,OPEN,,6,-5,,110.29,"billing,invoice",Issue reproduced on a mobile device.
TKT-00307,13-Mar-2024,Morgan Hughes,morgan.hughes@company.co,+44 7841 403978,Manchester,Cobalt Enterprise,Security,low,Web Form,resolved,,2,1180,48h,149.27,"billing,invoice",
TKT-00235,30-Jan-2025,Skyler Patel,skyler.patel@outlook.com,+44 7032 966621,Singapore,Mosaic Team,Account Access,Medium,Phone,OPEN,Enterprise, four,423,28.1,196.92,login;password,Customer supplied screenshots.
TKT-01151,06/30/2025 08:43,Taylor Parker,taylor.parker@outlook.com,,Manchester,Orchid Plus,Delivery,urgent,web-form,Open,,1,-5,88.6,24.47,delivery | late,Customer mentioned a previous unresolved ticket.
TKT-00954,2025-01-07 20:00:00,Parker Ibrahim,parker.ibrahim@example.com,602.251.8908,Seattle,Cobalt Enterprise,Feature Request,Urgent,Social Media,resolved,Premium,2,,,158.41,BILLING;invoice,Customer requested an update after the first response.
TKT-01746,2025/06/22,Alexis Hughes,alexis.hughes@example.com,0044-90774733, BERLIN ,Nimbus Basic,Subscription,high,web-form,Escalated,Premium, four,-5,,92.11,,
TKT-02409,06/28/2025 16:26,Blake Chen,blake.chen@company.co,229.307.7015,London,Cobalt Enterprise,Account Access,low,PHONE,Open,premium,,-5,-1,123.63,,Issue reproduced on a mobile device.
TKT-00928,2024/05/30,Morgan  Fischer,morgan.fischer80@gmail.com,+44 7983 144705,Toronto,Cobalt Enterprise,Account Access,high,Web Form,Closed,premium,5,-5,-1,99.75,feature-request,
TKT-00563,2024/11/30,Sage Larsen,sage.larsen@example.com,,Dublin,Lumen Starter,Account Access,Medium,social,Pending Customer,,5,unknown,48h,126.91,refund,Issue reproduced on a mobile device.
TKT-02766,12/06/2024 11:23,Cameron Ahmed,cameron.ahmed53@gmail.com,0036-43929816, BERLIN ,Lumen Starter,Technical Issue,High,Phone,Pending Customer,Free,,unknown,48h,124.12,,Issue reproduced on a mobile device.
TKT-01477,05/05/2026 07:18,Finley Petrov,finley.petrov@outlook.com,974.810.2415,Toronto,Cobalt Enterprise,Account Access,urgent,web-form,Closed,Standard,,unknown,61.2,72.35,product question,Customer mentioned a previous unresolved ticket.
TKT-00124,2025/06/19,Blake Bennett,blake.bennett@gmail.com,678.474.5514,Bristol,Vertex Analytics,Subscription,High,Live Chat,Escalated,premium, four,-5,48h,1.9,refund,Escalated to the specialist queue.
TKT-00609,07/21/2024 16:33,Reese Ahmed,reese.ahmed@mailbox.org,475.903.6765,Bristol,Mosaic Team,Billing,high,social,OPEN,premium,0,32,48h,0,bug;mobile,Customer mentioned a previous unresolved ticket.
TKT-02213,2026/06/13,Devon Santos,devon.santos@outlook.com,+44 7177 298751,Melbourne,Vertex Analytics,Refund,Urgent,social,pending_customer,,5,-5,91.8,127.53,BILLING;invoice,Customer requested an update after the first response.
TKT-00570,2025/09/14,Marley Okafor,marley.okafor@example.com,927.646.2750,Austin,Orchid Plus,Technical Issue,Low,Phone,OPEN,Standard,6,,28.0,59.67,BILLING;invoice,
TKT-01687,05-Apr-2025,Tatum Nguyen,tatum.nguyen@gmail.com,+44 7874 562720,New York,Mosaic Team,Technical Issue,High,Phone,Closed,Free,5,455,-1,53.45,"billing,invoice",
TKT-02505,2024-03-14 22:44:00,Finley Patel,finley.patel@mailbox.org,0094-30729981,Glasgow,Nimbus Basic,Subscription,MEDIUM,chat,Pending Customer,Enterprise, four,unknown,-1,,,Issue reproduced on a mobile device.
TKT-00789,12-Aug-2024,Kendall Kim,kendall.kim@outlook.com,350.699.3527,Melbourne,Lumen Starter,Technical Issue,Medium,social,Pending Customer,, four,,-1,75.14,delivery | late,Customer requested an update after the first response.
TKT-02685,2025/11/10,Milan Meyer,milan.meyer@example.com,+1 (780) 557-5813,Glasgow,Lumen Starter,Feature Request,Medium,Web Form,Pending Customer,premium, four,-5,35.5,97.43,product question,Customer requested an update after the first response.
TKT-01568,04/20/2026 08:26,Ellis Wilson,ellis.wilson@company.co,372.395.5092,Melbourne,Cobalt Enterprise,Subscription,low,PHONE,Resolved,,5,662,48h,107.38,"billing,invoice",Escalated to the specialist queue.
TKT-00712,2024/04/11,Riley Morales,riley.morales49@outlook.com,N/A,New York,Nimbus Basic,Product Question,MEDIUM,chat,Closed,Enterprise,5,1648,,73.68,BILLING;invoice,
TKT-01474,02/07/2026 02:19,Drew Diaz,drew.diaz@mailbox.org,+44 7571 963089,Cape Town,Atlas Pro,Delivery,high,Social Media,Pending Customer,Standard,2,367,48h,79.81,login;password,Customer requested an update after the first response.
TKT-01642,2025/01/08,Morgan Nguyen,morgan.nguyen@outlook.com,,Berlin,Mosaic Team,Billing,high,chat,Closed,premium,5,-5,14.5,156.67,bug;mobile,Issue reproduced on a mobile device.
TKT-01750,30-Jul-2025,Marley Patel,marley.patel66@company.co,,Toronto,Atlas Pro,Security,high,web-form,Closed,Standard,3,1068,48h,134.06,,No additional context provided.
TKT-02521,12-Sep-2024,Arden Larsen,arden.larsen57@outlook.com,0023-68065792,Toronto,Orchid Plus,Product Question,high,Social Media,resolved,Standard,5,1687,,88.64,login;password,No additional context provided.
TKT-01698,2026/01/22,Jordan Nguyen,jordan.nguyen@mailbox.org,0083-71416869,Melbourne,Harbor Essentials,Technical Issue,high,Phone,pending_customer,Enterprise,2,unknown,,$41.72,bug;mobile,Follow-up required next business day.
TKT-00003,05-Dec-2025,Parker Singh,parker.singh@outlook.com,317.771.9179,Leeds,Harbor Essentials,Technical Issue,Low,Live Chat,Pending Customer,,,544,48h,114.62,product question,Customer mentioned a previous unresolved ticket.
TKT-00639,2025-06-08 09:29:00,Robin Wilson,robin.wilson7@mailbox.org,582.614.1091,Dublin,Harbor Essentials,Billing,Medium,PHONE,Resolved,premium,5,1360,33.1,8.05,refund,Customer supplied screenshots.
TKT-01741,04/02/2026 11:31,Devon Morris,devon.morris@example.com,, BERLIN ,Lumen Starter,Subscription,Urgent,Phone,Closed,Standard,0,-5,-1,,,Issue reproduced on a mobile device.
TKT-00197,2024-10-08 15:00:00,Emerson Sullivan,emerson.sullivan@company.co,N/A,Amsterdam,Harbor Essentials,Security,Low,chat,Closed,Premium,6,73,,30.39,BILLING;invoice,Escalated to the specialist queue.
TKT-01401,07/06/2025 04:32,Milan Walker,milan.walker@company.co,,Austin,Nimbus Basic,Delivery,Urgent,web-form,OPEN,Free,0,876,48h,21.42,refund,Escalated to the specialist queue.
TKT-02430,27-Jan-2025,Arden Novak,arden.novak@outlook.com,726.258.6465,Leeds,Cobalt Enterprise,Product Question,Urgent,PHONE,Escalated,,5,781,-1,60.63,account;security;urgent,
TKT-01410,2025-01-26 07:54:00,Quinn Fischer,quinn.fischer82@mailbox.org,,,Vertex Analytics,Product Question,Medium,PHONE,pending_customer,,2,428,40.7,65.2,refund,No additional context provided.
TKT-01807,07/18/2025 09:24,Avery Ahmed,avery.ahmed@example.com,+44 7578 891370,Birmingham,Lumen Starter,Feature Request,Medium,Phone,OPEN,,5,,48h,93.69,"billing,invoice",Issue reproduced on a mobile device.
TKT-01784,2026/04/15,Alexis Walker,alexis.walker53@mailbox.org,+1 (384) 948-1304,Melbourne,Lumen Starter,Account Access,high,Live Chat,pending_customer,Standard,6,,48h,120.8,login;password,Escalated to the specialist queue.
TKT-00866,12/10/2025 22:32,Blake Ahmed,blake.ahmed@example.com,0047-77547679,Berlin,Cobalt Enterprise,Account Access,MEDIUM,PHONE,Escalated,Enterprise,1,unknown,78.6,57.68,refund,
TKT-01169,2025-03-12 17:08:00,Micah Meyer,micah.meyer@mailbox.org,+1 (527) 249-5163,Seattle,Atlas Pro,Refund,urgent,social,Pending Customer,premium,6,-5,48h,111.71,feature-request,Customer supplied screenshots.
TKT-01134,2024/03/17,Avery Morales,avery.morales@mailbox.org,+1 (495) 520-1823,Singapore,Mosaic Team,Billing,MEDIUM,social,Open,premium,3,1541,-1,103.94,feature-request,
TKT-00946,06-Sep-2025,Parker Grant,parker.grant@gmail.com,+44 7988 412051,London,Mosaic Team,Product Question,Low,PHONE,Resolved,Enterprise,0,,88.0,20.15,login;password,Customer mentioned a previous unresolved ticket.
TKT-01427,05/16/2024 09:23,Micah Patel,micah.patel6@gmail.com,+44 7244 618441,Seattle,Nimbus Basic,Delivery,high,web-form,Pending Customer,,1,unknown,48h,192.09, None ,Follow-up required next business day.
TKT-01030,09-Jun-2024,Blake Carter,blake.carter58@company.co,+1 (423) 392-9854,New York,Mosaic Team,Technical Issue,urgent,Phone,Closed,Enterprise,4,,-1,22.75,,Escalated to the specialist queue.
TKT-01810,2025/09/22,Jordan Petrov,jordan.petrov70@example.com,,Birmingham,Nimbus Basic,Refund,Medium,Live Chat,Resolved,premium,5,,,128.23,delivery | late,Escalated to the specialist queue.
TKT-01908,2024/05/18,Sage Kim,sage.kim22@company.co,+1 (888) 326-2316,Dublin,Cobalt Enterprise,Security,urgent,Phone,Closed,Premium,5,1545,48h,17.03,BILLING;invoice,
TKT-02366,16-May-2025,Jordan Hansen,jordan.hansen30@mailbox.org,+1 (413) 822-1691,Leeds,Atlas Pro,Technical Issue,Urgent,Web Form,Resolved,Standard,2,790,48h,163.36,login;password,Follow-up required next business day.
TKT-01549,06/15/2025 01:45,Jordan Diaz,jordan.diaz@company.co,+44 7252 404205, BERLIN ,Atlas Pro,Feature Request,low,chat,pending_customer,Standard,2,387,,121.13,refund,
TKT-02731,05/19/2024 22:41,Drew Nguyen,drew.nguyen@company.co,,Seattle,Mosaic Team,Refund,High,social,resolved,Standard,5,,62.8,146.7,BILLING;invoice,Customer mentioned a previous unresolved ticket.
TKT-01326,2025/09/19,Micah Brooks,micah.brooks@outlook.com,103.571.3060,London,Cobalt Enterprise,Security,high,email,resolved,premium,1,,48h,0,login;password,Issue reproduced on a mobile device.
TKT-01170,2024/03/10,Drew Brooks,drew.brooks@mailbox.org,N/A,Dublin,Nimbus Basic,Technical Issue,High,Live Chat,pending_customer,premium, four,unknown,49.3,125.94,BILLING;invoice,Customer requested an update after the first response.
TKT-00783,2025/06/04,Finley Diaz,finley.diaz@gmail.com,N/A,Birmingham,Atlas Pro,Delivery,Low,Web Form,resolved,Free,2,1639,53.5,99.91,product question,No additional context provided.
TKT-01442,20-Jun-2024,Reese Santos,reese.santos33@company.co,+44 7535 772006,Amsterdam,Orchid Plus,Product Question,high,PHONE,Open,,0,-5,-1,143.54,product question,No additional context provided.
TKT-00413,2025/06/06,Marley Novak,marley.novak62@example.com,+1 (841) 971-7774, BERLIN ,Mosaic Team,Account Access,Urgent,social,Closed,Enterprise,1,unknown,48h,0,bug;mobile,Customer supplied screenshots.
TKT-00500,2024/09/21,Sage Morris,sage.morris@company.co,+1 (610) 672-3383,New York,Harbor Essentials,Product Question,high,social,Closed,,5,unknown,48h,2.95,account;security;urgent,Follow-up required next business day.
TKT-01215,2025-07-13 11:48:00,Shawn Diaz,shawn.diaz33@outlook.com,+44 7197 367363,,Harbor Essentials,Product Question,Urgent,Email,pending_customer,,3,206,64.4,62.78,,No additional context provided.
TKT-02586,2026-05-07 08:00:00,Cameron Chen,cameron.chen@mailbox.org,,,Mosaic Team,Account Access,High,Web Form,Open,Premium,0,,-1,44.59,,
TKT-00358,2026-02-04 00:47:00,Riley Patel,riley.patel@gmail.com,,Cape Town,Vertex Analytics,Technical Issue,high,Social Media,pending_customer,Enterprise,6,685,70.6,63.12,account;security;urgent,Customer supplied screenshots.
TKT-02257,05/01/2025 13:16,Jordan Reed,jordan.reed89@company.co,0046-35117685,Toronto,Nimbus Basic,Billing,Medium,Phone,Resolved,Standard,4,unknown,45.0,127.78,,Follow-up required next business day.
TKT-00160,2025/08/27,Parker Chen,parker.chen@mailbox.org,+44 7803 556501,Melbourne,Nimbus Basic,Technical Issue,high,email,pending_customer,,2,-5,80.4,115.11,account;security;urgent,Issue reproduced on a mobile device.
TKT-02616,28-Feb-2026,Quinn Santos,quinn.santos64@example.com,0063-51363364,New York,Harbor Essentials,Billing,low,chat,Closed,,3,550,48h,115.76,BILLING;invoice,Customer mentioned a previous unresolved ticket.
TKT-01828,2025-03-31 01:59:00,Blake Singh,blake.singh@example.com,,Glasgow,Vertex Analytics,Refund,high,Email,OPEN,Premium,6,,45.3,156.6,"billing,invoice",No additional context provided.
TKT-00502,01/16/2025 20:27, jordan santos ,jordan.santos @gmail.com,148.400.7165,Toronto,Cobalt Enterprise,Security,MEDIUM,PHONE,pending_customer,Premium,5,-5,-1,184.02,,No additional context provided.
TKT-00103,2025-04-11 17:45:00,Alexis Petrov,alexis.petrov56@outlook.com,+44 7168 951452,London,Atlas Pro,Technical Issue,high,PHONE,OPEN,Free,6,1035,35.3,60.15,account;security;urgent,Customer requested an update after the first response.
TKT-02466,26-Dec-2024, micah nguyen ,micah.nguyen@mailbox.org,,Amsterdam,Cobalt Enterprise,Technical Issue,high,Email,Closed,,6,1423,-1,127.8,bug;mobile,Escalated to the specialist queue.
ticket-00023,10-Feb-2024,Kendall Ibrahim,kendall.ibrahim@company.co,141.881.3870,Glasgow,Cobalt Enterprise,Security,urgent,Social Media,OPEN,,,-5,-1,82.71,,Escalated to the specialist queue.
TKT-01382,2024-11-10 09:31:00,Jordan Carter,jordan.carter@mailbox.org,945.309.7652,london,Harbor Essentials,Delivery,low,PHONE,pending_customer,Premium,1,-5,-1,52.16,"billing,invoice",Customer mentioned a previous unresolved ticket.
TKT-00181,06/15/2024 18:12,Cameron Patel,cameron.patel@example.com,0043-96871612,Bristol,Lumen Starter,Billing,high,social,Escalated,Enterprise,6,-5,-1,113.41,,Customer requested an update after the first response.
TKT-00780,07/02/2025 04:49,Emerson Ahmed,emerson.ahmed@company.co,N/A,Seattle,Harbor Essentials,Account Access,High,web-form,pending_customer,Free,4,unknown,55.1,,product question,Follow-up required next business day.
TKT-01447,22-Apr-2024,Alexis Okafor,alexis.okafor@example.com,704.437.9304,Melbourne,Cobalt Enterprise,Refund,Low,Phone,Closed,,,300,-1,$49.93,feature-request,No additional context provided.
TKT-01044,12-Jan-2026,Sage Morales,sage.morales@company.co,+1 (211) 569-2768,london,Lumen Starter,Subscription,Medium,Live Chat,pending_customer,Free,4,-5,3.2,76.88,login;password,Customer mentioned a previous unresolved ticket.
TKT-02413,27-Jan-2026,Kendall Chen,kendall.chen65@gmail.com,210.450.6634,Dublin,Nimbus Basic,Product Question,Low,Social Media,Resolved,premium,5,-5,48h,17.26,"billing,invoice",Customer supplied screenshots.
TKT-01940,2024-03-26 03:18:00,Avery Fischer,avery.fischer@outlook.com,,Melbourne,Orchid Plus,Delivery,Low,Email,Escalated,,5,773,48h,84.39,refund,Customer mentioned a previous unresolved ticket.
TKT-00184,01/03/2024 05:15,Drew Okafor,drew.okafor16@gmail.com,,Leeds,Cobalt Enterprise,Subscription,High,email,Pending Customer,Free, four,unknown,93.5,105.54,login;password,No additional context provided.
TKT-00067,2025/07/31,Jordan Morales,jordan.morales@outlook.com,,Austin,Atlas Pro,Product Question,urgent,PHONE,Escalated,Premium,3,1620,48h,75.04,"billing,invoice",Escalated to the specialist queue.
TKT-01285,02/01/2024 10:40,Parker Santos,parker.santos@outlook.com,+1 (494) 305-3161,Seattle,Vertex Analytics,Security,MEDIUM,Email,Closed,,3,-5,48h,35.77,login;password,Customer requested an update after the first response.
TKT-02591,2024-03-15 05:59:00,Avery Carter,avery.carter@outlook.com,,Toronto,Cobalt Enterprise,Security,Medium,web-form,resolved,Free, four,,,$147.06,product question,Issue reproduced on a mobile device.
TKT-01472,2024/01/22,Marley Walker,marley.walker@mailbox.org,003-12801814,Seattle,Nimbus Basic,Delivery,Urgent,email,Pending Customer,,4,,48h,45.46,delivery | late,Customer requested an update after the first response.
TKT-00363,05-Feb-2024,Arden Kowalski,arden.kowalski@example.com,167.215.8793,Seattle,Nimbus Basic,Subscription,urgent,social,Escalated,Standard,0,-5,77.7,73.02,refund,Customer supplied screenshots.
TKT-01625,2026/05/21,Ellis Bennett,ellis.bennett@example.com,0048-25016443, BERLIN ,Atlas Pro,Delivery,Low,Phone,Closed,,5,-5,75.9,182.03,"billing,invoice",Customer mentioned a previous unresolved ticket.
TKT-00644,04/19/2025 20:37,Micah Chen,micah.chen@company.co,290.719.9592,Seattle,Mosaic Team,Account Access,Urgent,Web Form,resolved,, four,1271,-1,0,product question,Customer mentioned a previous unresolved ticket.
TKT-00754,2025/09/04,Drew Nguyen,drew.nguyen@example.com,+1 (296) 283-9900, BERLIN ,Lumen Starter,Subscription,low,social,pending_customer,premium,1,181,-1,136.95,,Escalated to the specialist queue.
TKT-01218,09-Nov-2025,Ellis Kowalski,ellis.kowalski@outlook.com,, BERLIN ,Orchid Plus,Subscription,Urgent,web-form,OPEN,,,unknown,48h,94.34,"billing,invoice",Escalated to the specialist queue.
TKT-02035,11/20/2024 13:15,Hayden Grant,hayden.grant80@mailbox.org,+1 (865) 239-4187,Singapore,Orchid Plus,Subscription,Medium,chat,pending_customer,Premium,5,225,48h,$137.31,account;security;urgent,
TKT-00580,16-Jun-2025,Blake Diaz,blake.diaz@example.com,0085-94718240,Berlin,Cobalt Enterprise,Technical Issue,low,Web Form,OPEN,Enterprise,4,unknown,-1,$141.91,product question,
TKT-01222,2025-11-16 08:37:00,Avery Walker,avery.walker@mailbox.org,0074-96752932,Singapore,Atlas Pro,Account Access,MEDIUM,social,resolved,Standard, four,,48h,96.04,,No additional context provided.
TKT-01606,2025-05-05 11:43:00,Quinn Morris,quinn.morris@example.com,N/A,Birmingham,Lumen Starter,Security,High,PHONE,resolved,Enterprise,4,,48h,26.57,,
TKT-00835,13-Jan-2026,Emerson Larsen,emerson.larsen@company.co,N/A, BERLIN ,Cobalt Enterprise,Security,Low,social,Closed,,5,1430,15.2,77.09,login;password,No additional context provided.
TKT-01355,13-Aug-2024,Marley Brooks,marley.brooks@mailbox.org,,Birmingham,Harbor Essentials,Feature Request,High,PHONE,resolved,, four,,,47.29,bug;mobile,Customer mentioned a previous unresolved ticket.
TKT-00829,12/28/2024 14:42, jordan meyer ,jordan.meyer@company.co,+1 (291) 715-1799,Dublin,Nimbus Basic,Security,urgent,web-form,pending_customer,Free,3,,,55.89,,
TKT-01175,04/15/2026 18:54,Casey Hughes,casey.hughes@gmail.com,0080-41123094,Bristol,Vertex Analytics,Delivery,urgent,Email,Closed,premium,6,1147,,37.53,BILLING;invoice,
TKT-00504,2024-10-28 06:10:00,Micah Wilson,micah.wilson@gmail.com,+1 (982) 523-2103, BERLIN ,Mosaic Team,Subscription,urgent,web-form,Pending Customer,Standard,0,-5,-1,,account;security;urgent,Customer requested an update after the first response.
TKT-01131,2025-07-25 20:28:00,Casey Hughes,casey.hughes@mailbox.org,+44 7890 558415,Dublin,Cobalt Enterprise,Security,low,PHONE,Pending Customer,Enterprise,3,458,,96.67,product question,
TKT-01911,2024/03/25,Hayden Ibrahim,hayden.ibrahim99@outlook.com,+44 7943 333303,Birmingham,Vertex Analytics,Delivery,Medium,Live Chat,OPEN,Premium,4,-5,-1,174.29,,Follow-up required next business day.
TKT-01268,31-Jul-2025,Devon Nguyen,devon.nguyen@company.co,+1 (955) 406-9521,london,Vertex Analytics,Feature Request,high,web-form,Open,Standard,0,1514,26.8,29.29,,Customer mentioned a previous unresolved ticket.
TKT-01462,09/27/2025 17:35,Finley Nguyen,finley.nguyen@outlook.com,934.791.8384,Glasgow,Cobalt Enterprise,Delivery,Urgent,chat,Escalated,Free,5,,48h,11.66,"billing,invoice",Customer mentioned a previous unresolved ticket.
TKT-01042,2025/02/10,Micah Morales,micah.morales@gmail.com,0044-38013349,Austin,Atlas Pro,Feature Request,low,web-form,resolved,Standard,1,1623,48h,53.76,feature-request,Customer requested an update after the first response.
TKT-01716,20-May-2025,Riley Meyer,riley.meyer@mailbox.org,0019-60165578,Bristol,Orchid Plus,Technical Issue,Medium,email,Closed,,0,,74.0,74.02,delivery | late,
TKT-01831,2024/10/22,Emerson Turner,emerson.turner13@mailbox.org,0087-16521189,New York,Lumen Starter,Security,High,Email,resolved,,3,427,20.1,117.95,account;security;urgent,Escalated to the specialist queue.
TKT-00776,30-Sep-2024,Micah Ibrahim,micah.ibrahim@company.co,, BERLIN ,Nimbus Basic,Security,urgent,email,Pending Customer,Standard,1,-5,29.3,0,account;security;urgent,Customer mentioned a previous unresolved ticket.
TKT-01038,04-Oct-2025,Parker Morris,parker.morris@example.com,+1 (604) 852-4552,Amsterdam,Nimbus Basic,Subscription,urgent,email,OPEN,premium,1,377,-1,0,"billing,invoice",Customer supplied screenshots.
TKT-02260,2024-07-31 09:57:00,Hayden Wilson,hayden.wilson@outlook.com,+1 (972) 448-3922,London,Nimbus Basic,Technical Issue,High,web-form,Open,Premium,5,-5,52.5,89.94,login;password,
TKT-01609,08/29/2025 14:58,Jordan Ahmed,jordan.ahmed@gmail.com,782.107.8878,Dublin,Atlas Pro,Technical Issue,High,email,Escalated,Premium,5,unknown,48h,96.77,delivery | late,Issue reproduced on a mobile device.
TKT-01358,2025/04/04,Alexis Meyer,alexis.meyer@outlook.com,0043-44499216,Amsterdam,Cobalt Enterprise,Account Access,urgent,Live Chat,resolved,,4,1251,-1,100.55,product question,Customer supplied screenshots.
TKT-00596,2026-01-01 00:19:00,Casey Nguyen,casey.nguyen26@mailbox.org,+1 (214) 567-6387,,Nimbus Basic,Technical Issue,low,Live Chat,OPEN,, four,,-1,50.95,product question,Customer requested an update after the first response.
TKT-00986,06/02/2026 04:34,Morgan Carter,morgan.carter@gmail.com,+44 7715 137534,london,Mosaic Team,Delivery,MEDIUM,Phone,Escalated,premium,,,-1,15.29,,
TKT-02326,2026/04/21,Quinn Ibrahim,quinn.ibrahim@gmail.com,449.240.6193,Leeds,Cobalt Enterprise,Product Question,High,Live Chat,pending_customer,Free,0,,,115.78,product question,
TKT-00464,2025-11-14 17:32:00,Emerson Chen,emerson.chen@gmail.com,+1 (596) 715-4310,Glasgow,Vertex Analytics,Subscription,high,Phone,Resolved,,2,770,48h,90.77,"billing,invoice",Escalated to the specialist queue.
TKT-02481,2025/09/23,Micah Petrov,micah.petrov31@gmail.com,+1 (426) 862-1576,London,Mosaic Team,Product Question,Low,chat,Closed,Enterprise,5,1154,,45.68,BILLING;invoice,Customer mentioned a previous unresolved ticket.
TKT-00735,09-Sep-2025,Rowan Okafor,rowan.okafor@example.com,+1 (225) 524-1480,New York,Harbor Essentials,Technical Issue,Medium,Social Media,OPEN,Free, four,-5,56.0,135.6,feature-request,Customer mentioned a previous unresolved ticket.
TKT-00314,2026-06-11 21:05:00,Jamie Carter,jamie.carter15@mailbox.org,+1 (793) 524-1687,Austin,Cobalt Enterprise,Security,Medium,chat,Closed,Standard,5,1108,48h,123.74,"billing,invoice",
TKT-01266,2025-01-25 05:49:00, avery brooks ,avery.brooks@mailbox.org,912.527.6002, BERLIN ,Lumen Starter,Delivery,Urgent,Email,Open,Premium,4,133,48h,1.25,bug;mobile,
TKT-01550,2024/05/21,Tatum Brooks,tatum.brooks@outlook.com,0019-44818883,Manchester,Mosaic Team,Account Access,high,Social Media,OPEN,,0,1260,-1,146.48,product question,No additional context provided.
TKT-00056,2024-06-10 13:53:00,Jamie Hansen,jamie.hansen62@gmail.com,+44 7667 702022,Bristol,Cobalt Enterprise,Product Question,urgent,web-form,pending_customer,Standard,3,unknown,,130.22,refund,Customer requested an update after the first response.
TKT-00134,23-Sep-2024,Cameron Bennett,,+1 (703) 973-8816,Amsterdam,Lumen Starter,Product Question,low,chat,Escalated,,4,unknown,,105.05,,Follow-up required next business day.
TKT-01690,09/13/2024 21:16,Drew Larsen,drew.larsen47@example.com,+1 (598) 728-8707,Birmingham,Nimbus Basic,Product Question,Low,PHONE,resolved,Premium,1,294,22.0,64.76,BILLING;invoice,Customer requested an update after the first response.
TKT-00291,2024-11-20 11:48:00,Rowan Nguyen,rowan.nguyen@company.co,+1 (665) 705-2989,Manchester,Lumen Starter,Billing,Medium,Email,Closed,Free,5,unknown,21.9,67.55,feature-request,
TKT-01899,05/06/2026 14:18,Drew Carter,drew.carter@company.co,+1 (262) 387-9478, BERLIN ,Nimbus Basic,Feature Request,high,web-form,Escalated,Standard,,,-1,109.85,,Customer requested an update after the first response.
TKT-01838,2025-04-17 06:04:00,Robin Sullivan,robin.sullivan21@company.co,0054-52482171,London,Orchid Plus,Account Access,High,Social Media,pending_customer,,,646,,$84.97,feature-request,
TKT-01981,2024-10-04 07:38:00,Jamie Santos,jamie.santos38@example.com,849.424.1105,Melbourne,Cobalt Enterprise,Technical Issue,Urgent,Live Chat,Open,,1,,-1,25.56,account;security;urgent,
TKT-00750,13-Feb-2024,Hayden Hughes,hayden.hughes33@example.com,,Toronto,Cobalt Enterprise,Product Question,MEDIUM,chat,pending_customer,Standard,5,371,48h,1.63,product question,Issue reproduced on a mobile device.
TKT-02319,2026-03-02 04:23:00,Kendall Chen,kendall.chen@gmail.com,189.571.6056,london,Atlas Pro,Product Question,high,Social Media,Escalated,,,-5,-1,48.29,feature-request,Customer supplied screenshots.
TKT-01763,2025-09-27 14:26:00,Emerson Parker,emerson.parker@gmail.com,0025-87174040,Manchester,Vertex Analytics,Feature Request,urgent,PHONE,Escalated,,4,383,,83.15,"billing,invoice",Customer requested an update after the first response.
TKT-02754,2024/05/23,Ellis Carter,ellis.carter@gmail.com,+44 7303 452865,Dublin,Harbor Essentials,Refund,Urgent,Social Media,pending_customer,Premium,0,619,-1,70.7,bug;mobile,Customer requested an update after the first response.
TKT-01988,2024-06-04 07:26:00,Kendall Petrov,kendall.petrov78@gmail.com,+44 7728 499037,Bristol,Cobalt Enterprise,Refund,MEDIUM,Phone,Closed,premium,3,727,47.7,107.39,account;security;urgent,
TKT-02298,16-May-2025,Milan Chen,milan.chen93@outlook.com,952.524.4774,Austin,Harbor Essentials,Security,Low,email,Resolved,,6,unknown,,156.09,refund,Customer mentioned a previous unresolved ticket.
TKT-01817,2026-04-02 22:58:00,Rowan Bennett,rowan.bennett87 @outlook.com,782.695.2585,New York,Harbor Essentials,Subscription,High,Phone,OPEN,,0,unknown,48h,0,feature-request,Follow-up required next business day.
TKT-01122,2025/11/11,Blake Novak,blake.novak@company.co,+1 (430) 787-6334,london,Mosaic Team,Account Access,high,Web Form,OPEN,,0,unknown,48h,144.29,product question,No additional context provided.
TKT-00429,2024-10-25 12:31:00,Robin Singh,robin.singh86@outlook.com,908.274.7403,Amsterdam,Lumen Starter,Billing,high,email,Pending Customer,,6,-5,48h,137.21,refund,Customer supplied screenshots.
TKT-02558,2025-12-14 21:11:00,Sage Sullivan,sage.sullivan@outlook.com,,Austin,Cobalt Enterprise,Billing,high,Social Media,Resolved,,0,unknown,,79.19,product question,
TKT-01347,2025-03-15 15:05:00,Marley Meyer,marley.meyer@gmail.com,N/A,Leeds,Atlas Pro,Feature Request,High,Web Form,Closed,Free,2,unknown,52.5,0,login;password,Issue reproduced on a mobile device.
TKT-00208,14-Jul-2024,Ellis Bennett,ellis.bennett@mailbox.org,+1 (841) 751-4127,Melbourne,Atlas Pro,Refund,Low,Live Chat,OPEN,Enterprise,3,unknown,-1,$107.26,bug;mobile,Follow-up required next business day.
TKT-01501,2024/11/15,Hayden Patel,hayden.patel75@outlook.com,279.709.7456,Dublin,Atlas Pro,Billing,urgent,Email,Closed,,0,,23.3,121.81,account;security;urgent,Customer supplied screenshots.
TKT-00943,2025/02/20,Rowan Okafor,,+44 7056 941934,Toronto,Mosaic Team,Subscription,low,chat,Closed,,5,,,114.76,account;security;urgent,
TKT-01660,2024/05/13,Milan Sullivan,milan.sullivan53@mailbox.org,950.236.1369,Leeds,Nimbus Basic,Feature Request,Low,chat,OPEN,,5,-5,48h,141.69,,
TKT-01834,09/10/2024 06:29,Emerson Brooks,emerson.brooks14@company.co,0076-89404142,Manchester,Mosaic Team,Delivery,High,web-form,pending_customer,Enterprise,5,,-1,94.79,bug;mobile,Customer supplied screenshots.
TKT-00510,2025/04/05,Riley Sullivan,riley.sullivan@gmail.com,,Glasgow,Vertex Analytics,Account Access,Low,social,Escalated,Standard,0,-5,,33.3,BILLING;invoice,
TKT-01600,09-Jan-2025,Shawn Kowalski,shawn.kowalski75@gmail.com,333.412.7009,Leeds,Vertex Analytics,Subscription,Medium,chat,OPEN,Premium,2,,,,delivery | late,Customer supplied screenshots.
TKT-00480,2026/02/03,Sage Walker,sage.walker@outlook.com,+1 (533) 345-2478,Dublin,Orchid Plus,Billing,MEDIUM,Phone,Pending Customer,Standard,0,unknown,-1,140.58,bug;mobile,Follow-up required next business day.
TKT-00040,2025-01-31 13:57:00,Micah Ibrahim,micah.ibrahim7@company.co,+1 (894) 595-5655,Singapore,Cobalt Enterprise,Billing,MEDIUM,Social Media,Pending Customer,Standard,3,unknown,12.6,89.83,feature-request,Customer supplied screenshots.
TKT-01229,2025/09/11,Taylor Kowalski,taylor.kowalski@outlook.com,+44 7851 876977,Melbourne,Nimbus Basic,Security,Medium,PHONE,OPEN,Premium,4,unknown,,132.01,BILLING;invoice,No additional context provided.
TKT-00195,2024-07-24 12:26:00,Finley Hughes,finley.hughes20@mailbox.org,,Berlin,Orchid Plus,Billing,low,Social Media,Pending Customer,,4,309,48h,88.52,,Customer mentioned a previous unresolved ticket.
TKT-02242,2024/08/14,Rowan Morales,ROWAN.MORALES@MAILBOX.ORG,,New York,Lumen Starter,Product Question,low,Live Chat,Pending Customer,Free,0,-5,,111.14,,Follow-up required next business day.
TKT-02614,08/13/2025 05:50, taylor nguyen ,taylor.nguyen@gmail.com,+44 7123 649430,Toronto,Nimbus Basic,Technical Issue,Medium,Email,Closed,,4,858,-1,78.64,"billing,invoice",
TKT-02365,06/18/2026 15:53,Robin Morales,robin.morales@mailbox.org,+44 7688 403016,Glasgow,Harbor Essentials,Delivery,MEDIUM,social,Pending Customer,,1,206,,44.39,refund,Customer mentioned a previous unresolved ticket.
TKT-00432,2024/12/17,Hayden Ibrahim,hayden.ibrahim@example.com,704.727.4222,Singapore,Harbor Essentials,Delivery,MEDIUM,social,Escalated,Enterprise,1,-5,-1,0,,Issue reproduced on a mobile device.
TKT-01958,11/11/2024 16:11,Tatum Nguyen,tatum.nguyen50@company.co,+44 7552 154822,Birmingham,Orchid Plus,Refund,MEDIUM,Web Form,resolved,Standard,5,1301,-1,$251.58,"billing,invoice",Issue reproduced on a mobile device.
TKT-01996,2025-05-08 09:29:00,Quinn Walker,quinn.walker27@company.co,0028-40498283,Birmingham,Atlas Pro,Security,Urgent,PHONE,Open,,0,-5,,137.86,product question,Customer requested an update after the first response.
TKT-01979,27-Oct-2024,Milan Diaz,milan.diaz@company.co,,Seattle,Orchid Plus,Refund,Urgent,social,Open,,3,-5,48h,36.49,"billing,invoice",
TKT-01515,2024/05/18,Devon Sullivan,devon.sullivan90@mailbox.org,+1 (814) 941-7518,Singapore,Orchid Plus,Billing,Medium,web-form,Open,Standard,5,754,-1,74.45,BILLING;invoice,Customer supplied screenshots.
TKT-01430,2026/03/16,Riley Singh,riley.singh@example.com,412.530.6949,Austin,Atlas Pro,Feature Request,Urgent,Email,Closed,Standard,2,,,63.78,account;security;urgent,
TKT-00318,2026/04/24,Milan Chen,milan.chen14@company.co,+44 7758 975356,Glasgow,Lumen Starter,Technical Issue,Urgent,Social Media,pending_customer,Premium,6,1681,14.8,61.94,BILLING;invoice,
TKT-00958,04/03/2026 04:36,Kendall Bennett,kendall.bennett@company.co,0062-47325155,Austin,Nimbus Basic,Feature Request,urgent,PHONE,Closed,Premium,1,-5,,104.12,,Customer mentioned a previous unresolved ticket.
TKT-01235,2024-01-24 14:16:00,Ellis Patel,ellis.patel@gmail.com,,Bristol,Mosaic Team,Billing,Urgent,chat,pending_customer,Free, four,1187,-1,34.8,,Issue reproduced on a mobile device.
TKT-02211,2025/08/10,Jamie Wilson,JAMIE.WILSON59@EXAMPLE.COM,+1 (300) 985-2143,Glasgow,Nimbus Basic,Security,high,Social Media,Resolved,, four,unknown,48h,10.23,,Issue reproduced on a mobile device.
TKT-01487,01-Jan-2025,Marley Larsen,marley.larsen84@gmail.com,001-17336813,Austin,Orchid Plus,Delivery,High,Phone,Open,Premium,5,-5,,0.99,refund,Escalated to the specialist queue.
TKT-00088,2025/11/30,Casey Meyer,casey.meyer@mailbox.org,+1 (834) 831-5026,,Cobalt Enterprise,Security,low,Phone,Resolved,Premium,3,-5,24.1,97.08,feature-request,
TKT-02727,02/27/2026 11:35,Casey Kowalski,casey.kowalski@gmail.com,0078-26015520, BERLIN ,Lumen Starter,Subscription,high,Phone,Escalated,Enterprise,5,unknown,48h,134.63,feature-request,Customer mentioned a previous unresolved ticket.
TKT-00177,07-Aug-2025,Avery Brooks,avery.brooks@gmail.com,N/A,Bristol,Mosaic Team,Refund,urgent,social,Resolved,Premium, four,-5,,79.72,feature-request,Customer requested an update after the first response.
TKT-01794,2025/12/11,Emerson Hansen,emerson.hansen@company.co,0050-59327749,Austin,Atlas Pro,Subscription,Urgent,Email,Resolved,Enterprise,4,-5,-1,115.92,BILLING;invoice,Escalated to the specialist queue.
TKT-00784,17-Feb-2026,Marley Petrov,marley.petrov@company.co,0092-26379293,Leeds,Mosaic Team,Subscription,Low,web-form,Closed,,,1150,56.6,112.58,bug;mobile,Customer requested an update after the first response.
TKT-01017,2026-06-07 22:32:00,Skyler Okafor,skyler.okafor@outlook.com,0059-68607910,Toronto,Harbor Essentials,Product Question,Medium,Social Media,Pending Customer,Enterprise,,1640,48h,43.17,,Customer mentioned a previous unresolved ticket.
TKT-02442,03/04/2026 00:35,Shawn Santos,shawn.santos55@gmail.com,+1 (694) 802-2892,Cape Town,Vertex Analytics,Account Access,Medium,chat,Closed,Premium,4,unknown,,154.98,,Customer mentioned a previous unresolved ticket.
TKT-01172,2026-03-14 03:27:00,Robin Grant,robin.grant @outlook.com,,,Cobalt Enterprise,Refund,urgent,PHONE,Escalated,Enterprise,5,295,48h,94.47,feature-request,Follow-up required next business day.
TKT-00149,12/05/2025 16:16,Riley Petrov,riley.petrov61@company.co,882.115.5421,Manchester,Mosaic Team,Refund,high,social,Resolved,premium,4,1553,-1,107.71,feature-request,
TKT-00395,10/04/2024 11:30,Quinn Bennett,quinn.bennett@gmail.com,545.972.3618,London,Lumen Starter,Account Access,MEDIUM,Social Media,OPEN,premium,1,725,-1,143.87,account;security;urgent,
TKT-01394,06/08/2024 19:07,Jordan Kim,jordan.kim@mailbox.org,+44 7843 285120,,Vertex Analytics,Account Access,low,Email,pending_customer,Standard,0,-5,,86.51,delivery | late,Follow-up required next business day.
TKT-02359,09-Feb-2025,Cameron Meyer,cameron.meyer7@gmail.com,0071-50620686,Amsterdam,Mosaic Team,Delivery,Medium,email,pending_customer,,3,-5,19.1,0,account;security;urgent,Customer supplied screenshots.
TKT-02370,12/13/2024 22:12,Blake Larsen,blake.larsen@gmail.com,180.492.3419,Leeds,Orchid Plus,Security,High,Social Media,pending_customer,Premium,1,unknown,48h,146.97,refund,Customer requested an update after the first response.
TKT-00126,2024-06-22 23:00:00,Jordan Meyer,jordan.meyer@mailbox.org,+1 (609) 561-7474,Singapore,Nimbus Basic,Feature Request,Medium,web-form,Closed,Premium,0,,48h,199.48,,Customer mentioned a previous unresolved ticket.
TKT-00683,03/17/2026 10:14,Ellis Sullivan,ellis.sullivan50@gmail.com,,Dublin,Mosaic Team,Security,urgent,PHONE,Open,premium,4,414,-1,50.15,login;password,Customer mentioned a previous unresolved ticket.
TKT-02485,2025-06-15 01:25:00,Avery Santos,avery.santos89@example.com,+44 7845 413979,Glasgow,Cobalt Enterprise,Product Question,MEDIUM,social,pending_customer,,3,,48h,48.77,"billing,invoice",Escalated to the specialist queue.
TKT-01141,13-Jul-2024,Emerson Chen,emerson.chen@gmail.com,004-34583488,london,Nimbus Basic,Subscription,Urgent,Email,OPEN,,6,-5,74.1,62.63,product question,Customer supplied screenshots.
TKT-01371,03-Mar-2026,Ellis Walker,ellis.walker62@outlook.com,+44 7489 124858,New York,Nimbus Basic,Delivery,low,Email,resolved,,0,unknown,48h,69.49,login;password,
TKT-02183,2024/05/03,Avery Carter,avery.carter51@gmail.com,735.456.1856,Seattle,Nimbus Basic,Feature Request,high,Web Form,Pending Customer,,5,unknown,48h,69.08,feature-request,Customer mentioned a previous unresolved ticket.
TKT-02415,2026-04-08 16:59:00,Quinn Ahmed,quinn.ahmed@gmail.com,N/A,London,Cobalt Enterprise,Technical Issue,Low,social,Escalated,Standard,1,380,-1,134.97,,Customer mentioned a previous unresolved ticket.
TKT-02735,01/31/2026 02:52,Finley Singh,finley.singh84@outlook.com,+1 (739) 891-8613,Cape Town,Vertex Analytics,Delivery,MEDIUM,Live Chat,Open,Premium,2,unknown,-1,188.29,"billing,invoice",No additional context provided.
TKT-02267,05/27/2026 02:09,Casey Hughes,casey.hughes@example.com,,Cape Town,Nimbus Basic,Delivery,urgent,Social Media,Pending Customer,,4,unknown,54.8,0,login;password,Issue reproduced on a mobile device.
TKT-01605,2024-08-27 18:15:00,Riley Brooks,riley.brooks37@gmail.com,+44 7330 376752,Dublin,Lumen Starter,Security,high,Phone,Resolved,,1,unknown,,52.45,BILLING;invoice,
TKT-01760,09/11/2024 14:22,Arden Carter,arden.carter31@outlook.com,+1 (753) 724-5819,Austin,Harbor Essentials,Billing,Medium,email,resolved,Free,5,1513,35.0,151.32,product question,Follow-up required next business day.
TKT-02525,27-Mar-2024,Taylor Ahmed,taylor.ahmed@mailbox.org,+44 7452 374196,Dublin,Harbor Essentials,Product Question,Low,Phone,pending_customer,,2,,,129.7,BILLING;invoice,
TKT-02671,06-Sep-2024,Arden Meyer,arden.meyer65@example.com,,Austin,Orchid Plus,Security,High,Live Chat,Pending Customer,Free,,-5,-1,40.68,,Escalated to the specialist queue.
TKT-00599,2024-11-25 12:48:00,Milan Chen,milan.chen@company.co,+1 (642) 652-3429,Melbourne,Orchid Plus,Billing,MEDIUM,web-form,Open,Enterprise,0,-5,,54.56,product question,No additional context provided.
TKT-01383,2025/08/25,Finley Petrov,finley.petrov48@outlook.com,0067-24033062,Manchester,Harbor Essentials,Subscription,Low,Social Media,resolved,Premium,2,,48h,197.65,,Customer requested an update after the first response.
TKT-01510,2024/02/05,Finley Nguyen,finley.nguyen@company.co,N/A,Birmingham,Cobalt Enterprise,Billing,urgent,web-form,OPEN,Enterprise,3,unknown,,$160.26,product question,
TKT-00079,2025-11-02 03:06:00,Devon Patel,devon.patel@example.com,+1 (655) 209-1132,London,Orchid Plus,Subscription,MEDIUM,Web Form,Pending Customer,Enterprise,2,1498,48h,84.05,delivery | late,Customer supplied screenshots.
TKT-00641,03-Jan-2024,Arden Morris,arden.morris93@example.com,+44 7135 116311,Melbourne,Orchid Plus,Product Question,MEDIUM,web-form,pending_customer,Free,,1303,-1,60.53,refund,No additional context provided.
TKT-01665,11-Feb-2025,Rowan Kim,rowan.kim@mailbox.org,N/A,Melbourne,Cobalt Enterprise,Technical Issue,High,chat,pending_customer,,5,-5,48h,150.33,,Escalated to the specialist queue.
TKT-02621,2025-08-03 05:17:00,Casey Parker,casey.parker@gmail.com,,Dublin,Harbor Essentials,Account Access,MEDIUM,web-form,Escalated,premium,4,unknown,-1,117.75,account;security;urgent,No additional context provided.
TKT-00882,02/20/2026 05:12,Reese Ibrahim,reese.ibrahim@outlook.com,400.206.2703,Austin,Mosaic Team,Billing,low,Social Media,Closed,,0,1102,-1,49.8,,
TKT-01367,2026-04-03 23:55:00,Micah Fischer,micah.fischer@example.com,,Birmingham,Vertex Analytics,Security,low,Live Chat,pending_customer,,6,268,-1,77.5,product question,Customer mentioned a previous unresolved ticket.
TKT-01200,05/18/2025 18:43,Rowan Parker,rowan.parker@outlook.com,+1 (485) 964-3251,Berlin,Harbor Essentials,Billing,low,Phone,Closed,Free,1,1435,6.4,154.03,BILLING;invoice,Customer mentioned a previous unresolved ticket.
TKT-00583,03/01/2024 23:33,Blake Ibrahim,blake.ibrahim13@company.co,171.451.9698,Manchester,Atlas Pro,Refund,MEDIUM,chat,Open,Premium, four,288,48h,113.8,product question,Follow-up required next business day.
TKT-02377,21-May-2024,Finley Sullivan,finley.sullivan@mailbox.org,,Leeds,Nimbus Basic,Subscription,urgent,email,Resolved,premium,1,-5,-1,59.21,delivery | late,Customer requested an update after the first response.
TKT-02597,02/29/2024 00:02,Jordan Okafor,jordan.okafor14@mailbox.org,+44 7711 879598,Toronto,Orchid Plus,Technical Issue,urgent,Live Chat,Open,Premium, four,543,,45.63,delivery | late,No additional context provided.
TKT-01443,2026/01/01,Milan Chen,milan.chen@company.co,+44 7745 935500,London,Nimbus Basic,Product Question,low,chat,Closed,,0,,48h,88.96,product question,Follow-up required next business day.
TKT-01985,18-Jun-2026,Robin Singh,robin.singh@example.com,715.289.7091,Cape Town,Mosaic Team,Technical Issue,urgent,PHONE,Open,Standard,2,180,82.5,131.42,account;security;urgent,Customer requested an update after the first response.
TKT-00658,12/04/2024 13:35,Rowan Morales,rowan.morales77@mailbox.org,+44 7389 112658,Birmingham,Cobalt Enterprise,Feature Request,MEDIUM,Email,Open,Premium, four,64,,77.67,,Customer requested an update after the first response.
TKT-00883,2025/11/18,Skyler Diaz,skyler.diaz@mailbox.org,N/A,london,Mosaic Team,Billing,MEDIUM,Web Form,Resolved,Free, four,-5,48h,52.08,refund,Customer supplied screenshots.
TKT-00256,30-Jun-2025,Riley Morris,riley.morris@gmail.com,+44 7704 203818,Glasgow,Mosaic Team,Subscription,Medium,Social Media,OPEN,,4,-5,48h,52.37,,Issue reproduced on a mobile device.
TKT-00299,2024/12/26,Ellis Bennett,ellis.bennett@example.com,246.850.4223,Bristol,Lumen Starter,Product Question,low,Phone,OPEN,,2,597,48h,123.71,,Customer mentioned a previous unresolved ticket.
TKT-02794,2025-08-10 18:46:00,Blake Kim,blake.kim1@company.co,268.690.6833,Bristol,Harbor Essentials,Account Access,High,Phone,Escalated,Free,5,-5,-1,28.03,delivery | late,
TKT-02482,2024/06/13,Blake Larsen,BLAKE.LARSEN@GMAIL.COM,616.148.8554,Austin,Orchid Plus,Security,low,web-form,Escalated,premium,,-5,23.3,173.57,"billing,invoice",Customer supplied screenshots.
TKT-01637,09/23/2025 08:28,Shawn Turner,shawn.turner@example.com,+44 7693 916837,Cape Town,Harbor Essentials,Feature Request,Urgent,social,Resolved,Enterprise,,-5,48h,26.47,,Customer supplied screenshots.
TKT-00447,04/05/2025 07:42,Alexis Hughes,alexis.hughes16@example.com,+44 7157 821333,Glasgow,Lumen Starter,Feature Request,MEDIUM,PHONE,Pending Customer,,0,unknown,,99.16,"billing,invoice",Customer mentioned a previous unresolved ticket.
TKT-02291,23-Jan-2026,Skyler Kim,skyler.kim @mailbox.org,N/A,Seattle,Cobalt Enterprise,Account Access,high,PHONE,Closed,Enterprise,5,1696,,174.64,login;password,Customer supplied screenshots.
TKT-02636,08/19/2025 18:00,Taylor Okafor,taylor.okafor15@company.co,, BERLIN ,Orchid Plus,Account Access,MEDIUM,PHONE,Closed,Enterprise,5,-5,48h,137.93,bug;mobile,
TKT-01656,01/22/2024 15:42,Reese Bennett,reese.bennett@outlook.com,,London,Nimbus Basic,Account Access,high,web-form,Escalated,,6,1789,8.5,62.75,account;security;urgent,
TKT-02129,24-Jul-2025,Avery Kim,AVERY.KIM@MAILBOX.ORG,+44 7326 742542,New York,Nimbus Basic,Product Question,Medium,Live Chat,resolved,premium,3,unknown,47.0,118.35,refund,Customer requested an update after the first response.
TKT-00846,08-Sep-2025,Finley Morris,finley.morris78@outlook.com,0054-44529256,Amsterdam,Vertex Analytics,Billing,high,Social Media,Resolved,premium,4,unknown,-1,106.08,"billing,invoice",Issue reproduced on a mobile device.
TKT-02684,2026-02-26 21:29:00,Jamie Walker,jamie.walker@example.com,N/A,Toronto,Atlas Pro,Refund,high,Phone,OPEN,premium,5,986,5.9,119.25,product question,Customer requested an update after the first response.
TKT-00714,08-Jan-2026,Jordan Hughes,jordan.hughes@mailbox.org,+44 7395 759763,Seattle,Mosaic Team,Delivery,urgent,Live Chat,Open,Premium,4,1402,,100.95,BILLING;invoice,
TKT-02156,2025-05-06 01:48:00,Kendall Patel,kendall.patel68@example.com,0090-97867246,Austin,Atlas Pro,Product Question,Medium,Web Form,Pending Customer,Standard,5,,48h,45.1,account;security;urgent,Customer mentioned a previous unresolved ticket.
TKT-01960,08-Dec-2025,Robin Grant,robin.grant@example.com,N/A,Melbourne,Lumen Starter,Technical Issue,Urgent,PHONE,Pending Customer,,5,,15.2,91.28,account;security;urgent,Escalated to the specialist queue.
TKT-01934,03/08/2024 10:37,Arden Morales,arden.morales@mailbox.org,,Glasgow,Lumen Starter,Refund,Medium,Phone,Escalated,premium,4,1620,1.9,73.17,feature-request,No additional context provided.
TKT-00449,2024-05-09 08:12:00,Arden Carter,arden.carter78@company.co,+1 (547) 737-9807,Austin,Harbor Essentials,Account Access,low,email,Resolved,Free,4,1646,67.1,50.74,"billing,invoice",Customer mentioned a previous unresolved ticket.
TKT-01720,05/12/2024 09:05,Tatum Santos,tatum.santos@gmail.com,+44 7790 130213,Amsterdam,Harbor Essentials,Account Access,low,social,Pending Customer,premium,4,-5,48h,55.05,BILLING;invoice,
TKT-00590,15-Jan-2024,Ellis Grant,ellis.grant@mailbox.org,+1 (236) 397-6004,Amsterdam,Mosaic Team,Security,High,Live Chat,resolved,Standard,3,unknown,,31.92,login;password,Customer requested an update after the first response.
TKT-02478,2025/04/06,Morgan Sullivan,morgan.sullivan55@mailbox.org,0066-73597058,Glasgow,Harbor Essentials,Product Question,High,Phone,Closed,Premium,6,unknown,-1,158.93,account;security;urgent,Customer mentioned a previous unresolved ticket.
TKT-00574,2024-08-29 07:21:00,Arden Walker,arden.walker@outlook.com,0042-59978040,Manchester,Atlas Pro,Delivery,high,Phone,Pending Customer,Free,4,,0.8,66.95,feature-request,Follow-up required next business day.
TKT-00951,10-Apr-2024,Reese  Morales,reese.morales47@outlook.com,+1 (738) 877-2298,Toronto,Nimbus Basic,Refund,Low,web-form,Pending Customer,,6,,-1,65.73,feature-request,Customer requested an update after the first response.
TKT-00911,03/20/2025 22:09,Blake Santos,blake.santos52@example.com,,Austin,Cobalt Enterprise,Security,Urgent,PHONE,Closed,Standard,6,184,48h,62.07,,Customer mentioned a previous unresolved ticket.
TKT-00136,2025-02-05 02:26:00,Sage Reed,sage.reed@mailbox.org,855.134.4263,Toronto,Vertex Analytics,Refund,Low,Web Form,Open,Standard,2,1365,48h,164.25,login;password,
TKT-02715,27-Jan-2026,Taylor Ahmed,taylor.ahmed@example.com,,Bristol,Orchid Plus,Product Question,Low,chat,Pending Customer,premium,4,,48h,99.22,"billing,invoice",
TKT-01403,08/31/2025 14:32,Finley Hughes,finley.hughes@example.com,,Cape Town,Cobalt Enterprise,Refund,Low,Social Media,OPEN,,5,1008,85.3,144.21,feature-request,Escalated to the specialist queue.
TKT-00824,2025-02-06 10:25:00,Morgan Nguyen,morgan.nguyen@company.co,,london,Nimbus Basic,Refund,urgent,email,resolved,Enterprise,4,,48h,59.04,refund,No additional context provided.
TKT-00249,29-Jan-2025,Alexis Fischer,alexis.fischer67@mailbox.org,272.556.2895,Berlin,Vertex Analytics,Product Question,urgent,Live Chat,Pending Customer,premium,4,435,72.4,176.1,login;password,Customer supplied screenshots.
TKT-00167,2024-01-11 22:57:00,Avery Ahmed,avery.ahmed@example.com,,Berlin,Lumen Starter,Subscription,Medium,PHONE,Closed,,4,1229,68.0,124.21,,Customer supplied screenshots.
TKT-01574,2025-04-21 04:03:00,Finley Patel,finley.patel@example.com,+44 7829 182323,Birmingham,Harbor Essentials,Delivery,low,Live Chat,pending_customer,,4,-5,62.3,4.39,refund,Customer mentioned a previous unresolved ticket.
TKT-00768,07-Sep-2024,Marley Larsen,marley.larsen@example.com,,london,Atlas Pro,Delivery,high,email,OPEN,Standard,6,1330,48h,176.39,,
TKT-02673,17-Apr-2026,Taylor Larsen,taylor.larsen37@mailbox.org,+1 (960) 447-8821,New York,Orchid Plus,Billing,low,Email,Open,,5,568,,93.32,"billing,invoice",No additional context provided.
TKT-02490,2024-03-11 15:27:00,Emerson Okafor,emerson.okafor39@mailbox.org,,Cape Town,Orchid Plus,Feature Request,MEDIUM,web-form,Resolved,Standard,,unknown,57.4,0,"billing,invoice",Follow-up required next business day.
TKT-00777,07/04/2025 07:00,Marley Patel,marley.patel@company.co,166.938.5230,Manchester,Nimbus Basic,Account Access,Medium,web-form,resolved,Standard,3,1244,,39.01,feature-request,
TKT-01480,2024-09-01 23:37:00,Tatum Meyer,tatum.meyer@example.com,254.775.7945,Leeds,Lumen Starter,Refund,high,Social Media,Open,,5,unknown,,54.94,login;password,
TKT-00952,2024/09/18,Emerson Turner,emerson.turner@outlook.com,0046-90709734,Cape Town,Harbor Essentials,Subscription,low,email,Pending Customer,Premium,0,1048,,98.36,feature-request,No additional context provided.
TKT-02712,15-Feb-2026,Blake Reed,blake.reed@mailbox.org,216.894.5181,Berlin,Harbor Essentials,Account Access,MEDIUM,social,Closed,,5,1185,,163.28,login;password,Follow-up required next business day.
TKT-00512,2025/10/27,Jamie Nguyen,jamie.nguyen@company.co,N/A,Birmingham,Cobalt Enterprise,Billing,Low,chat,OPEN,,4,1503,-1,,refund,Escalated to the specialist queue.
TKT-00430,2025/04/29,Hayden Petrov,hayden.petrov38@outlook.com,+1 (440) 516-6351,Bristol,Lumen Starter,Delivery,urgent,Email,resolved,Standard,2,unknown,12.3,0,feature-request,Follow-up required next business day.
TKT-01047,2025/08/25,Devon Morales,devon.morales35@company.co,+44 7178 580855,Dublin,Lumen Starter,Security,low,web-form,Closed,Premium,5,1436,48h,$114.88,bug;mobile,
TKT-00962,20-Mar-2025,Quinn Grant,quinn.grant@outlook.com,+1 (901) 722-8066,Amsterdam,Vertex Analytics,Refund,MEDIUM,Email,Open,,2,1295,48h,152.1,feature-request,Customer mentioned a previous unresolved ticket.
TKT-01522,2024-04-06 15:26:00,Avery Morales,avery.morales@gmail.com,0046-26056315, BERLIN ,Orchid Plus,Account Access,urgent,social,resolved,,2,853,48h,111.02,delivery | late,Customer mentioned a previous unresolved ticket.
ticket-01756,2025/03/03,Parker Brooks,parker.brooks@example.com,0091-59308651,Manchester,Harbor Essentials,Product Question,Low,social,Open,,5,,,154.55,refund,
TKT-02767,29-Dec-2025,Kendall Larsen,kendall.larsen@gmail.com,,Manchester,Orchid Plus,Account Access,high,chat,pending_customer,,0,,64.4,77.15,login;password,Customer mentioned a previous unresolved ticket.
TKT-01825,2024/07/30,Alexis Walker,alexis.walker25@example.com,+44 7841 122024,New York,Vertex Analytics,Refund,Low,email,pending_customer,Enterprise, four,-5,61.1,88.28,feature-request,
TKT-01402,2026-03-16 07:36:00,Emerson Brooks,,870.784.4881,Cape Town,Lumen Starter,Billing,high,social,pending_customer,Standard,3,,-1,108.52,feature-request,Follow-up required next business day.
TKT-00818,12/29/2025 10:29,Parker Grant,parker.grant87@company.co,0083-12518303,Leeds,Lumen Starter,Account Access,high,chat,Pending Customer,Standard, four,105,48h,$127.93,feature-request,
TKT-00724,06/02/2024 18:37, hayden kim ,hayden.kim@outlook.com,0085-29062443, BERLIN ,Cobalt Enterprise,Delivery,High,PHONE,Pending Customer,Enterprise,2,-5,-1,119.88,bug;mobile,Customer requested an update after the first response.
TKT-01142,2024/07/15,Jordan Ahmed,jordan.ahmed48@company.co,+44 7797 900020,Austin,Lumen Starter,Technical Issue,Low,email,pending_customer,Enterprise, four,unknown,-1,154.66,feature-request,Escalated to the specialist queue.
TKT-01800,02/07/2026 07:49,Rowan Ibrahim,rowan.ibrahim@example.com,N/A,Cape Town,Cobalt Enterprise,Technical Issue,high,Phone,Closed,Premium,0,229,,80.17,account;security;urgent,Issue reproduced on a mobile device.
TKT-00729,2025/09/04,Marley Larsen,marley.larsen@mailbox.org,0074-64078961,Singapore,Mosaic Team,Refund,High,web-form,Pending Customer,Premium,0,unknown,,49.31,bug;mobile,Issue reproduced on a mobile device.
TKT-00350,22-Oct-2024,Parker Grant,parker.grant@outlook.com,+44 7486 847717, BERLIN ,Mosaic Team,Subscription,High,email,Pending Customer,premium, four,1306,,67.26,login;password,No additional context provided.
TKT-02776,2024-10-19 04:03:00,Finley Okafor,finley.okafor@example.com,923.615.9764,,Mosaic Team,Refund,high,PHONE,Escalated,Standard,1,520,13.8,,refund,Customer mentioned a previous unresolved ticket.
TKT-02028,2025/12/12,Jordan Santos,jordan.santos@mailbox.org,+1 (947) 869-3748,Amsterdam,Mosaic Team,Refund,low,Email,Open,,5,897,,147.14,bug;mobile,Customer mentioned a previous unresolved ticket.
TKT-01445,2026/03/29,Parker Reed,parker.reed@mailbox.org,186.144.1265,Birmingham,Atlas Pro,Security,Medium,Email,resolved,,,965,-1,100.98,delivery | late,Escalated to the specialist queue.
TKT-00653,26-Feb-2026,Skyler Carter,skyler.carter93@company.co,+44 7613 833260,Austin,Orchid Plus,Security,Urgent,Phone,Open,Free,4,1755,-1,64.21,refund,
TKT-02198,2024-11-05 20:00:00,Morgan Carter,morgan.carter@mailbox.org,0080-96794347, BERLIN ,Cobalt Enterprise,Subscription,low,Web Form,Pending Customer,Enterprise,5,-5,,80.05,refund,Customer requested an update after the first response.
TKT-01459,05/02/2025 02:23,Finley Hansen,finley.hansen@example.com,,Singapore,Nimbus Basic,Account Access,Low,social,Pending Customer,premium,3,889,-1,149.94,refund,Follow-up required next business day.
TKT-00321,09-Apr-2025,Kendall Petrov,kendall.petrov91@example.com,+1 (922) 733-6202,Birmingham,Vertex Analytics,Billing,high,Live Chat,pending_customer,premium,6,1788,48h,84.33,delivery | late,
TKT-00381,2024/06/08,Alexis Kim,alexis.kim@company.co,519.806.1167,Amsterdam,Nimbus Basic,Technical Issue,Medium,Phone,pending_customer,Free, four,1727,-1,,,Customer requested an update after the first response.
TKT-02197,2025/12/25,Hayden Chen,hayden.chen@company.co,+1 (762) 212-6193,Austin,Nimbus Basic,Feature Request,Urgent,Web Form,resolved,Standard,5,-5,-1,,bug;mobile,
TKT-00367,07/26/2024 09:30,Jordan Santos,jordan.santos50@outlook.com,,Melbourne,Vertex Analytics,Delivery,MEDIUM,Live Chat,Escalated,Premium,2,unknown,-1,91.33,bug;mobile,Customer mentioned a previous unresolved ticket.
TKT-02444,24-Apr-2024,Tatum Chen,tatum.chen@mailbox.org,867.948.3928,Birmingham,Nimbus Basic,Security,Low,web-form,OPEN,,4,424,,116.93,account;security;urgent,No additional context provided.
TKT-01832,2024/10/24,Avery Diaz,avery.diaz12@example.com,+1 (368) 608-4716,Seattle,Nimbus Basic,Delivery,Medium,social,Closed,premium,,unknown,69.5,91.83,account;security;urgent,Customer supplied screenshots.
TKT-02120,11/01/2025 17:36,Cameron Santos,cameron.santos@example.com,+1 (825) 734-3029,New York,Lumen Starter,Security,MEDIUM,web-form,Escalated,Standard,5,,87.5,,delivery | late,No additional context provided.
TKT-01074,2024/06/04,Marley Parker,marley.parker38@company.co,0065-32716122,Seattle,Orchid Plus,Feature Request,High,Phone,OPEN,Free,6,unknown,39.8,8.44,,Escalated to the specialist queue.
TKT-01977,2024/05/29,Riley Singh,riley.singh@outlook.com,0085-74888355,Melbourne,Harbor Essentials,Account Access,Low,Web Form,OPEN,Enterprise, four,unknown,42.3,140.83,BILLING;invoice,Follow-up required next business day.
TKT-00873,18-Sep-2024,Reese Bennett,reese.bennett80@company.co,+1 (983) 449-6199,Glasgow,Nimbus Basic,Delivery,MEDIUM,social,OPEN,Free,1,,76.9,3.14,BILLING;invoice,Customer mentioned a previous unresolved ticket.
TKT-01961,2026-02-23 19:05:00,Taylor Patel,taylor.patel@mailbox.org,,Leeds,Lumen Starter,Product Question,Urgent,Phone,Resolved,,6,-5,,75.98,,Customer requested an update after the first response.
TKT-01693,17-Dec-2024,Reese Chen,reese.chen@mailbox.org,,london,Nimbus Basic,Feature Request,Medium,Web Form,Pending Customer,Premium,5,1530,,126.92,refund,Customer requested an update after the first response.
TKT-02292,04-Aug-2025,Arden Parker,arden.parker@mailbox.org,+44 7852 278934,Glasgow,Orchid Plus,Subscription,High,web-form,Open,Enterprise,1,-5,27.8,$132.84,refund,No additional context provided.
TKT-00537,2026/05/23,Avery Brooks,avery.brooks@outlook.com,,Cape Town,Vertex Analytics,Technical Issue,Low,Email,Open,Enterprise,3,852,48h,31.68,login;password,
TKT-02087,10/18/2024 05:16,Sage Kowalski,sage.kowalski@mailbox.org,,Manchester,Mosaic Team,Technical Issue,urgent,PHONE,Resolved,Premium,3,1109,48h,51.05,,Follow-up required next business day.
TKT-00823,2026-02-15 16:14:00,Arden Sullivan,arden.sullivan82@example.com,+44 7235 463688,Berlin,Atlas Pro,Product Question,High,Phone,Closed,Premium,3,670,46.9,205.44,account;security;urgent,
TKT-02657,04/16/2026 06:25,Avery Meyer,,,New York,Atlas Pro,Billing,high,email,resolved,Enterprise,1,594,2.0,18.94,delivery | late,Customer supplied screenshots.
TKT-02693,18-Apr-2026,Blake Turner,blake.turner96@gmail.com,856.969.5942,Amsterdam,Lumen Starter,Billing,Medium,Email,OPEN,,4,unknown,48h,76.84,"billing,invoice",No additional context provided.
TKT-00896,2024/04/14,Rowan Hansen,rowan.hansen@example.com,826.745.5417,Berlin,Atlas Pro,Delivery,low,Social Media,resolved,Premium,5,unknown,,114.68,bug;mobile,
TKT-01877,2024-01-19 12:38:00,Shawn Kowalski,shawn.kowalski@mailbox.org,,,Mosaic Team,Feature Request,MEDIUM,Web Form,resolved,premium, four,65,-1,48.08,"billing,invoice",Issue reproduced on a mobile device.
TKT-01859,2024/10/29,Kendall Walker,kendall.walker@gmail.com,+1 (729) 285-7737,Manchester,Nimbus Basic,Refund,Low,Web Form,Closed,Standard,4,1546,48h,94.88,,Escalated to the specialist queue.
TKT-00627,2026/03/23,Riley Santos,riley.santos3@mailbox.org,+1 (798) 997-3757,Toronto,Harbor Essentials,Account Access,high,Web Form,Closed,Standard, four,1139,48h,$24.57,delivery | late,Escalated to the specialist queue.
TKT-00415,06/14/2026 09:51,Alexis Petrov,alexis.petrov@mailbox.org,+44 7530 808942,Toronto,Vertex Analytics,Delivery,MEDIUM,Phone,pending_customer,Premium,3,,48h,97.28,bug;mobile,
TKT-01293,2026-06-08 14:19:00,Casey Singh,casey.singh87@outlook.com,557.465.9526,,Atlas Pro,Subscription,low,Web Form,Resolved,,1,-5,,$78.67,BILLING;invoice,Customer supplied screenshots.
TKT-01333,03-Feb-2024,Jamie Diaz,jamie.diaz44@outlook.com,N/A,Seattle,Orchid Plus,Technical Issue,low,web-form,Escalated,,1,1147,48h,67.26,BILLING;invoice,
TKT-00250,10-Oct-2025,Morgan Wilson,morgan.wilson29@outlook.com,0072-68648080,,Atlas Pro,Product Question,Low,social,Escalated,,2,,,101.27,feature-request,Customer supplied screenshots.
TKT-01184,2025-11-30 10:31:00,Morgan Singh,morgan.singh@company.co,,,Lumen Starter,Security,MEDIUM,web-form,Closed,Enterprise,5,,48h,0,product question,No additional context provided.
TKT-00681,08/11/2024 17:01,Blake Singh,blake.singh@mailbox.org,+1 (364) 815-3413,Melbourne,Cobalt Enterprise,Technical Issue,MEDIUM,Social Media,Escalated,premium,2,,48h,118.69,bug;mobile,Follow-up required next business day.
TKT-00955,2025-09-29 11:28:00,Shawn Ahmed,shawn.ahmed@outlook.com,816.981.7793,Manchester,Lumen Starter,Delivery,Medium,PHONE,Open,Premium,0,-5,34.3,74.48,product question,Issue reproduced on a mobile device.
TKT-00139,06/20/2025 23:19,Skyler Novak,skyler.novak20@company.co,+1 (298) 735-2092,Birmingham,Harbor Essentials,Billing,MEDIUM,web-form,OPEN,,2,unknown,48h,123.74,"billing,invoice",Customer requested an update after the first response.
TKT-01125,2024-08-10 08:44:00,Quinn Novak,quinn.novak@mailbox.org,,Glasgow,Atlas Pro,Security,Medium,social,Resolved,Enterprise,5,100,-1,168.84,,
TKT-01957,2024-10-11 03:19:00,Shawn Brooks,shawn.brooks@company.co,491.205.5895,Glasgow,Harbor Essentials,Security,urgent,Email,Closed,Premium,2,-5,-1,0,,No additional context provided.
TKT-02620,13-Feb-2025,Arden Parker,arden.parker@company.co,+1 (616) 388-4834,Manchester,Vertex Analytics,Delivery,high,PHONE,Resolved,, four,,48h,159.07, BILLING;invoice ,Customer supplied screenshots.
TKT-01872,2024/07/26,Quinn Fischer,quinn.fischer51@mailbox.org,,Berlin,Lumen Starter,Feature Request,High,social,OPEN,Free,,-5,,67.18,BILLING;invoice,
TKT-00909,10/02/2025 00:25,Drew Brooks,drew.brooks@mailbox.org,494.653.1271,London,Cobalt Enterprise,Delivery,High,PHONE,Escalated,,5,621,-1,114.5,bug;mobile,
TKT-01279,2025/04/05,Jordan Parker,jordan.parker21@mailbox.org,009-31921179,New York,Harbor Essentials,Account Access,Urgent,Email,OPEN,,5,unknown,58.3,89.56,feature-request,Customer mentioned a previous unresolved ticket.
TKT-00418,04/03/2024 19:29,Kendall Chen,kendall.chen@outlook.com,0029-47509920,Melbourne,Mosaic Team,Billing,low,Web Form,pending_customer,Enterprise,6,unknown,20.6,85.36,,
TKT-00564,2025-03-22 04:56:00,Casey Nguyen,casey.nguyen@mailbox.org,, BERLIN ,Vertex Analytics,Technical Issue,Low,Email,Escalated,Enterprise,2,-5,-1,61.07,product question,No additional context provided.
TKT-02010,11/10/2024 07:09,Devon Morales,devon.morales@company.co,+44 7371 132751,Leeds,Orchid Plus,Technical Issue,High,Web Form,pending_customer,,1,,,130.57,delivery | late,Customer requested an update after the first response.
TKT-02563,2025/07/07,Milan Nguyen,MILAN.NGUYEN25@GMAIL.COM,+1 (531) 893-8919,New York,Orchid Plus,Account Access,urgent,Web Form,Resolved,,,-5,,28.1,product question,Customer mentioned a previous unresolved ticket.
TKT-00330,2026/04/20,Milan Diaz,milan.diaz48@outlook.com,+44 7079 721427,London,Vertex Analytics,Delivery,Medium,social,Pending Customer,Standard,2,-5,-1,113.56,product question,No additional context provided.
TKT-02168,01/06/2026 07:57,Milan Sullivan,MILAN.SULLIVAN97@COMPANY.CO,+44 7463 788311,Glasgow,Lumen Starter,Product Question,high,social,Closed,,6,99,25.1,9.83,BILLING;invoice,
TKT-01118,2024/01/28,Riley Morris,riley.morris@outlook.com,0047-99515976,,Atlas Pro,Security,high,PHONE,Closed,Enterprise,6,64,,75.83,account;security;urgent,Customer mentioned a previous unresolved ticket.
TKT-01160,2025-01-06 20:03:00,Devon Petrov,devon.petrov@example.com,+1 (889) 630-7889,Dublin,Nimbus Basic,Security,low,Phone,OPEN,Enterprise,6,411,31.5,61.13,delivery | late,Customer mentioned a previous unresolved ticket.
TKT-00730,2025/02/06,Reese Sullivan,,150.188.5983,Dublin,Atlas Pro,Delivery,Urgent,email,OPEN,,5,178,48h,36.19,,Issue reproduced on a mobile device.
TKT-00187,20-Feb-2026,Morgan Bennett,morgan.bennett@gmail.com,+1 (725) 807-1971, BERLIN ,Vertex Analytics,Feature Request,Medium,Live Chat,Resolved,premium,6,1205,48h,$105.03,refund,Escalated to the specialist queue.
TKT-01856,15-Jun-2025,Micah Bennett,micah.bennett@gmail.com,,,Nimbus Basic,Technical Issue,Low,Web Form,Resolved,premium,2,1098,-1,42.12,delivery | late,No additional context provided.
TKT-02516,2026-01-05 18:05:00,Robin Carter,ROBIN.CARTER@OUTLOOK.COM,,Leeds,Orchid Plus,Refund,Medium,chat,Pending Customer,premium, four,589,,$97.03,delivery | late,Escalated to the specialist queue.
TKT-02295,2026/03/29,Morgan Grant,morgan.grant@mailbox.org,,Seattle,Harbor Essentials,Refund,low,social,Closed,Free,0,,48h,33.33,feature-request,Follow-up required next business day.
TKT-02221,27-Jun-2025,Drew Patel,drew.patel28@company.co,+44 7824 776691,Birmingham,Harbor Essentials,Product Question,high,Phone,Pending Customer,Free,3,356,48h,,login;password,Issue reproduced on a mobile device.
TKT-00801,2026/01/28,Hayden Bennett,hayden.bennett54@gmail.com,636.965.9456,Austin,Mosaic Team,Product Question,high,PHONE,Closed,Free,5,unknown,,130.61,BILLING;invoice,Customer supplied screenshots.
TKT-00207,06-Feb-2025,Morgan Kowalski,morgan.kowalski41@outlook.com,365.992.2742,Seattle,Mosaic Team,Product Question,Medium,Phone,Pending Customer,Free,1,810,-1,107.33,BILLING;invoice,
TKT-02345,01/03/2024 01:42,Quinn Hughes,quinn.hughes66@outlook.com,254.822.8134,london,Nimbus Basic,Refund,Medium,Web Form,Escalated,Standard,2,-5,,0,bug;mobile,Customer requested an update after the first response.
TKT-02502,2025-06-16 20:07:00,Arden Ibrahim,arden.ibrahim@example.com,0061-95522426,Berlin,Mosaic Team,Refund,urgent,Live Chat,pending_customer,Standard,6,,,132.25,refund,
TKT-01086,2025-07-07 19:43:00,Riley Kim,riley.kim@outlook.com,973.643.3186, BERLIN ,Mosaic Team,Account Access,high,social,pending_customer,,0,1689,48h,102.65,delivery | late,
TKT-00048,2025/11/29,Robin Meyer,robin.meyer71@example.com,+44 7812 479052,Singapore,Nimbus Basic,Account Access,MEDIUM,Live Chat,pending_customer,Enterprise,1,-5,,137.14,refund,Customer mentioned a previous unresolved ticket.
TKT-00469,2025/05/04,Jordan Santos,jordan.santos@gmail.com,+44 7385 666881,Berlin,Mosaic Team,Account Access,Medium,web-form,Pending Customer,Free,5,1382,-1,49.82,login;password,Escalated to the specialist queue.
TKT-01051,2026-01-15 06:58:00,Reese Fischer,reese.fischer80@company.co,008-72373356,Cape Town,Orchid Plus,Product Question,MEDIUM,Web Form,Open,Free,2,1085,-1,44.59,BILLING;invoice,Follow-up required next business day.
TKT-00960,2025/11/08,Casey Ahmed,casey.ahmed@mailbox.org,290.153.4711, BERLIN ,Cobalt Enterprise,Subscription,Urgent,Email,Closed,,,,-1,103.62,account;security;urgent,Customer mentioned a previous unresolved ticket.
TKT-00903,05-Jan-2024,Skyler Larsen,skyler.larsen16@company.co,+44 7768 781366,Dublin,Vertex Analytics,Refund,urgent,Live Chat,OPEN,Premium,6,-5,-1,,account;security;urgent,Customer mentioned a previous unresolved ticket.
TKT-02501,2025-05-17 15:11:00,Taylor Petrov,taylor.petrov@gmail.com,+1 (842) 595-3875,Singapore,Lumen Starter,Technical Issue,High,email,Closed,Free,2,,64.5,110.38,BILLING;invoice,
TKT-00032,2026/04/29,Quinn Morris,quinn.morris@mailbox.org,N/A,Seattle,Nimbus Basic,Subscription,Urgent,social,Resolved,,4,1207,16.9,180.88,"billing,invoice",Issue reproduced on a mobile device.
TKT-02054,2025-06-02 03:25:00,Micah Ibrahim,micah.ibrahim@outlook.com,+44 7461 837428,Dublin,Orchid Plus,Subscription,low,Web Form,Resolved,,6,,-1,62.3,refund,Customer mentioned a previous unresolved ticket.
TKT-00339,2024-08-05 16:07:00,Robin Santos,robin.santos@gmail.com,+1 (981) 336-7551,Leeds,Harbor Essentials,Delivery,Low,Web Form,Closed,Enterprise,6,-5,,101.71,login;password,Customer mentioned a previous unresolved ticket.
TKT-02324,04-Jul-2025,Reese Santos,reese.santos@gmail.com,+1 (778) 799-8685,Dublin,Atlas Pro,Refund,High,Email,OPEN,Premium, four,,,171.1,"billing,invoice",Customer supplied screenshots.
TKT-00206,03-Dec-2025,Arden Reed,arden.reed81@company.co,,Birmingham,Atlas Pro,Technical Issue,urgent,Phone,Pending Customer,,2,94,-1,27.42,product question,No additional context provided.
ticket-00736,2024-02-27 22:14:00,Hayden Novak,hayden.novak1@example.com,+1 (853) 385-9566,Melbourne,Atlas Pro,Subscription,low,Phone,Resolved,Enterprise,1,-5,19.0,104.99,feature-request,Customer requested an update after the first response.
TKT-02596,2024/02/15,Shawn Turner,shawn.turner@company.co,,Bristol,Atlas Pro,Technical Issue,high,Web Form,Pending Customer,premium,3,,48h,,refund,No additional context provided.
TKT-02571,30-Mar-2026,Sage Chen,sage.chen@company.co,+1 (328) 744-8889,New York,Mosaic Team,Refund,Low,social,resolved,,2,-5,48h,81.1,BILLING;invoice,Customer supplied screenshots.
TKT-01457,29-Apr-2026,Finley Petrov,finley.petrov@outlook.com,,Austin,Orchid Plus,Refund,high,Web Form,pending_customer,,4,,77.0,$120.43,delivery | late,Escalated to the specialist queue.
TKT-02230,05/09/2026 04:37,Parker Kowalski,parker.kowalski@gmail.com,0060-39179167,london,Vertex Analytics,Feature Request,Low,PHONE,OPEN,,5,298,,134.41,login;password,Escalated to the specialist queue.
TKT-01676,25-Aug-2024,Reese Novak,reese.novak90@gmail.com,,london,Lumen Starter,Technical Issue,Medium,Web Form,Pending Customer,premium,1,481,48h,61.27,refund,Customer requested an update after the first response.
TKT-00987,11/04/2025 03:31,Tatum Larsen,tatum.larsen66@mailbox.org,+1 (886) 841-3726,Birmingham,Mosaic Team,Account Access,Medium,Web Form,resolved,Standard,1,371,-1,161.69,account;security;urgent,Escalated to the specialist queue.
TKT-02480,2024/09/22,Marley Ibrahim,marley.ibrahim11@example.com,0073-40102180,Singapore,Atlas Pro,Security,high,web-form,pending_customer,premium,,580,8.5,117.11,account;security;urgent,Follow-up required next business day.
ticket-00738,04-Feb-2025,Alexis Meyer,alexis.meyer@gmail.com,+1 (704) 413-6929,Amsterdam,Cobalt Enterprise,Feature Request,high,Phone,OPEN,, four,unknown,,133.05,account;security;urgent,Follow-up required next business day.
TKT-01031,2025/10/31,Parker Okafor,parker.okafor54@outlook.com,+44 7876 654027,Melbourne,Cobalt Enterprise,Refund,high,email,OPEN,Free,,1015,30.2,64.84,"billing,invoice",
TKT-01102,2026/02/20,Taylor Carter,taylor.carter@outlook.com,, BERLIN ,Lumen Starter,Technical Issue,MEDIUM,web-form,resolved,Premium,6,242,48h,0,product question,Issue reproduced on a mobile device.
TKT-01364,08/16/2025 20:05,Robin Chen,robin.chen@outlook.com,+44 7438 658743,Singapore,Vertex Analytics,Security,low,Social Media,Closed,premium,5,,-1,25.48,,
TKT-02312,2026-03-20 20:13:00,Marley Walker,marley.walker@mailbox.org,+44 7557 864158,Manchester,Vertex Analytics,Feature Request,Medium,Live Chat,Escalated,Standard,2,-5,-1,$177.74,account;security;urgent,Escalated to the specialist queue.
TKT-02258,2025/08/16,Cameron Fischer,cameron.fischer@company.co,0059-32270290, BERLIN ,Vertex Analytics,Delivery,Low,chat,pending_customer,Standard,,1240,71.9,55.86,BILLING;invoice,Customer requested an update after the first response.
TKT-02573,2026/03/13,Rowan Okafor,rowan.okafor@example.com,0033-54989691,Bristol,Nimbus Basic,Subscription,high,Phone,Open,Premium,1,unknown,48h,62.52,delivery | late,
TKT-02642,03-Aug-2025,Kendall  Patel,kendall.patel@example.com,910.642.6933,london,Orchid Plus,Product Question,low,Social Media,Escalated,premium,0,832,16.9,67.01,delivery | late,Customer mentioned a previous unresolved ticket.
TKT-02439,2024/03/19,Quinn Kim,quinn.kim24@company.co,+1 (294) 275-9640,Austin,Cobalt Enterprise,Subscription,MEDIUM,Live Chat,Closed,,1,1404,-1,54.98,login;password,Customer mentioned a previous unresolved ticket.
ticket-00190,2025/03/10,Drew Novak,drew.novak@company.co,+1 (564) 687-7626,Austin,Orchid Plus,Product Question,Medium,Live Chat,pending_customer,,,1288,3.0,0,login;password,Customer supplied screenshots.
TKT-00904,02/16/2025 22:49,Blake Hughes,BLAKE.HUGHES99 @EXAMPLE.COM,+1 (962) 683-1157,Manchester,Vertex Analytics,Product Question,low,social,Pending Customer,,,1067,-1,149.31,,Follow-up required next business day.
TKT-00261,08-Nov-2024,Blake Ahmed,,N/A,Melbourne,Cobalt Enterprise,Product Question,MEDIUM,chat,Pending Customer,premium, four,1009,,28.02,login;password,Customer supplied screenshots.
TKT-00021,2024-12-14 06:17:00,Jordan Sullivan,jordan.sullivan@gmail.com,,Bristol,Vertex Analytics,Delivery,low,Live Chat,Pending Customer,Standard,6,-5,-1,159.61,,No additional context provided.
TKT-02304,04-Oct-2025,Casey Kowalski,casey.kowalski29@gmail.com,0059-61290531,Austin,Lumen Starter,Feature Request,low,email,Pending Customer,Premium,5,,-1,92.76,,Follow-up required next business day.
TKT-01651,2024-06-10 15:42:00,Ellis Diaz,ellis.diaz28@outlook.com,+44 7059 546302,Austin,Lumen Starter,Technical Issue,MEDIUM,Phone,Resolved,Standard,3,476,-1,110.88,login;password,Follow-up required next business day.
TKT-02371,09/03/2024 13:52,Emerson Wilson,emerson.wilson72@gmail.com,+1 (514) 619-2651,Seattle,Harbor Essentials,Billing,MEDIUM,chat,Closed,Enterprise,,,48h,70.43,BILLING;invoice,
TKT-01869,2026-04-28 18:11:00,Milan Walker,,+1 (806) 628-1184,Leeds,Cobalt Enterprise,Security,urgent,Live Chat,resolved,Free,4,1007,,19.0,feature-request,
TKT-00503,07/04/2025 00:59,Milan Brooks,milan.brooks@outlook.com,+44 7133 354297,London,Mosaic Team,Account Access,High,Live Chat,Pending Customer,Standard,3,,67.3,2.08,product question,Escalated to the specialist queue.
TKT-01353,2025-12-04 18:58:00,Devon Grant,devon.grant@mailbox.org,812.608.9460, BERLIN ,Orchid Plus,Product Question,MEDIUM,Social Media,Open,premium,2,-5,,108.78,refund,Escalated to the specialist queue.
TKT-02782,09-Mar-2026,Drew Ibrahim,drew.ibrahim@example.com,+1 (578) 888-2888,london,Orchid Plus,Account Access,High,Web Form,Closed,Standard,1,1368,,43.26,product question,
TKT-02208,2026/04/20,Arden Fischer,arden.fischer@outlook.com,,Bristol,Harbor Essentials,Account Access,Medium,Social Media,OPEN,premium, four,,23.5,98.56,account;security;urgent,Escalated to the specialist queue.
TKT-00814,2025-11-28 23:13:00,Milan Brooks,milan.brooks@outlook.com,N/A,Berlin,Cobalt Enterprise,Subscription,High,Web Form,Pending Customer,Enterprise,5,1012,,89.81,login;password,Customer mentioned a previous unresolved ticket.
TKT-00109,2025-11-03 12:24:00,Devon Brooks,devon.brooks13@example.com,268.604.3301,Manchester,Nimbus Basic,Subscription,urgent,social,Pending Customer,Enterprise,6,403,-1,93.17,bug;mobile,Escalated to the specialist queue.
TKT-01244,03/23/2025 05:39,Sage Bennett,SAGE.BENNETT@GMAIL.COM,,Cape Town,Atlas Pro,Security,High,email,pending_customer,,1,-5,-1,23.19,account;security;urgent,
TKT-02246,2024/11/11,Skyler Hughes,skyler.hughes@example.com,+1 (491) 300-5763,Birmingham,Vertex Analytics,Subscription,urgent,Phone,pending_customer,Enterprise,5,unknown,-1,84.74,delivery | late,Customer mentioned a previous unresolved ticket.
TKT-02180,2024/07/12,Jordan Morris,jordan.morris@gmail.com,0030-61980994,London,Lumen Starter,Subscription,MEDIUM,email,Pending Customer,Standard,,,,79.37,feature-request,Customer requested an update after the first response.
TKT-01863,2024/04/12,Morgan Singh,morgan.singh68@gmail.com,+44 7648 495804,London,Vertex Analytics,Feature Request,urgent,PHONE,Closed,,5,unknown,-1,122.64,login;password,Customer requested an update after the first response.
TKT-01880,2025/08/01,Skyler Novak,,+44 7350 622302,Bristol,Orchid Plus,Account Access,high,social,resolved,Free,,unknown,48h,34.68,refund,No additional context provided.
TKT-01087,09/13/2024 16:25,Emerson Diaz,emerson.diaz28@mailbox.org,,London,Mosaic Team,Account Access,MEDIUM,Web Form,Closed,,4,-5,48h,135.67,delivery | late,Follow-up required next business day.
TKT-00422,2026/04/12,Blake Petrov,blake.petrov@example.com,+1 (447) 823-7016,Melbourne,Harbor Essentials,Feature Request,MEDIUM,social,OPEN,,3,1312,-1,175.54,account;security;urgent,
TKT-00981,2025-03-28 19:43:00,Micah Meyer,micah.meyer@example.com,0022-49066107,Dublin,Mosaic Team,Security,MEDIUM,Email,Pending Customer,premium, four,-5,48h,122.22,feature-request,No additional context provided.
TKT-00153,2024/03/30,Taylor Kowalski,taylor.kowalski21@mailbox.org,0096-87707540,Dublin,Atlas Pro,Technical Issue,Medium,PHONE,Closed,Enterprise, four,unknown,81.0,41.6,refund,Escalated to the specialist queue.
TKT-02013,11/02/2024 10:53,Reese Turner,reese.turner@mailbox.org,852.305.4591,Birmingham,Vertex Analytics,Security,low,social,Resolved,,0,776,,36.7,bug;mobile,
TKT-00226,03-Mar-2024,Rowan Ibrahim,rowan.ibrahim@example.com,153.401.7249,London,Harbor Essentials,Feature Request,MEDIUM,social,Escalated,Free, four,-5,75.6,138.89,,Issue reproduced on a mobile device.
TKT-01971,02/28/2024 09:11,Devon Bennett,devon.bennett95@example.com,,Singapore,Lumen Starter,Account Access,Urgent,Phone,pending_customer,Standard,,,76.4,111.65,bug;mobile,Issue reproduced on a mobile device.
TKT-01396,2025-12-21 16:31:00,Casey Morales,casey.morales@mailbox.org,0025-34951784,,Mosaic Team,Security,Low,email,pending_customer,Premium, four,694,-1,89.16,product question,Escalated to the specialist queue.
TKT-00364,2024-08-12 17:34:00,Riley Wilson,riley.wilson29@mailbox.org,,Glasgow,Atlas Pro,Account Access,Low,Web Form,Pending Customer,Enterprise,6,1558,48h,101.09,login;password,Customer mentioned a previous unresolved ticket.
TKT-01821,04/25/2024 10:12,Hayden Bennett,hayden.bennett@example.com,0026-61644512,Amsterdam,Vertex Analytics,Feature Request,urgent,Web Form,Resolved,Free,3,unknown,84.0,71.78,delivery | late,Issue reproduced on a mobile device.
TKT-00106,04/05/2024 12:43,Ellis Ibrahim,ellis.ibrahim@mailbox.org,+44 7664 935620,london,Nimbus Basic,Security,urgent,Email,Open,Premium,6,-5,,101.22,product question,Customer requested an update after the first response.
TKT-01027,2024-12-29 11:42:00,Drew Brooks,drew.brooks@gmail.com,199.284.7383,Bristol,Vertex Analytics,Product Question,Urgent,Web Form,Resolved,Enterprise,5,-5,,81.09,login;password,Customer supplied screenshots.
TKT-01652,2025/08/21,Taylor Parker,taylor.parker16@example.com,0075-82397519, BERLIN ,Lumen Starter,Account Access,High,email,Pending Customer,,6,1719,-1,96.92,refund,
TKT-02313,2024-02-02 07:54:00,Rowan Bennett,rowan.bennett@company.co,+1 (610) 273-3762,Birmingham,Vertex Analytics,Subscription,Low,Social Media,Closed,,6,,-1,91.65,BILLING;invoice,Issue reproduced on a mobile device.
TKT-02730,05/01/2025 08:46,Alexis Novak,alexis.novak@example.com,696.112.9666,Seattle,Vertex Analytics,Security,MEDIUM,Web Form,Resolved,,1,,54.0,52.31,,Follow-up required next business day.
TKT-02277,2025/01/22,Sage Brooks,sage.brooks@company.co,+44 7681 885355,,Atlas Pro,Billing,urgent,web-form,Pending Customer,premium,5,,-1,116.37,,
TKT-00327,12-Sep-2024,Riley Santos,riley.santos61@company.co,0095-55347939,Amsterdam,Cobalt Enterprise,Subscription,urgent,web-form,Open,Free,6,834,,142.7,account;security;urgent,
TKT-02137,2024/07/27,Rowan Ibrahim,rowan.ibrahim@outlook.com,+44 7631 101212,London,Atlas Pro,Security,high,social,resolved,premium,3,-5,48h,84.6,refund,Escalated to the specialist queue.
TKT-01678,2026-01-07 10:54:00,Sage Patel,sage.patel15@company.co,,london,Orchid Plus,Delivery,High,Phone,pending_customer,Premium,0,,,162.67,"billing,invoice",Customer requested an update after the first response.
TKT-00282,2026/01/09,Finley Ahmed,finley.ahmed@mailbox.org,+44 7713 672612,Seattle,Mosaic Team,Feature Request,MEDIUM,Live Chat,Pending Customer,Enterprise,6,,48h,115.42,,
TKT-01084,2024-07-12 13:49:00,Cameron Morris,cameron.morris@gmail.com,0023-57706896,Seattle,Nimbus Basic,Technical Issue,Medium,email,OPEN,Enterprise,0,,-1,193.22,product question,Customer requested an update after the first response.
TKT-00507,24-Mar-2025,Micah Fischer,micah.fischer@mailbox.org,+1 (373) 231-4139,Dublin,Atlas Pro,Security,Urgent,email,Pending Customer,Premium,5,-5,6.0,46.42,bug;mobile,Customer requested an update after the first response.
TKT-00275,2025/03/09,Shawn Brooks,shawn.brooks@company.co,228.860.4471,Seattle,Mosaic Team,Delivery,low,Live Chat,Open,Free,4,-5,58.2,25.02,feature-request,Customer mentioned a previous unresolved ticket.
TKT-01774,02/24/2024 03:52,Skyler Parker,skyler.parker@example.com,+1 (891) 328-5653,London,Lumen Starter,Account Access,Low,PHONE,OPEN,,5,-5,48h,,account;security;urgent,Escalated to the specialist queue.
TKT-00445,2025-02-24 01:29:00,Quinn Brooks,quinn.brooks69@gmail.com,N/A,New York,Vertex Analytics,Billing,urgent,Social Media,Pending Customer,,6,,-1,7.25,bug;mobile,Issue reproduced on a mobile device.
TKT-01999,2025-06-13 18:18:00,Avery Ibrahim,avery.ibrahim@company.co,007-14992607,Toronto,Lumen Starter,Subscription,high,Web Form,Escalated,,5,unknown,,70.03,refund,
TKT-01507,24-Jul-2024,Devon Hughes,devon.hughes@outlook.com,165.460.2034,Seattle,Harbor Essentials,Refund,high,Live Chat,Resolved,premium,5,unknown,90.8,117.3,account;security;urgent,Customer supplied screenshots.
TKT-02249,2024-11-11 19:13:00,Cameron Reed,cameron.reed@outlook.com,0013-85134915,Leeds,Nimbus Basic,Subscription,high,social,resolved,premium, four,368,,68.6,refund,
TKT-02701,2026/02/09,Kendall Bennett,kendall.bennett@gmail.com,+44 7056 345107,Seattle,Mosaic Team,Refund,high,email,Closed,Enterprise,,-5,48h,100.27,feature-request,Issue reproduced on a mobile device.
TKT-02689,01/03/2025 08:27,Avery Brooks,avery.brooks93@outlook.com,0033-67631647,Berlin,Harbor Essentials,Account Access,Urgent,email,Pending Customer,, four,,60.3,120.62,"billing,invoice",
TKT-02418,12/24/2024 04:33,Finley Hansen,,,Amsterdam,Orchid Plus,Refund,Low,PHONE,OPEN,Free,5,unknown,,97.73,refund,
TKT-00668,2025/03/30,Drew Morris,drew.morris25@gmail.com,,Austin,Harbor Essentials,Feature Request,high,email,resolved,, four,unknown,12.9,161.72,feature-request,
TKT-00626,08-Jan-2024,Micah Larsen,micah.larsen@gmail.com,+1 (403) 413-4841, BERLIN ,Vertex Analytics,Feature Request,High,email,OPEN,,6,,48h,50.88,account;security;urgent,Escalated to the specialist queue.
TKT-01219,04-Jul-2025,Quinn Kim,quinn.kim@company.co,+44 7366 778322,Birmingham,Lumen Starter,Account Access,high,Phone,pending_customer,Standard, four,125,48h,33.06,login;password,
TKT-02053,07-Jun-2024,Taylor Larsen,taylor.larsen@outlook.com,,Seattle,Vertex Analytics,Security,Low,chat,resolved,Enterprise, four,-5,48h,42.8,refund,Escalated to the specialist queue.
TKT-00179,2024/03/30,Rowan Grant,rowan.grant@mailbox.org,+44 7533 757746,Austin,Harbor Essentials,Feature Request,urgent,PHONE,Closed,premium, four,911,28.1,$64.44,account;security;urgent,Escalated to the specialist queue.
TKT-00920,2026-04-12 04:47:00,Morgan Novak,morgan.novak36@mailbox.org,993.792.2196,Glasgow,Mosaic Team,Account Access,Low,Web Form,Resolved,Enterprise,0,unknown,-1,,,Issue reproduced on a mobile device.
TKT-02110,03-Dec-2024,Sage Brooks,sage.brooks@gmail.com,0040-24544037,Birmingham,Vertex Analytics,Account Access,Medium,web-form,Resolved,,4,unknown,48h,112.18,account;security;urgent,Customer supplied screenshots.
TKT-00679,12/03/2024 11:36,Jamie Carter,jamie.carter57@outlook.com,0091-47601994,Austin,Atlas Pro,Delivery,high,web-form,pending_customer,Free,0,430,48h,130.46,BILLING;invoice,Issue reproduced on a mobile device.
ticket-00240,31-Jul-2024,Rowan Kowalski,,,Austin,Mosaic Team,Account Access,MEDIUM,Phone,resolved,,2,,-1,125.88,account;security;urgent,Customer supplied screenshots.
TKT-00973,2025/12/13,Robin Patel,robin.patel@company.co,0094-86360986,Dublin,Cobalt Enterprise,Feature Request,Medium,web-form,Pending Customer,,6,359,48h,125.24,refund,
TKT-02617,19-Jan-2024,Taylor Novak,taylor.novak@outlook.com,0015-62015139,Amsterdam,Atlas Pro,Technical Issue,high,social,Closed,, four,unknown,,38.62,bug;mobile,Customer mentioned a previous unresolved ticket.
TKT-01922,31-Dec-2025,Emerson Patel,emerson.patel@mailbox.org,487.535.5949,New York,Orchid Plus,Refund,low,email,pending_customer,Enterprise, four,754,,120.14,refund,Customer mentioned a previous unresolved ticket.
TKT-01638,23-Nov-2024,Emerson Fischer,emerson.fischer@company.co,273.732.2824,London,Cobalt Enterprise,Feature Request,low,web-form,Closed,Free,0,unknown,48h,102.3,delivery | late,Issue reproduced on a mobile device.
TKT-00098,2025/02/10,Arden Patel,arden.patel@example.com,+1 (685) 800-6730,Glasgow,Atlas Pro,Delivery,low,social,Closed,,6,440,,93.36,login;password,Customer requested an update after the first response.
TKT-02206,01/27/2026 14:40,Kendall Singh,kendall.singh@example.com,377.625.5600,Austin,Lumen Starter,Feature Request,High,email,Resolved,premium,,,48h,104.98,product question,No additional context provided.
TKT-01354,01-Aug-2024, micah reed ,micah.reed@company.co,+1 (514) 348-6735,Austin,Vertex Analytics,Refund,urgent,chat,Resolved,,6,730,62.5,120.75,,Escalated to the specialist queue.
TKT-01099,07/28/2025 09:53,Sage Hansen,sage.hansen28@example.com,0034-96909382,Leeds,Mosaic Team,Billing,MEDIUM,Web Form,Pending Customer,premium, four,-5,,129.4,bug;mobile,Escalated to the specialist queue.
TKT-01930,31-Oct-2025,Shawn Chen,shawn.chen@example.com,+44 7450 997346,London,Atlas Pro,Account Access,Medium,social,pending_customer,premium,5,unknown,-1,186.71,feature-request,Customer mentioned a previous unresolved ticket.
TKT-00717,2024/10/27,Emerson Morales,emerson.morales36@mailbox.org,0053-87657634,Amsterdam,Cobalt Enterprise,Billing,urgent,social,Escalated,Premium,5,226,78.6,85.28,,Customer mentioned a previous unresolved ticket.
TKT-00937,2026-03-05 10:32:00,Morgan Reed,morgan.reed@outlook.com,+44 7668 670865,Bristol,Cobalt Enterprise,Product Question,Low,Social Media,Closed,Standard,6,unknown,81.6,22.83,"billing,invoice",Issue reproduced on a mobile device.
TKT-01425,2025/06/25,Marley Bennett,marley.bennett72@example.com,+44 7122 855874,Singapore,Vertex Analytics,Delivery,urgent,social,Resolved,,2,483,-1,$21.54,"billing,invoice",Customer supplied screenshots.
TKT-00651,01/05/2026 21:08,Rowan Singh,rowan.singh32@outlook.com,002-88897503,New York,Atlas Pro,Delivery,high,chat,Pending Customer,,5,,,180.69,account;security;urgent,Customer supplied screenshots.
TKT-02149,2024/01/12,Casey Turner,casey.turner49@gmail.com,+44 7412 393227,Birmingham,Harbor Essentials,Feature Request,High,PHONE,Pending Customer,premium,3,1723,,73.32,delivery | late,Customer mentioned a previous unresolved ticket.
TKT-00982,14-Dec-2024,Tatum Hansen,tatum.hansen@example.com,0094-73544573,Toronto,Nimbus Basic,Product Question,Low,Live Chat,Escalated,,5,367,8.4,102.4,refund,Customer supplied screenshots.
TKT-00281,02/25/2024 03:09,Shawn Grant,shawn.grant@gmail.com,+1 (686) 748-3632,Leeds,Harbor Essentials,Refund,Medium,chat,Closed,premium,6,-5,48h,85.24,feature-request,Customer requested an update after the first response.
TKT-00248,02/28/2024 12:09,Marley Ibrahim,marley.ibrahim@example.com,,Melbourne,Nimbus Basic,Refund,high,PHONE,Open,,4,,48h,43.07,feature-request,
TKT-00853,2024-11-02 04:52:00,Milan Kowalski,milan.kowalski@mailbox.org,+1 (206) 525-1297,New York,Vertex Analytics,Subscription,urgent,Social Media,Escalated,Premium,4,677,48h,43.94,delivery | late,Customer supplied screenshots.
TKT-02626,06/15/2026 21:37,Riley Morales,riley.morales@gmail.com,+1 (808) 879-4449,Toronto,Vertex Analytics,Technical Issue,low,chat,resolved,,5,367,48h,31.64,,Escalated to the specialist queue.
TKT-01769,19-Jan-2026,Cameron Petrov,cameron.petrov@outlook.com,156.775.5706, BERLIN ,Nimbus Basic,Account Access,high,Web Form,Pending Customer,Enterprise,6,1741,-1,85.78,,
TKT-01928,2026/03/20,Finley Chen,finley.chen@company.co,+1 (541) 656-5991,Birmingham,Mosaic Team,Delivery,Medium,Web Form,Escalated,Standard,6,unknown,-1,,BILLING;invoice,Issue reproduced on a mobile device.
TKT-01036,2024-11-01 20:27:00,Kendall Diaz,kendall.diaz12@gmail.com,,Singapore,Cobalt Enterprise,Security,Medium,Web Form,Closed,Premium,5,,,165.57,BILLING;invoice,Escalated to the specialist queue.
TKT-01181,04-Feb-2024,Kendall Walker,KENDALL.WALKER@COMPANY.CO,+1 (460) 478-8100,New York,Harbor Essentials,Refund,High,email,OPEN,Free,1,unknown,48h,88.89,account;security;urgent,Follow-up required next business day.
TKT-01646,2026/01/31,Avery Brooks,avery.brooks@company.co,0064-60642472,,Orchid Plus,Delivery,urgent,Web Form,Pending Customer,Enterprise,1,1545,43.6,102.56,account;security;urgent,Customer mentioned a previous unresolved ticket.
TKT-01929,21-Jan-2025,Cameron Ibrahim,cameron.ibrahim@mailbox.org,,Toronto,Atlas Pro,Subscription,low,social,Open,Enterprise, four,,-1,139.55,product question,Issue reproduced on a mobile device.
TKT-02002,2025-02-03 19:20:00,Blake Singh,blake.singh@example.com,+1 (516) 209-6958,Glasgow,Mosaic Team,Subscription,low,email,Escalated,,2,unknown,,71.05,"billing,invoice",Follow-up required next business day.
TKT-02303,2026-06-02 00:17:00,Kendall Diaz,kendall.diaz47@mailbox.org,383.865.6181,Birmingham,Mosaic Team,Product Question,high,chat,OPEN,,5,unknown,-1,57.88,BILLING;invoice,Issue reproduced on a mobile device.
TKT-02281,11/17/2024 17:23,Parker Hughes,parker.hughes83@gmail.com,+1 (437) 958-1965,Austin,Nimbus Basic,Technical Issue,high,Live Chat,Resolved,,6,-5,,0,,
TKT-00629,2024-03-17 01:42:00,Kendall Novak,kendall.novak@example.com,188.706.4640,Singapore,Atlas Pro,Subscription,high,Phone,OPEN,Premium,1,-5,-1,82.06,refund,Customer mentioned a previous unresolved ticket.
TKT-00745,09/14/2025 08:16,Rowan Okafor,rowan.okafor6@outlook.com,+44 7135 594278,Amsterdam,Mosaic Team,Refund,Urgent,Live Chat,Resolved,,2,,28.3,107.47,bug;mobile,Issue reproduced on a mobile device.
TKT-02077,2025-01-21 03:21:00,Finley Kim,finley.kim@outlook.com,+44 7432 858586,Toronto,Atlas Pro,Account Access,Urgent,Phone,resolved,,3,unknown,88.0,$112.87,,Issue reproduced on a mobile device.
TKT-01289,04-Feb-2026,Avery Reed,avery.reed@company.co,0032-44536250,Seattle,Nimbus Basic,Account Access,Low,chat,Resolved,,0,,,18.31,feature-request,Escalated to the specialist queue.
TKT-01597,2025/03/02,Reese Petrov,reese.petrov@example.com,+44 7844 574371,Toronto,Atlas Pro,Subscription,Medium,web-form,resolved,Standard,3,1320,48h,113.05,login;password,No additional context provided.
TKT-02187,07-Feb-2026,Blake Kowalski,blake.kowalski77@example.com,886.823.8148,New York,Harbor Essentials,Feature Request,High,email,OPEN,Enterprise,3,,-1,0.68,account;security;urgent,Customer requested an update after the first response.
TKT-02301,2024-11-28 10:49:00,Kendall Bennett,kendall.bennett40@outlook.com,+1 (313) 253-8069,Glasgow,Cobalt Enterprise,Billing,High,Email,Open,Free,1,182,-1,136.86,BILLING;invoice,Customer mentioned a previous unresolved ticket.
TKT-02271,2024/02/12,Riley Carter,riley.carter@company.co,+1 (210) 355-4827, BERLIN ,Mosaic Team,Subscription,Urgent,Social Media,Open,,2,unknown,,98.12,account;security;urgent,No additional context provided.
TKT-00482,01/21/2024 19:29,Reese Sullivan,reese.sullivan@outlook.com,+1 (657) 818-8189,London,Nimbus Basic,Account Access,MEDIUM,chat,Resolved,premium,6,-5,87.4,26.45,feature-request,Customer supplied screenshots.
TKT-02452,05/10/2025 07:06,Ellis Okafor,ellis.okafor@gmail.com,+1 (672) 816-9510,Cape Town,Orchid Plus,Security,Low,Web Form,Closed,Enterprise,2,1380,,33.25,account;security;urgent,Issue reproduced on a mobile device.
TKT-01520,2025-11-30 13:13:00,Cameron Bennett,cameron.bennett@gmail.com,,London,Cobalt Enterprise,Account Access,high,social,OPEN,Standard,,686,,180.98,bug;mobile,No additional context provided.
TKT-02310,08/10/2025 07:25,Arden Carter,arden.carter48@outlook.com,121.850.5079,london,Orchid Plus,Technical Issue,urgent,web-form,pending_customer,,6,,48h,127.82,,Customer requested an update after the first response.
TKT-00101,2024/10/28,Marley Patel,marley.patel7@gmail.com,+44 7888 813763,Glasgow,Cobalt Enterprise,Billing,Low,PHONE,Closed,Standard,4,-5,-1,1.15,delivery | late,Issue reproduced on a mobile device.
TKT-02032,04/17/2024 08:11,Cameron Hansen,cameron.hansen@gmail.com,+44 7226 706173,Toronto,Cobalt Enterprise,Billing,Urgent,Email,Resolved,Enterprise, four,-5,,25.45,refund,
TKT-00102,2026-02-18 05:45:00,Milan Novak,milan.novak@mailbox.org,0069-36764927,,Lumen Starter,Account Access,Medium,Email,Closed,Premium,0,392,,55.86,refund,Customer supplied screenshots.
TKT-02200,2025/06/21,Kendall Turner,kendall.turner37@company.co,,London,Atlas Pro,Billing,Urgent,Email,Resolved,Standard,5,unknown,29.1,105.83,,Issue reproduced on a mobile device.
TKT-01594,04-Mar-2025,Shawn Meyer,shawn.meyer@example.com,0090-12608325,Melbourne,Nimbus Basic,Product Question,Low,Live Chat,Closed,Free, four,648,48h,128.72,refund,
TKT-00346,2024/08/04,Milan Okafor,milan.okafor21@mailbox.org,,New York,Cobalt Enterprise,Subscription,High,Live Chat,OPEN,premium, four,unknown,-1,91.76,delivery | late,Customer supplied screenshots.
TKT-00186,07/11/2024 19:04,Alexis Turner,alexis.turner69@company.co,+44 7838 237606,Toronto,Orchid Plus,Delivery,High,Live Chat,OPEN,,6,,48h,$118.27,bug;mobile,Customer supplied screenshots.
TKT-02337,2024-03-25 10:33:00,Emerson Larsen,emerson.larsen@gmail.com,,New York,Atlas Pro,Subscription,Low,PHONE,pending_customer,Standard,2,1098,48h,106.54,account;security;urgent,
TKT-01596,18-Feb-2025,Tatum Larsen,tatum.larsen@example.com,,Singapore,Atlas Pro,Technical Issue,urgent,PHONE,Pending Customer,,2,286,-1,23.46,product question,Follow-up required next business day.
TKT-00171,2026-06-10 18:18:00,Riley Diaz,riley.diaz@company.co,0084-27520478,Singapore,Cobalt Enterprise,Security,MEDIUM,Live Chat,Pending Customer,Premium,2,1253,80.2,30.08,,Follow-up required next business day.
TKT-02340,2025-05-19 22:43:00,Sage Carter,sage.carter @example.com,+1 (569) 584-7627,Seattle,Atlas Pro,Refund,urgent,Web Form,Pending Customer,,1,-5,-1,42.68,BILLING;invoice,Customer supplied screenshots.
TKT-01879,04-Apr-2024,Shawn Petrov,shawn.petrov@gmail.com,+44 7497 438649,London,Harbor Essentials,Technical Issue,urgent,web-form,pending_customer,premium,6,unknown,,0,product question,Issue reproduced on a mobile device.
TKT-00412,2025/11/03,Milan Kowalski,milan.kowalski@example.com,,Glasgow,Mosaic Team,Feature Request,Medium,Phone,Pending Customer,,5,,-1,17.14,,
TKT-00807,2026/05/27,Marley Okafor,marley.okafor@mailbox.org,207.210.1839,,Harbor Essentials,Account Access,High,chat,Escalated,Premium,6,,48h,91.22,,Escalated to the specialist queue.
TKT-00595,05/16/2026 19:21,Riley Nguyen,riley.nguyen@gmail.com,0094-93930001, BERLIN ,Mosaic Team,Refund,low,chat,Pending Customer,Standard,5,-5,-1,136.06,delivery | late,Issue reproduced on a mobile device.
TKT-02753,2024-04-18 00:13:00,Casey Petrov,CASEY.PETROV36@MAILBOX.ORG,N/A,Austin,Orchid Plus,Subscription,Low,chat,Open,Standard,0,,-1,53.38,BILLING;invoice,Issue reproduced on a mobile device.
TKT-01589,2024-03-06 11:42:00,Cameron Hughes,cameron.hughes15@example.com,+1 (826) 462-2878,London,Nimbus Basic,Feature Request,Low,Live Chat,Open,Free,4,unknown,40.7,33.48,,No additional context provided.
TKT-02467,2024-04-03 21:43:00,Ellis Sullivan,ellis.sullivan@outlook.com,+1 (752) 646-2011,Glasgow,Lumen Starter,Delivery,Urgent,chat,Open,Enterprise,0,unknown,-1,37.02,login;password,No additional context provided.
TKT-01902,04/07/2025 06:36,Emerson Okafor,emerson.okafor@outlook.com,+44 7442 771019, BERLIN ,Orchid Plus,Subscription,high,PHONE,Pending Customer,Standard,4,-5,-1,60.64,product question,Customer requested an update after the first response.
TKT-02161,2025/12/06,Kendall Parker,KENDALL.PARKER@EXAMPLE.COM,002-26650729,Glasgow,Harbor Essentials,Delivery,MEDIUM,PHONE,OPEN,,1,unknown,-1,17.87,delivery | late,Follow-up required next business day.
TKT-01198,02/03/2024 10:20,Reese Carter,reese.carter41@example.com,0020-74682077,Seattle,Atlas Pro,Product Question,High,Phone,Closed,Enterprise,,unknown,48h,109.39,feature-request,Customer mentioned a previous unresolved ticket.
TKT-00655,31-Jan-2025,Riley Parker,riley.parker@gmail.com,N/A,Manchester,Mosaic Team,Delivery,Low,chat,OPEN,Standard,5,-5,87.1,220.53,,Customer requested an update after the first response.
TKT-01225,26-Jun-2024,Blake Morales,blake.morales@company.co,+44 7433 472764,Seattle,Mosaic Team,Refund,Medium,Phone,Escalated,Premium,6,,-1,68.81,feature-request,
TKT-01037,2024-02-18 19:09:00,Sage Kim,sage.kim13@mailbox.org,923.238.4333,Dublin,Nimbus Basic,Feature Request,MEDIUM,Phone,Resolved,Free,6,-5,53.0,11.58,delivery | late,Customer supplied screenshots.
TKT-02219,2026/06/09,Blake Ahmed,blake.ahmed@example.com,,Singapore,Atlas Pro,Delivery,High,PHONE,Escalated,premium, four,-5,,194.48,login;password,Customer supplied screenshots.
TKT-00446,02/14/2026 23:45,Kendall Bennett,kendall.bennett@gmail.com,,Dublin,Vertex Analytics,Account Access,low,PHONE,Resolved,,1,-5,48h,115.83,bug;mobile,Customer requested an update after the first response.
TKT-00897,12/12/2024 19:20,Hayden Singh,hayden.singh @gmail.com,,Manchester,Cobalt Enterprise,Subscription,Low,social,Escalated,Premium,6,548,-1,69.81,,
TKT-01143,2025-11-05 04:27:00,Hayden Bennett,hayden.bennett@outlook.com,,Bristol,Atlas Pro,Product Question,Medium,email,Resolved,,4,-5,48h,70.75,login;password,
TKT-02760,2025-02-07 19:38:00,Arden Reed,arden.reed@example.com,463.765.7308,Melbourne,Nimbus Basic,Delivery,low,PHONE,Open,Enterprise,,1784,-1,113.25,account;security;urgent,Customer mentioned a previous unresolved ticket.
TKT-00691,09/06/2024 20:24,Drew Ibrahim,drew.ibrahim@gmail.com,277.370.9388,,Cobalt Enterprise,Account Access,urgent,Web Form,resolved,Enterprise,5,358,48h,59.15,BILLING;invoice,
TKT-02051,12-Feb-2025,Shawn Walker,shawn.walker@company.co,+44 7320 163360,Melbourne,Nimbus Basic,Account Access,Medium,Social Media,Open,,2,,,124.38,login;password,Issue reproduced on a mobile device.
TKT-01342,2025-09-01 13:26:00,Ellis Kowalski,ellis.kowalski@outlook.com,293.119.7980,Amsterdam,Cobalt Enterprise,Technical Issue,Urgent,Web Form,Open,Premium,6,unknown,43.8,,delivery | late,No additional context provided.
TKT-00382,2024-07-06 18:19:00,Reese Morales,reese.morales88@outlook.com,,Birmingham,Vertex Analytics,Security,MEDIUM,PHONE,Pending Customer,Enterprise,4,262,45.1,46.03,,Customer supplied screenshots.
TKT-01954,12-Feb-2025,Robin Wilson,,, BERLIN ,Harbor Essentials,Billing,High,Web Form,Resolved,Enterprise, four,,-1,43.04,,Escalated to the specialist queue.
TKT-00525,2024-02-15 23:44:00,Shawn Kim,shawn.kim@gmail.com,N/A,Dublin,Mosaic Team,Refund,low,Phone,OPEN,Standard, four,unknown,,,delivery | late,Escalated to the specialist queue.
TKT-00604,2024-05-29 04:17:00,Parker Ibrahim,parker.ibrahim@outlook.com,0020-21660923,Bristol,Harbor Essentials,Delivery,Medium,web-form,Pending Customer,Enterprise,5,,,$153.56,refund,No additional context provided.
TKT-00242,2026-05-17 11:18:00,Reese Kim,reese.kim@mailbox.org,+1 (903) 912-4644,Cape Town,Lumen Starter,Account Access,Urgent,Web Form,OPEN,Standard,2,108,,72.69,bug;mobile,Follow-up required next business day.
TKT-00176,14-Mar-2025,Parker Ibrahim,parker.ibrahim@gmail.com,134.535.9701,Birmingham,Atlas Pro,Subscription,low,Phone,pending_customer,,2,1016,8.2,124.5,bug;mobile,Customer supplied screenshots.
TKT-02192,2024-03-08 03:49:00,Blake Hughes,blake.hughes@gmail.com,N/A,Birmingham,Orchid Plus,Security,Low,chat,Pending Customer,Free,5,,86.4,104.42,account;security;urgent,Customer requested an update after the first response.
TKT-01421,15-Jul-2025,Skyler Singh,skyler.singh97@outlook.com,+1 (494) 821-7934,Seattle,Harbor Essentials,Refund,Urgent,Social Media,Closed,Premium,1,,-1,108.61,BILLING;invoice,
TKT-02677,2026/04/18,Arden Larsen,arden.larsen24@outlook.com,188.714.2006,London,Cobalt Enterprise,Technical Issue,Medium,social,Closed,Enterprise,,1463,48h,98.23,feature-request,Customer mentioned a previous unresolved ticket.
TKT-00477,12/24/2025 11:31,Blake Ibrahim,blake.ibrahim70@outlook.com,729.221.2359,Amsterdam,Orchid Plus,Technical Issue,MEDIUM,email,Open,Standard,1,280,84.7,110.71,BILLING;invoice,Follow-up required next business day.
TKT-01757,2024/06/06,Taylor Chen,taylor.chen48@mailbox.org,0040-78396104,Singapore,Nimbus Basic,Account Access,Urgent,Social Media,Resolved,Free,0,-5,48h,71.44,,
TKT-01583,2025-03-14 14:27:00,Casey Meyer,,986.392.9977,Singapore,Orchid Plus,Billing,Low,web-form,Pending Customer,Free,0,1198,48h,23.13,BILLING;invoice,Follow-up required next business day.
TKT-00435,2026/02/22,Reese Patel,reese.patel99@company.co,,Seattle,Atlas Pro,Refund,high,chat,Open,,1,1272,,161.63,account;security;urgent,Follow-up required next business day.
TKT-00263,2024/12/18,Avery Novak,avery.novak7@mailbox.org,,Bristol,Orchid Plus,Delivery,High,Web Form,Open,Standard,0,,48h,0,,Follow-up required next business day.
TKT-01555,2026/02/11,Emerson Wilson,emerson.wilson@company.co,,Dublin,Orchid Plus,Subscription,MEDIUM,Email,Pending Customer,Enterprise,0,439,77.6,66.54,BILLING;invoice,Escalated to the specialist queue.
TKT-00671,27-Feb-2026,Jamie Nguyen,jamie.nguyen61@company.co,+44 7860 385984,London,Cobalt Enterprise,Subscription,Urgent,social,Closed,,6,555,28.8,147.53,,
TKT-01576,2026/04/02,Marley Walker,marley.walker9@example.com,964.927.8862,,Nimbus Basic,Refund,Urgent,email,Resolved,premium,2,1734,48h,77.04,refund,
TKT-02412,2025-07-09 08:30:00,Morgan Kim,morgan.kim@example.com,305.675.4138,Bristol,Lumen Starter,Feature Request,urgent,Live Chat,Resolved,premium,5,,,163.59,feature-request,No additional context provided.
TKT-01895,2025/03/28,Avery Sullivan,avery.sullivan@example.com,N/A,London,Lumen Starter,Feature Request,MEDIUM,email,Resolved,Standard,1,461,73.0,74.14,"billing,invoice",
TKT-01592,2024/04/28,Rowan Brooks,rowan.brooks8@example.com,491.436.4524,Austin,Lumen Starter,Delivery,low,PHONE,Open,,5,,,0,feature-request,Customer mentioned a previous unresolved ticket.
TKT-01950,2026/05/08,Riley Kowalski,riley.kowalski@gmail.com,215.231.1283,Seattle,Orchid Plus,Subscription,Medium,Phone,resolved,premium, four,unknown,-1,$76.17,product question,
TKT-00084,05/29/2025 22:58, shawn carter ,shawn.carter29@mailbox.org,0071-71303434,Singapore,Atlas Pro,Delivery,MEDIUM,Email,resolved,Free,5,1277,-1,50.5,account;security;urgent,Follow-up required next business day.
TKT-00133,08-Jun-2024,Jamie Hansen,jamie.hansen@gmail.com,981.433.8801,london,Vertex Analytics,Technical Issue,urgent,Social Media,resolved,Enterprise,0,unknown,,20.57,BILLING;invoice,Customer mentioned a previous unresolved ticket.
TKT-00209,05/18/2026 16:55,Kendall Morris,kendall.morris94@company.co,,Cape Town,Vertex Analytics,Feature Request,Urgent,social,resolved,premium, four,unknown,48h,107.33,delivery | late,No additional context provided.
TKT-02579,2025/12/19,Milan Kowalski,milan.kowalski56 @outlook.com,+1 (482) 881-3241,Leeds,Vertex Analytics,Refund,urgent,chat,OPEN,Standard,5,136,73.0,94.44,feature-request,
TKT-01785,02/24/2026 09:27,Tatum Novak,tatum.novak@gmail.com,+44 7444 149893,Birmingham,Lumen Starter,Account Access,Medium,Live Chat,Closed,Free,5,unknown,7.2,83.53,bug;mobile,No additional context provided.
TKT-00169,17-Oct-2025,Arden Carter,arden.carter@gmail.com,653.331.1054,Austin,Nimbus Basic,Subscription,low,Web Form,Pending Customer,premium,,-5,48h,65.5,login;password,Issue reproduced on a mobile device.
TKT-00155,03-Nov-2024,Sage Ibrahim,sage.ibrahim15@example.com,+44 7338 974329,London,Vertex Analytics,Refund,MEDIUM,Live Chat,Pending Customer,Premium,,,-1,95.12,account;security;urgent,No additional context provided.
TKT-00192,2024-09-26 16:53:00,Milan Santos,milan.santos@company.co,127.883.6591,Bristol,Cobalt Enterprise,Account Access,Low,web-form,resolved,Free,5,,,126.1,product question,Issue reproduced on a mobile device.
TKT-01966,29-Aug-2025,Parker Walker,parker.walker@gmail.com,619.508.4358,Singapore,Lumen Starter,Delivery,Urgent,Email,resolved,Premium,4,517,48h,83.93,"billing,invoice",Customer mentioned a previous unresolved ticket.
TKT-02672,22-Oct-2024,Skyler Larsen,skyler.larsen@outlook.com,+1 (295) 527-4742,Birmingham,Vertex Analytics,Account Access,Urgent,Live Chat,Open,Standard,1,unknown,37.8,111.01,product question,Customer requested an update after the first response.
TKT-02254,2024-05-17 03:42:00,Cameron Diaz,cameron.diaz11@mailbox.org,+1 (771) 807-5168,New York,Cobalt Enterprise,Feature Request,low,PHONE,Pending Customer,premium,0,unknown,,78.34,"billing,invoice",Customer requested an update after the first response.
TKT-01777,04-Mar-2026,Taylor Turner,taylor.turner@outlook.com,+44 7585 431835,Manchester,Nimbus Basic,Security,low,email,Open,,5,unknown,-1,45.35,"billing,invoice",Follow-up required next business day.
TKT-02497,2024/07/05,Marley Nguyen,marley.nguyen @example.com,200.404.2285,Seattle,Harbor Essentials,Feature Request,MEDIUM,PHONE,OPEN,Enterprise,5,,48h,63.66,,No additional context provided.
TKT-01580,2024/10/06,Avery Morris,avery.morris@outlook.com,+44 7544 798552,Toronto,Harbor Essentials,Delivery,High,Phone,Escalated,Standard, four,1123,-1,34.44,bug;mobile,
TKT-01743,15-May-2025,Rowan Hansen,rowan.hansen@gmail.com,N/A,Amsterdam,Nimbus Basic,Technical Issue,High,Web Form,Resolved,Enterprise,6,624,,82.85,refund,Issue reproduced on a mobile device.
TKT-00425,17-Jun-2025,Avery Brooks,avery.brooks43@gmail.com,+1 (252) 729-3020,Dublin,Nimbus Basic,Security,low,chat,Escalated,Free,0,-5,,114.5,BILLING;invoice,
TKT-02235,04-Mar-2026,Skyler Okafor,skyler.okafor@example.com,+1 (325) 968-4847,Austin,Harbor Essentials,Account Access,urgent,chat,Closed,,5,1504,54.5,12.39,BILLING;invoice,Issue reproduced on a mobile device.
TKT-02666,02/22/2026 03:06,Jamie Nguyen,jamie.nguyen@mailbox.org,0062-16864055,Amsterdam,Atlas Pro,Refund,Medium,chat,Escalated,,3,-5,48h,3.81,feature-request,No additional context provided.
TKT-01331,13-Oct-2024,Casey Chen,casey.chen@mailbox.org,0042-33703086,Glasgow,Lumen Starter,Refund,High,Phone,Pending Customer,Premium,1,unknown,48h,163.19,login;password,Issue reproduced on a mobile device.
TKT-01932,2024-10-20 13:07:00,Milan Reed,milan.reed@company.co,0036-45779341,Bristol,Orchid Plus,Technical Issue,High,social,Resolved,Premium,1,89,-1,106.32,"billing,invoice",
TKT-00794,2024-12-23 18:51:00,Avery Ahmed,avery.ahmed@company.co,+44 7412 146463,london,Harbor Essentials,Delivery,low,Live Chat,resolved,,4,,48h,$8.78,,
TKT-01107,2024-06-20 14:57:00,Jordan Hughes,jordan.hughes@outlook.com,0040-66506705,Bristol,Cobalt Enterprise,Refund,Low,Phone,OPEN,Free,5,unknown,,112.7,bug;mobile,Customer mentioned a previous unresolved ticket.
TKT-01287,05/11/2026 21:00,Cameron Grant,cameron.grant@mailbox.org,+1 (603) 587-2375,Seattle,Orchid Plus,Delivery,low,chat,resolved,,5,30,48h,0,,Follow-up required next business day.
TKT-01962,2025-07-08 03:00:00,Devon Nguyen,devon.nguyen6@gmail.com,544.193.4190,London,Mosaic Team,Feature Request,high,Email,Resolved,,2,19,48h,94.71,BILLING;invoice,Customer supplied screenshots.
TKT-00753,03/01/2025 08:56,Skyler Bennett,skyler.bennett@outlook.com,+1 (722) 694-1357,Leeds,Nimbus Basic,Account Access,urgent,Email,OPEN,Premium,4,-5,,25.33,"billing,invoice",Escalated to the specialist queue.
TKT-00579,07-Feb-2024,Jordan Larsen,jordan.larsen@company.co,,New York,Cobalt Enterprise,Subscription,MEDIUM,social,resolved,,5,,48h,0,BILLING;invoice,
TKT-01633,08-Apr-2025,Morgan Ahmed,morgan.ahmed@company.co,+44 7504 642941,Birmingham,Atlas Pro,Account Access,high,Phone,Pending Customer,,2,170,,43.6,account;security;urgent,Issue reproduced on a mobile device.
TKT-00919,17-Jun-2026, reese patel ,reese.patel13@company.co,+1 (790) 621-9720,Bristol,Mosaic Team,Technical Issue,High,social,Escalated,Standard,0,,,54.45,delivery | late,
TKT-00520,2025/06/20,Reese Parker,reese.parker54@mailbox.org,0076-83545099,New York,Atlas Pro,Refund,MEDIUM,Email,pending_customer,,0,,48h,120.33,BILLING;invoice,No additional context provided.
TKT-01577,18-Jan-2024,Drew Fischer,drew.fischer@outlook.com,+1 (587) 413-3513,Amsterdam,Lumen Starter,Subscription,Low,social,Open,premium,4,298,48h,0,delivery | late,Customer mentioned a previous unresolved ticket.
TKT-01946,2025/07/29,Skyler Sullivan,skyler.sullivan@outlook.com,+44 7954 504966,Manchester,Harbor Essentials,Account Access,low,web-form,Resolved,,3,1277,-1,$58.67,refund,Customer mentioned a previous unresolved ticket.
TKT-01138,2025/02/09,Blake Morales,blake.morales@example.com,980.665.3396,Singapore,Atlas Pro,Subscription,urgent,web-form,resolved,Premium,,872,-1,11.48,account;security;urgent,Follow-up required next business day.
TKT-00956,12/03/2024 23:13,Skyler Larsen,skyler.larsen@outlook.com,N/A,Birmingham,Nimbus Basic,Refund,Urgent,Phone,Resolved,Standard,6,-5,33.8,140.45,feature-request,
TKT-02268,25-Apr-2026,Cameron Wilson,cameron.wilson @example.com,736.649.3686,London,Cobalt Enterprise,Billing,Medium,Web Form,OPEN,premium,1,,-1,96.58,"billing,invoice",No additional context provided.
TKT-00107,2025/11/01,Avery Turner,avery.turner99@company.co,197.543.5072,Birmingham,Harbor Essentials,Refund,Urgent,email,Closed,Free, four,-5,85.7,$182.74,account;security;urgent,
TKT-01643,2026/03/08,Marley Morales,marley.morales@mailbox.org,0012-45355714,Berlin,Harbor Essentials,Subscription,Medium,Email,Resolved,Free,0,1185,,74.62,,Customer mentioned a previous unresolved ticket.
TKT-00349,2025/06/07,Jamie Brooks,jamie.brooks@gmail.com,+44 7375 532949,Cape Town,Lumen Starter,Product Question,Low,Phone,Pending Customer,premium,5,1316,-1,39.49,feature-request,No additional context provided.
TKT-01906,10/29/2024 23:18,Arden Grant,arden.grant9@example.com,,Seattle,Atlas Pro,Feature Request,High,Phone,OPEN,Free,,490,-1,103.62,BILLING;invoice,
TKT-01504,23-Jan-2025,Devon Bennett,devon.bennett72@company.co,0084-42528441,Glasgow,Mosaic Team,Billing,Low,chat,Pending Customer,premium,2,1247,-1,78.81,login;password,Customer supplied screenshots.
TKT-00058,2024-08-29 02:07:00,Robin Patel,robin.patel@gmail.com,+44 7706 223119, BERLIN ,Cobalt Enterprise,Technical Issue,Medium,Email,Escalated,premium,,-5,-1,61.99,bug;mobile,Follow-up required next business day.
TKT-02526,03/08/2026 18:34,Marley Bennett,MARLEY.BENNETT@GMAIL.COM,+44 7103 479701,Manchester,Mosaic Team,Product Question,Medium,Phone,Closed,premium,4,,64.9,105.55,,Customer mentioned a previous unresolved ticket.
TKT-00028,2024-01-10 15:52:00,Shawn Okafor,shawn.okafor@company.co,+1 (854) 634-5097,Manchester,Harbor Essentials,Product Question,Urgent,social,resolved,Standard,6,,48h,$99.66,,No additional context provided.
TKT-02457,03/23/2025 07:56,Sage Meyer,sage.meyer82@outlook.com,828.450.9980, BERLIN ,Nimbus Basic,Feature Request,High,Social Media,resolved,Premium,,unknown,-1,47.1,,
TKT-01339,2025-08-03 11:59:00,Taylor Sullivan,taylor.sullivan@mailbox.org,+44 7117 209804,Singapore,Cobalt Enterprise,Billing,low,PHONE,Pending Customer,Premium,,,48h,57.65,login;password,Customer mentioned a previous unresolved ticket.
TKT-02500,02/20/2026 23:40,Morgan Chen,morgan.chen@gmail.com,301.727.8572,Toronto,Nimbus Basic,Delivery,MEDIUM,Live Chat,Resolved,Premium,2,1524,-1,97.7,feature-request,No additional context provided.
TKT-02081,01/28/2026 09:30,Morgan  Walker,morgan.walker@mailbox.org,0088-21267630,New York,Orchid Plus,Refund,Low,Email,OPEN,,5,,48h,79.03,"billing,invoice",No additional context provided.
TKT-00762,2026-04-21 02:24:00,Avery Walker,avery.walker@mailbox.org,491.828.7252,New York,Vertex Analytics,Billing,Urgent,Social Media,Pending Customer,Premium, four,356,,85.71,product question,No additional context provided.
TKT-02584,2024/06/26,Jordan Ibrahim,jordan.ibrahim@example.com,+44 7474 836905,Amsterdam,Harbor Essentials,Security,high,Email,OPEN,Standard,,,,146.3,"billing,invoice",Issue reproduced on a mobile device.
TKT-00797,2024-01-08 02:32:00,Drew Fischer,drew.fischer@example.com,421.591.7783,Amsterdam,Cobalt Enterprise,Security,MEDIUM,web-form,Pending Customer,Enterprise,2,-5,,76.82,BILLING;invoice,Customer requested an update after the first response.
TKT-02492,11/02/2024 14:23,Drew Walker,drew.walker@mailbox.org,+44 7048 898771,Austin,Nimbus Basic,Billing,MEDIUM,web-form,Escalated,Enterprise,1,-5,48h,41.06,,Customer mentioned a previous unresolved ticket.
TKT-02564,2026-06-15 16:29:00,Parker Diaz,parker.diaz@company.co,+1 (772) 531-7850,Seattle,Cobalt Enterprise,Delivery,Medium,chat,OPEN,,6,-5,-1,93.05,delivery | late,
TKT-02084,2025-08-11 09:15:00,Quinn Nguyen,quinn.nguyen@outlook.com,+1 (832) 701-3010,Austin,Mosaic Team,Security,Low,chat,Pending Customer,premium,4,-5,48h,0,BILLING;invoice,Escalated to the specialist queue.
TKT-00646,20-Feb-2024,Robin Turner,robin.turner@gmail.com,N/A,Melbourne,Lumen Starter,Account Access,High,Social Media,Resolved,Premium,0,unknown,-1,64.0,account;security;urgent,Customer mentioned a previous unresolved ticket.
TKT-00331,06/17/2024 16:13,Marley Bennett,marley.bennett@outlook.com,673.502.7181,New York,Harbor Essentials,Subscription,low,Live Chat,OPEN,,5,-5,30.6,78.33,delivery | late,No additional context provided.
TKT-01759,10/22/2024 03:46,Robin Turner,robin.turner@mailbox.org,0050-19220012,Austin,Cobalt Enterprise,Technical Issue,MEDIUM,Social Media,Open,Premium,0,,48h,167.68,account;security;urgent,Escalated to the specialist queue.
TKT-00828,2025/04/22,Parker Diaz,parker.diaz@example.com,+44 7105 772706,New York,Cobalt Enterprise,Subscription,Medium,Live Chat,OPEN,Premium,2,unknown,25.4,50.24,account;security;urgent,Customer mentioned a previous unresolved ticket.
TKT-01893,2024/11/22,Shawn Morales,shawn.morales95@company.co,+1 (664) 291-4116,New York,Harbor Essentials,Subscription,High,social,Escalated,Free, four,49,19.8,55.0,BILLING;invoice,
TKT-01700,2026/01/27,Taylor Hansen,taylor.hansen46@example.com,,Leeds,Atlas Pro,Feature Request,urgent,social,Pending Customer,premium,,-5,,88.88,BILLING;invoice,Issue reproduced on a mobile device.
TKT-00527,30-Mar-2025,Tatum Hughes,tatum.hughes@company.co,0073-34973630,Glasgow,Nimbus Basic,Product Question,urgent,PHONE,Resolved,,1,1728,,0,delivery | late,
TKT-01623,02/21/2024 01:46,Rowan Singh,rowan.singh83@example.com,464.695.9500,,Atlas Pro,Account Access,Urgent,web-form,Closed,,2,,,129.56,bug;mobile,
TKT-01149,04/26/2026 02:48,Drew Ahmed,drew.ahmed@outlook.com,+44 7378 294358,Cape Town,Atlas Pro,Product Question,urgent,chat,Pending Customer,Free, four,,48h,166.7,product question,Issue reproduced on a mobile device.
TKT-00786,16-Oct-2025,Blake Bennett,blake.bennett@company.co,+44 7588 441263,Cape Town,Lumen Starter,Technical Issue,Medium,Social Media,OPEN,,4,,48h,138.44,account;security;urgent,
TKT-01878,03/11/2024 06:32,Kendall Meyer,kendall.meyer24@company.co,,New York,Orchid Plus,Delivery,High,PHONE,resolved,Premium,6,-5,,67.49,,Customer supplied screenshots.
TKT-02380,07-Feb-2025,Marley Walker,marley.walker6@outlook.com,001-93021682,Dublin,Lumen Starter,Refund,high,social,Pending Customer,Premium,0,-5,18.6,93.32,login;password,Customer mentioned a previous unresolved ticket.
TKT-01833,06/22/2024 18:22,Sage Novak,sage.novak@mailbox.org,644.917.9661,Cape Town,Vertex Analytics,Technical Issue,Low,PHONE,Open,Standard,4,unknown,-1,131.42,refund,
TKT-02713,2024/05/21,Taylor Wilson,taylor.wilson@outlook.com,,Leeds,Lumen Starter,Feature Request,Urgent,Live Chat,Open,Free,1,320,9.5,106.49,refund,Customer requested an update after the first response.
TKT-02472,2026/05/06,Robin Brooks,robin.brooks@example.com,+44 7135 635863,Glasgow,Orchid Plus,Account Access,Medium,PHONE,Resolved,,,702,,209.01,bug;mobile,
TKT-02135,23-Jun-2025,Morgan Walker,morgan.walker@mailbox.org,+44 7598 343621,Bristol,Vertex Analytics,Technical Issue,high,email,Pending Customer,Enterprise,6,824,-1,59.53,,Customer supplied screenshots.
TKT-02166,2024/07/23,Robin Meyer,robin.meyer@example.com,0093-84403194,London,Orchid Plus,Technical Issue,urgent,chat,Open,Enterprise,,839,,23.17,account;security;urgent,Customer mentioned a previous unresolved ticket.
TKT-01434,11-Jul-2024,Quinn Fischer,quinn.fischer73@outlook.com,0073-38952139,London,Harbor Essentials,Account Access,low,Social Media,pending_customer,premium,1,-5,-1,46.93,bug;mobile,Customer supplied screenshots.
TKT-00806,2025/10/12,Ellis Kim,ellis.kim@example.com,0093-70557530,Dublin,Nimbus Basic,Feature Request,Medium,email,OPEN,Free,5,240,48h,62.0,product question,No additional context provided.
TKT-01180,2025-04-02 23:47:00,Kendall Larsen,kendall.larsen@example.com,478.807.6338,London,Nimbus Basic,Delivery,low,Live Chat,Closed,,5,1157,-1,18.3,product question,Follow-up required next business day.
TKT-02747,2026-05-10 12:19:00,Arden Walker,arden.walker@gmail.com,+1 (448) 964-7828,Seattle,Mosaic Team,Delivery,Medium,Social Media,Closed,,,,48h,92.27,delivery | late,Customer supplied screenshots.
TKT-02432,20-May-2025,Robin Walker,robin.walker@mailbox.org,0055-78732686,London,Vertex Analytics,Product Question,Urgent,Live Chat,Pending Customer,Enterprise,2,,60.3,22.92,product question,Escalated to the specialist queue.
TKT-01483,2024-03-31 01:55:00,Finley Santos,finley.santos59@gmail.com,0062-20098009,Glasgow,Lumen Starter,Account Access,high,Live Chat,Resolved,,,-5,,173.98,,No additional context provided.
TKT-01246,2026/01/23,Morgan Kim,MORGAN.KIM76@GMAIL.COM,+44 7518 293264,Toronto,Cobalt Enterprise,Technical Issue,High,email,OPEN,Standard,4,-5,48h,11.68,bug;mobile,
TKT-02566,2024/11/16,Cameron Petrov,cameron.petrov@mailbox.org,0013-75577020,Manchester,Atlas Pro,Technical Issue,MEDIUM,chat,Escalated,Free,5,717,48h,56.55,delivery | late,No additional context provided.
TKT-01399,24-May-2025,Skyler Novak,skyler.novak@outlook.com,,New York,Cobalt Enterprise,Billing,Urgent,Web Form,Pending Customer,Enterprise,6,,42.7,145.02,BILLING;invoice,Customer supplied screenshots.
TKT-00906,2024/11/10,Micah Hughes,micah.hughes@mailbox.org,+44 7128 986210,Birmingham,Mosaic Team,Feature Request,MEDIUM,Phone,Pending Customer,Premium,5,458,1.2,81.55,refund,Customer requested an update after the first response.
TKT-00674,15-Apr-2025,Ellis Reed,ellis.reed@outlook.com,0076-38673796,Singapore,Atlas Pro,Security,High,Web Form,Pending Customer,Enterprise,0,1636,,58.57,,Escalated to the specialist queue.
TKT-00615,01-Aug-2024,Arden Santos,arden.santos54@gmail.com,0078-16995189, BERLIN ,Orchid Plus,Subscription,Urgent,social,OPEN,,0,1213,48h,213.52,refund,Customer requested an update after the first response.
TKT-01081,10/01/2025 20:07,Jordan Diaz,jordan.diaz@mailbox.org,,Toronto,Lumen Starter,Delivery,Low,web-form,Open,premium,5,147,48h,$59.82,product question,
TKT-00191,2025-04-22 06:53:00,Cameron Singh,cameron.singh63@gmail.com,422.973.7165,london,Harbor Essentials,Subscription,High,web-form,Resolved,Enterprise,1,,,54.44,,
TKT-01056,2024/08/11,Drew Diaz,drew.diaz @company.co,0056-13411363,Melbourne,Atlas Pro,Subscription,MEDIUM,Live Chat,Pending Customer,Free, four,unknown,41.0,42.06,feature-request,No additional context provided.
TKT-00778,28-Apr-2025,Cameron Nguyen,cameron.nguyen38@example.com,+44 7200 990214,Toronto,Cobalt Enterprise,Refund,urgent,chat,OPEN,Standard,5,unknown,42.4,65.39,login;password,Customer mentioned a previous unresolved ticket.
TKT-01781,2024-11-03 23:25:00,Casey Sullivan,casey.sullivan@outlook.com,N/A,Manchester,Vertex Analytics,Product Question,Urgent,Email,pending_customer,Free,3,,14.3,1.65,"billing,invoice",
TKT-00821,08-Feb-2024,Jordan Kowalski,jordan.kowalski@outlook.com,0095-53605467,Berlin,Vertex Analytics,Delivery,low,Web Form,OPEN,premium,4,-5,,50.55,,
TKT-01033,2025/03/15,Quinn Carter,quinn.carter@mailbox.org,0080-36885969,New York,Lumen Starter,Billing,urgent,chat,resolved,Standard,4,314,48h,$100.96,BILLING;invoice,No additional context provided.
TKT-02140,2026-04-09 15:29:00,Ellis Morris,ellis.morris38@mailbox.org,+44 7128 234808,Seattle,Lumen Starter,Product Question,urgent,email,Open,Standard, four,unknown,57.1,0,"billing,invoice",Customer requested an update after the first response.
TKT-02612,2024-06-09 21:10:00,Blake Nguyen,blake.nguyen@company.co,+1 (987) 481-4138,,Lumen Starter,Product Question,high,email,Pending Customer,Premium,1,341,58.0,16.43,,Issue reproduced on a mobile device.
TKT-00054,26-Feb-2025,Quinn Kowalski,quinn.kowalski@company.co,+44 7574 440839,Toronto,Lumen Starter,Delivery,urgent,email,pending_customer,Premium,0,,48h,112.64,bug;mobile,No additional context provided.
TKT-01481,2025-04-15 22:21:00,Milan Kim,milan.kim@company.co,+44 7773 934088,Dublin,Mosaic Team,Feature Request,Medium,chat,resolved,Standard, four,1051,-1,118.73,delivery | late,Escalated to the specialist queue.
TKT-01130,2024-09-10 07:24:00,Micah Turner,micah.turner@example.com,0032-68325499,Seattle,Mosaic Team,Technical Issue,urgent,chat,resolved,Premium,,173,71.3,97.08,BILLING;invoice,Escalated to the specialist queue.
TKT-01460,06-Mar-2025,Sage Singh,sage.singh@gmail.com,N/A,Berlin,Lumen Starter,Technical Issue,high,Social Media,Escalated,Standard, four,-5,,116.02,,
TKT-00688,2024/03/27,Morgan Nguyen,morgan.nguyen@outlook.com,,Dublin,Vertex Analytics,Technical Issue,MEDIUM,Social Media,Pending Customer,,5,unknown,-1,58.38,login;password,Customer supplied screenshots.
TKT-00630,08/11/2024 17:56,Devon Meyer,devon.meyer2@example.com,+44 7845 546285,Bristol,Mosaic Team,Refund,low,Social Media,Open,,4,1612,48h,139.18,,No additional context provided.
TKT-01011,20-Jun-2024,Avery Ahmed,,+1 (819) 489-2098,Austin,Atlas Pro,Refund,Medium,Social Media,resolved,Free,1,-5,-1,151.46,,Escalated to the specialist queue.
TKT-01250,2024-11-07 07:57:00,Blake Grant,blake.grant@outlook.com,,Melbourne,Cobalt Enterprise,Subscription,low,chat,Resolved,Standard,1,-5,-1,0,"billing,invoice",Follow-up required next business day.
TKT-00941,2025/01/26,Riley Reed,riley.reed64@gmail.com,771.859.7344,Austin,Atlas Pro,Account Access,low,Email,resolved,Standard,6,unknown,48h,8.58,bug;mobile,No additional context provided.
TKT-01123,27-Dec-2024,Micah Morris,micah.morris64@company.co,+1 (842) 846-3518,london,Cobalt Enterprise,Refund,Medium,Social Media,Resolved,premium,2,525,-1,114.13,,Customer supplied screenshots.
TKT-02488,01-Jun-2026,Kendall Novak,kendall.novak41@example.com,0032-20415283,Toronto,Lumen Starter,Technical Issue,High,chat,Escalated,Standard,4,879,94.8,76.5,,Escalated to the specialist queue.
TKT-01286,2024/12/29,Blake Kowalski,blake.kowalski54@company.co,0018-50327945,,Vertex Analytics,Delivery,Urgent,Web Form,resolved,Enterprise,5,,,5.78,"billing,invoice",Customer supplied screenshots.
TKT-02771,2024-05-25 00:17:00,Kendall Okafor,kendall.okafor@company.co,+44 7706 467192,New York,Mosaic Team,Refund,MEDIUM,Social Media,Open,Enterprise,0,1312,85.6,67.68,,
TKT-00815,05/12/2025 02:34,Drew Diaz,drew.diaz44@company.co,N/A,Leeds,Harbor Essentials,Billing,low,social,Escalated,,3,-5,12.7,135.75,feature-request,Customer supplied screenshots.
TKT-00070,2026-06-01 11:14:00,Finley Ibrahim,finley.ibrahim84@gmail.com,,Cape Town,Vertex Analytics,Subscription,low,Live Chat,OPEN,,5,unknown,,43.52,BILLING;invoice,
TKT-01054,02/04/2025 02:43,Drew Diaz,drew.diaz@company.co,N/A,Glasgow,Vertex Analytics,FEATURE_REQUEST,high,Live Chat,resolved,premium,1,,48h,93.34,BILLING;invoice,
TKT-02514,2025-11-17 01:46:00,Taylor Wilson,taylor.wilson68@company.co,124.641.2786,Berlin,Atlas Pro,Subscription,MEDIUM,PHONE,Resolved,Enterprise, four,78,-1,64.98,account;security;urgent,Customer mentioned a previous unresolved ticket.
TKT-00851,03/23/2024 01:06,Blake Patel,blake.patel39@company.co,+44 7706 149971,Austin,Vertex Analytics,Technical Issue,high,social,Pending Customer,,5,-5,,44.73,BILLING;invoice,No additional context provided.
TKT-00601,03-Mar-2024, alexis morales ,ALEXIS.MORALES@MAILBOX.ORG,+44 7146 580542,Singapore,Mosaic Team,Refund,Urgent,Social Media,Closed,Enterprise,3,unknown,6.8,120.63,refund,
TKT-02278,2026-04-05 04:03:00,Rowan Ahmed,rowan.ahmed@example.com,+1 (857) 634-5437,Amsterdam,Atlas Pro,Subscription,low,social,Resolved,premium,4,626,23.0,15.82,BILLING;invoice,
TKT-00497,04/16/2025 19:49,Tatum Parker,tatum.parker@gmail.com,,Seattle,Vertex Analytics,Security,low,web-form,Pending Customer,Free,5,,-1,$21.95,"billing,invoice",Customer mentioned a previous unresolved ticket.
TKT-02330,16-Jun-2025,Sage Wilson,sage.wilson@gmail.com,006-81490521,london,Lumen Starter,Delivery,High,Email,resolved,Free,6,unknown,-1,125.7,delivery | late,
TKT-02375,2024-05-25 06:53:00,Arden Carter,arden.carter@example.com,+44 7951 452920,Berlin,Harbor Essentials,Product Question,Low,email,Open,Premium,0,unknown,-1,140.46,BILLING;invoice,Issue reproduced on a mobile device.
TKT-02420,15-Feb-2026,Taylor Walker,taylor.walker@mailbox.org,0045-99362433,Amsterdam,Vertex Analytics,Account Access,Medium,Live Chat,Open,premium,3,975,48h,6.04,delivery | late,Follow-up required next business day.
TKT-00968,2025/09/13,Quinn Okafor,quinn.okafor47@gmail.com,816.409.4170,Leeds,Nimbus Basic,Subscription,Low,Social Media,pending_customer,Free,1,-5,86.4,178.05,bug;mobile,
TKT-02008,13-Apr-2025,Emerson Kowalski,emerson.kowalski@outlook.com,+1 (206) 318-3876,Dublin,Harbor Essentials,Account Access,Medium,social,Escalated,Free,,,48h,34.06,refund,Customer requested an update after the first response.
ticket-00303,2026-04-18 22:26:00,Parker Morales,parker.morales95@company.co,495.814.2758,Seattle,Orchid Plus,Subscription,urgent,Social Media,Resolved,Standard, four,,-1,$120.10,BILLING;invoice,
ticket-02352,2024-07-28 22:37:00,Casey Hughes,casey.hughes @company.co,0032-21960211,Dublin,Mosaic Team,Security,Medium,email,Pending Customer,,0,unknown,48h,$112.94,,Customer supplied screenshots.
TKT-00332,2024/12/22,Avery Parker,avery.parker60@outlook.com,N/A,Berlin,Lumen Starter,Billing,Low,PHONE,pending_customer,Enterprise,5,,87.9,29.65,refund,
TKT-02441,2024/05/24,Hayden Singh,hayden.singh45@company.co,+44 7237 106377,Manchester,Nimbus Basic,Product Question,high,Web Form,resolved,Premium,6,1625,54.4,175.23,delivery | late,Customer supplied screenshots.
TKT-00159,2025-04-11 10:35:00,Robin Walker,robin.walker@gmail.com,907.981.6320,Bristol,Cobalt Enterprise,Feature Request,Medium,Social Media,pending_customer,Enterprise,2,,,13.48,product question,Customer supplied screenshots.
TKT-01124,17-Dec-2025,Finley Patel,finley.patel85 @example.com,0035-31022064,Bristol,Harbor Essentials,Account Access,MEDIUM,Live Chat,Pending Customer,,6,,,16.13,bug;mobile,Customer requested an update after the first response.
TKT-01512,2024/02/05,Blake Novak,blake.novak@company.co,+44 7853 882304,Toronto,Vertex Analytics,Technical Issue,Low,email,resolved,Enterprise,1,unknown,34.2,68.35,,Follow-up required next business day.
TKT-02311,06/06/2024 18:25, micah brooks ,micah.brooks@company.co,625.865.4778,Birmingham,Cobalt Enterprise,Refund,MEDIUM,Phone,Pending Customer,Standard,5,unknown,,61.36,product question,Escalated to the specialist queue.
TKT-00099,12/27/2025 21:56,Drew Kowalski,drew.kowalski@gmail.com,0085-60228268,Amsterdam,Atlas Pro,Security,MEDIUM,Phone,Resolved,,,,48h,79.28,BILLING;invoice,No additional context provided.
TKT-02270,2025/01/10,Sage Kim,sage.kim@outlook.com,+44 7531 879757,,Orchid Plus,Feature Request,MEDIUM,social,Resolved,Premium,1,unknown,-1,74.52,delivery | late,
TKT-02477,2024-03-29 03:23:00, parker wilson ,parker.wilson7@company.co,+1 (281) 437-8745,Leeds,Nimbus Basic,Technical Issue,Urgent,Web Form,Closed,Free,5,unknown,48h,66.3,"billing,invoice",Customer requested an update after the first response.
TKT-01822,30-Nov-2025,Jordan Wilson,jordan.wilson@mailbox.org,860.572.7021,Dublin,Harbor Essentials,Security,low,social,Closed,,5,1319,48h,83.23,delivery | late,Escalated to the specialist queue.
TKT-01815,08/22/2024 09:02,Casey Petrov,casey.petrov8@company.co,,Berlin,Lumen Starter,Account Access,Medium,PHONE,resolved,Standard,5,-5,,64.23,"billing,invoice",Follow-up required next business day.
TKT-02107,05/14/2024 21:16,Taylor Novak,taylor.novak18@outlook.com,+1 (802) 417-6374,Amsterdam,Nimbus Basic,Delivery,Urgent,chat,Resolved,,5,842,,29.47,refund,Customer requested an update after the first response.
TKT-00561,2025-10-31 12:35:00,Milan Diaz,milan.diaz20@mailbox.org,+44 7043 259000,Birmingham,Cobalt Enterprise,Product Question,Low,web-form,resolved,Free,,1476,,94.94,BILLING;invoice,Customer supplied screenshots.
TKT-01168,09/04/2025 23:20,Jordan Walker,jordan.walker@gmail.com,+1 (965) 584-1876,london,Vertex Analytics,Security,urgent,Email,Open,,5,,-1,110.02,bug;mobile,No additional context provided.
TKT-01689,2024/07/04, jamie okafor ,jamie.okafor18@company.co,765.705.4062,Berlin,Cobalt Enterprise,Delivery,Urgent,Email,Closed,Standard, four,1613,,$94.58,"billing,invoice",Escalated to the specialist queue.
TKT-00252,2026-04-27 07:11:00,Marley Diaz,marley.diaz90@mailbox.org,0085-31366552,,Atlas Pro,Product Question,urgent,Phone,Pending Customer,Enterprise,,unknown,48h,129.48,account;security;urgent,Customer mentioned a previous unresolved ticket.
TKT-02089,10/12/2024 20:34,Kendall Petrov,kendall.petrov@company.co,633.957.4600, BERLIN ,Orchid Plus,Account Access,Urgent,web-form,Pending Customer,Standard,5,802,-1,,,Customer requested an update after the first response.
TKT-00116,2026-02-02 19:59:00,Jordan Turner,jordan.turner46@example.com,+44 7390 514306,New York,Orchid Plus,Technical Issue,Low,Email,OPEN,premium, four,-5,,95.59, BILLING;invoice ,Escalated to the specialist queue.
TKT-01701,2025-02-07 18:25:00,Shawn Santos,shawn.santos@mailbox.org,N/A,Cape Town,Cobalt Enterprise,Account Access,High,Email,pending_customer,premium,,741,48h,98.28,account;security;urgent,Follow-up required next business day.
TKT-00640,08-Jun-2024,Jamie Okafor,jamie.okafor@example.com,,Glasgow,Harbor Essentials,Product Question,Medium,Live Chat,OPEN,premium,5,-5,31.5,,delivery | late,
TKT-00016,2025/03/22,Avery Santos,avery.santos86@outlook.com,778.127.2375,Birmingham,Harbor Essentials,Billing,Low,email,Escalated,,,,,48.07,,No additional context provided.
TKT-00587,2024/07/20,Jamie Kowalski,jamie.kowalski@company.co,+1 (477) 994-1575,london,Harbor Essentials,Billing,low,Live Chat,Escalated,,4,unknown,48h,53.74,bug;mobile,Follow-up required next business day.
TKT-02410,18-Jan-2025,Hayden Fischer,hayden.fischer@example.com,,Glasgow,Harbor Essentials,Feature Request,Urgent,PHONE,Resolved,Free,4,unknown,,15.85,delivery | late,Follow-up required next business day.
TKT-01106,07/24/2024 03:23,Emerson Singh,emerson.singh@gmail.com,+44 7902 569636,Bristol,Harbor Essentials,Security,urgent,chat,Pending Customer,,5,,-1,21.81,login;password,No additional context provided.
TKT-00684,2026-02-03 12:53:00,Emerson Kowalski,emerson.kowalski@gmail.com,0018-27180666,Cape Town,Nimbus Basic,Refund,High,Social Media,Closed,,0,150,-1,105.92,,Escalated to the specialist queue.
TKT-01584,2026-01-11 16:10:00,Jamie Petrov,jamie.petrov77@example.com,+44 7181 756529,Birmingham,Atlas Pro,Billing,High,Phone,pending_customer,premium,5,unknown,,82.39,product question,Customer supplied screenshots.
TKT-01290,2025-10-04 22:00:00,Emerson Patel,emerson.patel80@example.com,001-41143171,Glasgow,Vertex Analytics,Technical Issue,MEDIUM,Email,pending_customer,premium,4,,,0,refund,Customer requested an update after the first response.
TKT-01179,2024-11-24 02:04:00,Micah Kowalski,MICAH.KOWALSKI18@OUTLOOK.COM,+44 7639 766617,Singapore,Lumen Starter,Product Question,MEDIUM,chat,resolved,,1,unknown,52.8,24.63,feature-request,Customer requested an update after the first response.
TKT-00142,01-Mar-2026,Ellis Sullivan,ellis.sullivan66@company.co,0047-88135616,,Mosaic Team,Technical Issue,Low,email,resolved,, four,1167,-1,150.89,product question,Issue reproduced on a mobile device.
TKT-00703,10/28/2024 22:19,Arden Sullivan,arden.sullivan@example.com,N/A,London,Harbor Essentials,Security,High,Web Form,Open,Free, four,-5,48h,40.26,"billing,invoice",
TKT-00065,02/04/2024 02:32,Ellis Singh,ellis.singh@example.com,N/A,Bristol,Orchid Plus,Delivery,Urgent,social,Closed,,0,1131,48h,123.69,account;security;urgent,Customer mentioned a previous unresolved ticket.
TKT-00180,05/15/2024 10:27,Casey Wilson,casey.wilson@outlook.com,+44 7466 274444,Manchester,Cobalt Enterprise,Refund,High,email,pending_customer,premium,3,332,48h,228.61,feature-request,Customer supplied screenshots.
TKT-01622,08-Mar-2026,Hayden Singh,,0088-95498429, BERLIN ,Vertex Analytics,Subscription,low,Web Form,Pending Customer,,3,-5,-1,0,refund,
TKT-01478,01/01/2024 23:52,Avery Kim,avery.kim@company.co,189.774.9855,Leeds,Orchid Plus,Security,high,web-form,pending_customer,Free,5,-5,48h,102.07,delivery | late,Customer requested an update after the first response.
TKT-02739,06/09/2025 11:42,Tatum Nguyen,tatum.nguyen@gmail.com,0063-95631938,Singapore,Nimbus Basic,Account Access,Low,PHONE,resolved,premium,6,-5,19.4,164.48,delivery | late,
TKT-01511,2025/08/05,Milan Morris,milan.morris@company.co,+44 7575 957796,Cape Town,Vertex Analytics,Refund,Urgent,Web Form,Pending Customer,Enterprise,2,1227,48h,16.21,,Escalated to the specialist queue.
TKT-01049,03/01/2024 03:58,Drew Turner,drew.turner@mailbox.org,+44 7216 520637,Toronto,Orchid Plus,Technical Issue,Medium,Live Chat,pending_customer,Premium,,,48h,160.21,BILLING;invoice,No additional context provided.
TKT-02476,14-Sep-2024,Jordan Chen,jordan.chen@example.com,+44 7132 362404,Leeds,Lumen Starter,Billing,MEDIUM,Email,Closed,premium,4,unknown,48h,118.69,login;password,Customer supplied screenshots.
TKT-01388,2024-06-21 05:39:00,Riley Larsen,riley.larsen33@gmail.com,+1 (718) 780-4153,Dublin,Atlas Pro,Refund,High,social,Pending Customer,Standard, four,unknown,-1,164.88,account;security;urgent,Customer requested an update after the first response.
TKT-00450,22-Feb-2026,Micah Bennett,micah.bennett@example.com,,Berlin,Orchid Plus,Technical Issue,High,social,pending_customer,Premium,1,-5,,20.74,BILLING;invoice,Issue reproduced on a mobile device.
TKT-01231,2026/01/17,Finley Walker,finley.walker@company.co,+1 (891) 594-4068,Dublin,Nimbus Basic,Product Question,low,Social Media,Closed,,5,,,48.34,BILLING;invoice,Customer requested an update after the first response.
TKT-01539,05/21/2024 08:48,Reese Ahmed,reese.ahmed@mailbox.org,+1 (683) 545-6537,Manchester,Harbor Essentials,Product Question,Medium,Social Media,Pending Customer,Free,0,unknown,48h,14.65,product question,Issue reproduced on a mobile device.
TKT-02416,2026/01/21,Tatum Morales,tatum.morales23@example.com,+44 7799 715208,Melbourne,Vertex Analytics,Billing,High,Web Form,resolved,premium,4,-5,48h,93.93,BILLING;invoice,
TKT-02261,2025/05/10,Drew Kim,drew.kim@company.co,,Singapore,Vertex Analytics,Billing,Medium,PHONE,pending_customer,Enterprise,,,-1,103.02,,Issue reproduced on a mobile device.
TKT-00290,2025-10-23 14:23:00,Robin Novak,robin.novak@gmail.com,+44 7122 230120,London,Nimbus Basic,Subscription,Medium,chat,Closed,Premium,5,-5,-1,44.75,,Customer requested an update after the first response.
TKT-00193,04/16/2025 22:27,Marley Kowalski,marley.kowalski@company.co,0013-75546384,Manchester,Lumen Starter,Security,Urgent,social,Open,,5,,-1,90.78,"billing,invoice",
TKT-00545,2026-01-07 09:08:00,Morgan Nguyen,,0076-53089333,london,Nimbus Basic,Account Access,Medium,Phone,Closed,Free,1,979,77.9,0,delivery | late,Customer requested an update after the first response.
TKT-01581,2024/05/21,Casey Parker,casey.parker@gmail.com,,Berlin,Lumen Starter,Technical Issue,Low,email,pending_customer,premium,0,,48h,90.03,"billing,invoice",
TKT-01915,11/26/2024 06:43,Quinn Morales,quinn.morales77@mailbox.org,175.447.2526,London,Atlas Pro,Feature Request,Low,Email,Closed,Enterprise,5,,,0,feature-request,
TKT-02619,2026-01-16 21:01:00, finley novak ,finley.novak56@company.co,+1 (296) 523-8227, BERLIN ,Orchid Plus,Refund,Urgent,Web Form,Closed,Standard,2,-5,,104.15,account;security;urgent,Issue reproduced on a mobile device.
TKT-02285,16-Jul-2024,Reese Grant,reese.grant@example.com,+44 7028 405261,Birmingham,Lumen Starter,Security,Medium,PHONE,Pending Customer,premium,1,,-1,53.46,"billing,invoice",Follow-up required next business day.
TKT-02788,04-Mar-2024,Emerson Kim,emerson.kim@outlook.com,0073-91476538,Manchester,Mosaic Team,Billing,high,PHONE,Pending Customer,Premium,5,,91.2,7.71,,Customer requested an update after the first response.
TKT-00008,16-Aug-2025,Jordan Diaz,jordan.diaz@outlook.com,709.169.4853,Austin,Vertex Analytics,Product Question,high,Phone,Closed,Enterprise,6,-5,4.0,121.21,account;security;urgent,Escalated to the specialist queue.
TKT-02601,2025/03/18,Jamie Brooks,jamie.brooks@outlook.com,+1 (549) 783-3807,New York,Harbor Essentials,Account Access,low,Email,Open,Free, four,,-1,0, refund ,
TKT-00340,2024/04/05, rowan walker ,rowan.walker@mailbox.org,+1 (235) 467-7909,Melbourne,Mosaic Team,Billing,low,chat,Closed,,2,unknown,77.2,48.0,account;security;urgent,Customer mentioned a previous unresolved ticket.
TKT-01359,2025-12-07 17:40:00,Parker Sullivan,parker.sullivan@outlook.com,0040-46281304,Cape Town,Mosaic Team,Delivery,low,Phone,pending_customer,Standard,6,-5,48h,0,,
TKT-01673,16-Mar-2025,Emerson Patel,emerson.patel49@outlook.com,,Dublin,Atlas Pro,Delivery,high,Live Chat,Escalated,Standard, four,unknown,48h,57.45,product question,
TKT-00518,15-Jan-2025,Alexis Morales,alexis.morales14@gmail.com,+44 7232 956624,Austin,Lumen Starter,Delivery,High,social,pending_customer,Enterprise,,unknown,57.1,$25.23,BILLING;invoice,Issue reproduced on a mobile device.
TKT-00403,2025-05-06 19:08:00,Alexis Okafor,ALEXIS.OKAFOR10@MAILBOX.ORG,+1 (251) 211-5493,Toronto,Orchid Plus,Product Question,urgent,Web Form,Open,,4,unknown,48h,79.29,login;password,No additional context provided.
TKT-00734,2025-11-01 13:32:00,Shawn Novak,shawn.novak@mailbox.org,683.816.4190,Austin,Harbor Essentials,Subscription,urgent,Phone,OPEN,Premium,2,,16.4,0,bug;mobile,Escalated to the specialist queue.
TKT-01621,2026/02/26,Marley Carter,marley.carter28@company.co,+44 7554 801881,Bristol,Vertex Analytics,Delivery,urgent,email,Pending Customer,Free,5,unknown,-1,85.23,"billing,invoice",
TKT-01675,11/05/2024 11:08,Rowan Ibrahim,rowan.ibrahim@gmail.com,+44 7213 749081,Toronto,Harbor Essentials,Delivery,urgent,Email,Open,Standard,5,1549,-1,167.85,product question,
TKT-00144,28-May-2025,Micah Turner,micah.turner@mailbox.org,,Cape Town,Orchid Plus,Subscription,Low,Web Form,Escalated,, four,,48h,89.15,refund,Customer supplied screenshots.
TKT-00560,2025/06/03,Hayden Nguyen,hayden.nguyen@company.co,314.263.6186,Melbourne,Cobalt Enterprise,Feature Request,Medium,Phone,Pending Customer,Free,3,unknown,,55.85,delivery | late,Customer requested an update after the first response.
TKT-02496,18-Mar-2026,Alexis Meyer,alexis.meyer@example.com,0078-75263829,Melbourne,Vertex Analytics,Technical Issue,Low,web-form,Pending Customer,Standard, four,1001,81.1,123.73,refund,Follow-up required next business day.
TKT-02408,09/05/2025 17:38,Marley Nguyen,marley.nguyen@gmail.com,+44 7457 250326,New York,Nimbus Basic,Delivery,urgent,social,OPEN,premium,1,unknown,48h,124.64,"billing,invoice",Customer supplied screenshots.
TKT-01688,10/18/2025 22:53,Jordan Carter,jordan.carter41@mailbox.org,,Seattle,Nimbus Basic,Feature Request,Low,Phone,OPEN,Premium,5,-5,48h,90.06,account;security;urgent,No additional context provided.
TKT-00060,07/03/2024 04:37,Micah Walker,micah.walker@gmail.com,,Seattle,Orchid Plus,Product Question,Urgent,Live Chat,Resolved,,4,1711,-1,132.65,account;security;urgent,Customer mentioned a previous unresolved ticket.
TKT-00879,2024-06-24 22:37:00,Blake Turner,blake.turner@company.co,,Glasgow,Harbor Essentials,Technical Issue,High,Web Form,Pending Customer,Free,3,-5,-1,78.1,login;password,Follow-up required next business day.
TKT-00012,28-Sep-2024,Taylor Chen,taylor.chen45@gmail.com,+44 7260 146542,Toronto,Orchid Plus,Delivery,high,chat,Pending Customer,premium,2,-5,30.3,53.38,refund,Customer mentioned a previous unresolved ticket.
TKT-02462,2025/12/17,Emerson Wilson,emerson.wilson@mailbox.org,+44 7499 336649,Melbourne,Mosaic Team,Refund,low,Phone,Resolved,premium,6,,-1,119.85,,No additional context provided.
TKT-01786,04/19/2025 22:23,Sage Novak,sage.novak@example.com,+44 7058 300968,Austin,Harbor Essentials,Technical Issue,high,Social Media,Resolved,,4,544,28.7,0,BILLING;invoice,Customer supplied screenshots.
TKT-02123,2025-12-11 12:26:00,Milan Grant,milan.grant@outlook.com,707.146.2659,Amsterdam,Mosaic Team,Delivery,high,email,Open,Premium, four,1275,48h,77.94,,Customer requested an update after the first response.
TKT-01573,2025-09-16 18:02:00,Jamie Ibrahim,jamie.ibrahim@company.co,812.898.7419,Melbourne,Mosaic Team,Subscription,Low,Live Chat,Open,premium,1,unknown,-1,95.15,bug;mobile,Customer supplied screenshots.
TKT-01111,09-Mar-2024,Finley Wilson,finley.wilson@mailbox.org,+1 (885) 267-9069,Cape Town,Atlas Pro,Feature Request,Medium,Email,Open,Premium, four,657,-1,68.51,delivery | late,Customer supplied screenshots.
TKT-00178,2025-01-10 05:58:00,Jamie Larsen,jamie.larsen72@example.com,0075-38158070,New York,Lumen Starter,Subscription,MEDIUM,Live Chat,Escalated,Enterprise,5,unknown,26.8,158.94,account;security;urgent,
TKT-02508,21-Jun-2024,Emerson Larsen,emerson.larsen@example.com,564.394.8088,Manchester,Atlas Pro,Product Question,urgent,social,OPEN,,1,,-1,147.46,,
TKT-01147,03/16/2024 16:59,Ellis Bennett,ellis.bennett@company.co,,Amsterdam,Nimbus Basic,Account Access,MEDIUM,Web Form,OPEN,Free,3,,-1,18.7,,Customer mentioned a previous unresolved ticket.
TKT-02683,2024/08/20,Robin Hughes,robin.hughes@company.co,248.855.7785,Cape Town,Nimbus Basic,Product Question,Urgent,social,OPEN,Enterprise,5,823,-1,60.88,,
TKT-01438,06-Jun-2024,Riley Kim,riley.kim@gmail.com,0021-30455657,Manchester,Vertex Analytics,Security,MEDIUM,Web Form,resolved,, four,,,167.4,"billing,invoice",No additional context provided.
TKT-01319,2024-04-18 02:14:00,Blake Patel,blake.patel51@company.co,+1 (572) 870-6705,Melbourne,Harbor Essentials,Subscription,low,Web Form,OPEN,Free,4,,-1,45.48,"billing,invoice",Issue reproduced on a mobile device.
TKT-01270,2025-06-07 16:49:00,Cameron Chen,cameron.chen@example.com,701.190.7839,Leeds,Orchid Plus,Subscription,Medium,Social Media,OPEN,premium,3,1047,,146.99,BILLING;invoice,Follow-up required next business day.
TKT-00605,09/12/2024 00:05,Marley Singh,marley.singh@gmail.com,N/A,Seattle,Lumen Starter,Delivery,low,Live Chat,Pending Customer,Standard, four,831,33.5,101.74,delivery | late,Issue reproduced on a mobile device.
TKT-00490,2024/05/31,Avery Parker,avery.parker44@example.com,0060-40761227,New York,Cobalt Enterprise,Subscription,high,chat,Closed,Enterprise,0,,-1,127.49,login;password,Customer requested an update after the first response.
TKT-00765,2025-08-29 20:05:00,Reese Sullivan,reese.sullivan71@mailbox.org,,Cape Town,Nimbus Basic,Technical Issue,Low,Web Form,Closed,,,35,44.0,142.21,,Customer requested an update after the first response.
TKT-01426,08-Jun-2025,Quinn Singh,quinn.singh23@mailbox.org,,,Atlas Pro,Billing,High,web-form,Closed,Standard,0,,-1,0,refund,Customer supplied screenshots.
TKT-01282,01-Aug-2025,Cameron Patel,cameron.patel@company.co,577.385.4051,Glasgow,Harbor Essentials,Product Question,Low,PHONE,resolved,Free,3,,,70.61,login;password,Escalated to the specialist queue.
TKT-00748,2025/08/31,Blake Santos,blake.santos@gmail.com,+1 (208) 819-4370,Manchester,Cobalt Enterprise,Technical Issue,Urgent,Web Form,Closed,Enterprise,3,unknown,52.1,37.45,account;security;urgent,Customer supplied screenshots.
TKT-02097,2025/07/13,Sage Morris,sage.morris@example.com,924.429.9452,Amsterdam,Cobalt Enterprise,Product Question,Low,email,Escalated,Standard,5,951,,$115.88,login;password,Follow-up required next business day.
TKT-01896,2024-07-28 02:48:00,Parker Novak,parker.novak97@gmail.com,+1 (552) 587-6868,Leeds,Mosaic Team,Account Access,Low,PHONE,OPEN,,0,-5,,58.65,login;password,Customer supplied screenshots.
TKT-01307,22-May-2025,Micah Kim,micah.kim45@mailbox.org,+1 (330) 462-6936,,Nimbus Basic,Billing,Medium,Social Media,pending_customer,,5,,-1,80.55,,Issue reproduced on a mobile device.
TKT-01677,17-May-2024,Marley Kowalski,marley.kowalski55@company.co,+44 7089 350175,Singapore,Nimbus Basic,Product Question,MEDIUM,chat,Open,,4,unknown,,145.94,refund,Customer requested an update after the first response.
TKT-00081,08/31/2025 02:25,Blake Grant,blake.grant@example.com,+1 (574) 759-3830,Toronto,Nimbus Basic,Feature Request,Urgent,Phone,resolved,Enterprise,1,unknown,-1,66.92,BILLING;invoice,
TKT-00473,2024/05/23,Ellis Ahmed,ellis.ahmed@company.co,0029-36114449,,Orchid Plus,Security,Urgent,Web Form,resolved,premium,5,,48h,0,delivery | late,Escalated to the specialist queue.
TKT-02661,2026-05-06 13:27:00,Quinn Meyer,quinn.meyer@company.co,+1 (396) 299-3381,Birmingham,Cobalt Enterprise,Product Question,Low,Phone,Pending Customer,,2,-5,,14.34,,Issue reproduced on a mobile device.
TKT-01416,04/19/2025 01:54,Jamie Carter,jamie.carter98@gmail.com,205.578.7342,,Cobalt Enterprise,Feature Request,High,social,resolved,Enterprise,0,1253,,130.03,"billing,invoice",Follow-up required next business day.
TKT-00229,01/11/2024 02:31,Hayden Bennett,hayden.bennett@company.co,0026-36551621,Bristol,Cobalt Enterprise,Delivery,low,PHONE,Escalated,Premium,5,1137,17.3,39.66,"billing,invoice",Customer requested an update after the first response.
TKT-00942,03/29/2025 16:54,Casey Chen,casey.chen72@example.com,998.127.4883,Seattle,Mosaic Team,Delivery,High,social,Open,Standard,5,574,-1,126.99,account;security;urgent,Follow-up required next business day.
TKT-01713,2025-02-05 03:15:00,Riley Petrov,riley.petrov53@example.com,+1 (992) 361-3047,Leeds,Orchid Plus,Feature Request,Medium,Email,Closed,Standard,2,unknown,48h,0,bug;mobile,No additional context provided.
TKT-00884,05/11/2024 01:36,Parker Parker,parker.parker74 @mailbox.org,0049-29297925,Berlin,Vertex Analytics,Refund,high,PHONE,Resolved,Standard,6,-5,74.5,$136.43,"billing,invoice",Escalated to the specialist queue.
TKT-01631,2026-02-13 20:22:00,Avery Hansen,AVERY.HANSEN@COMPANY.CO,850.518.4331,Amsterdam,Orchid Plus,Account Access,urgent,Social Media,Closed,,2,unknown,65.2,105.66,feature-request,Customer requested an update after the first response.
TKT-02613,2025-10-10 18:02:00,Sage Hughes,sage.hughes@gmail.com,,Austin,Atlas Pro,Technical Issue,High,Email,Escalated,premium,1,757,27.6,67.92,product question,Escalated to the specialist queue.
TKT-01323,10/16/2024 20:22,Riley Petrov,riley.petrov@gmail.com,145.489.1047,Melbourne,Lumen Starter,Technical Issue,high,Phone,pending_customer,Free,5,427,-1,$75.12,,Follow-up required next business day.
TKT-00254,02/02/2026 12:48,Micah Turner,micah.turner60@example.com,+1 (211) 322-2910,Birmingham,Orchid Plus,Security,Low,chat,pending_customer,Free,6,984,,135.79,,No additional context provided.
TKT-02611,2024-05-25 21:06:00,Ellis Kowalski,ELLIS.KOWALSKI76@EXAMPLE.COM,N/A,Glasgow,Vertex Analytics,Billing,low,chat,OPEN,Enterprise,0,1530,-1,114.83,"billing,invoice",
TKT-01395,2026/03/28,Morgan Wilson,morgan.wilson45@company.co,N/A,Berlin,Orchid Plus,Security,urgent,Web Form,Pending Customer,,4,808,48h,58.91,delivery | late,Customer supplied screenshots.
TKT-00764,22-Jan-2024,Drew Fischer,drew.fischer3@outlook.com,+44 7826 751651,Cape Town,Nimbus Basic,Feature Request,Urgent,Email,Resolved,,6,,48h,73.72,,Customer mentioned a previous unresolved ticket.
TKT-01523,2025-02-17 02:26:00,Cameron Novak,cameron.novak@example.com,,Leeds,Harbor Essentials,Delivery,Low,Phone,Escalated,,1,869,,66.54,,Issue reproduced on a mobile device.
TKT-00766,03-Jan-2026, taylor ibrahim ,,802.198.7297,Berlin,Cobalt Enterprise,Billing,MEDIUM,chat,OPEN,,5,1483,,40.33,BILLING;invoice,Customer mentioned a previous unresolved ticket.
TKT-02695,06/09/2025 11:08,Morgan Grant,morgan.grant@gmail.com,0070-42580492,Cape Town,Nimbus Basic,Billing,Urgent,Email,Resolved,, four,1376,,97.36,product question,Escalated to the specialist queue.
TKT-00594,2025/07/03,Arden Ahmed,arden.ahmed@example.com,669.538.9416,New York,Nimbus Basic,Technical Issue,Low,PHONE,Closed,premium,,778,48h,97.35,account;security;urgent,Follow-up required next business day.
TKT-02486,05-Apr-2024,Alexis Hansen,alexis.hansen82@gmail.com,+44 7555 515551,London,Orchid Plus,Subscription,low,chat,Open,premium,6,,-1,126.28,product question,Customer requested an update after the first response.
TKT-02154,19-May-2026,Alexis Brooks,alexis.brooks@gmail.com,0096-24670279,Amsterdam,Vertex Analytics,Account Access,low,Web Form,Escalated,,4,unknown,,91.69,refund,Customer requested an update after the first response.
TKT-01914,2024/04/10,Casey Chen,casey.chen@company.co,N/A,Leeds,Atlas Pro,Technical Issue,Urgent,Email,OPEN,,6,unknown,,106.55,refund,
TKT-00025,10/25/2025 05:15,Skyler Hansen,skyler.hansen66@outlook.com,0077-78214937,london,Cobalt Enterprise,Refund,high,PHONE,resolved,, four,-5,25.8,49.06,product question,
TKT-02707,2025-12-28 04:26:00,Casey Diaz,casey.diaz@gmail.com,249.125.7704,,Mosaic Team,BILLING,urgent,web-form,Closed,,2,-5,,86.97,refund,Customer supplied screenshots.
TKT-01945,2025/12/12,Riley Patel,riley.patel@gmail.com,858.625.5144,Birmingham,Nimbus Basic,Delivery,MEDIUM,Social Media,Pending Customer,Premium,0,,-1,113.19,feature-request,
TKT-01931,2025-04-01 23:41:00,Emerson Okafor,emerson.okafor1@gmail.com,0019-51661505,Bristol,Lumen Starter,Account Access,High,web-form,Closed,Enterprise,6,133,81.2,11.37,delivery | late,
TKT-00164,2024-02-24 11:43:00,Sage Novak,sage.novak@example.com,+1 (631) 561-5827,Birmingham,Lumen Starter,Product Question,High,social,Closed,Premium,6,348,48h,33.86,refund,
TKT-00635,24-Oct-2024,Hayden Kowalski,hayden.kowalski@gmail.com,N/A,London,Harbor Essentials,Feature Request,high,email,Escalated,premium, four,966,,23.33,,
TKT-00365,26-Nov-2024,Milan Reed,milan.reed@gmail.com,,Seattle,Mosaic Team,Billing,High,Live Chat,Escalated,Enterprise,5,,-1,116.96,"billing,invoice",Escalated to the specialist queue.
TKT-00355,2025/06/12,Jamie Chen,jamie.chen@gmail.com,949.863.6166,London,Vertex Analytics,Delivery,low,Social Media,resolved,Free,6,unknown,-1,77.95,BILLING;invoice,Customer supplied screenshots.
TKT-01330,2024/07/12,Jamie Brooks,jamie.brooks@example.com,533.581.3684,Dublin,Orchid Plus,Product Question,Urgent,web-form,Pending Customer,Free,4,-5,48h,112.0,product question,
TKT-02448,19-Feb-2025,Kendall Wilson,kendall.wilson28@mailbox.org,+44 7757 593782,Austin,Harbor Essentials,Product Question,Low,Social Media,Closed,premium,5,unknown,,66.11,feature-request,Follow-up required next business day.
TKT-02772,03/05/2026 07:02,Casey Fischer,casey.fischer@outlook.com,+44 7326 774016,Seattle,Orchid Plus,Billing,MEDIUM,web-form,Closed,Enterprise,6,unknown,14.7,37.94,"billing,invoice",No additional context provided.
TKT-01057,2024/02/28,Blake Okafor,blake.okafor@mailbox.org,+1 (492) 306-9624,,Cobalt Enterprise,Billing,urgent,chat,resolved,,6,,,77.59,BILLING;invoice,Follow-up required next business day.
TKT-02210,2025/03/01,Jamie Patel,jamie.patel4@example.com,+1 (549) 667-4151,Austin,Nimbus Basic,Billing,Medium,Social Media,resolved,Standard,5,,-1,78.96,account;security;urgent,No additional context provided.
TKT-01489,05/23/2024 17:42,Marley Reed,marley.reed6@outlook.com,+1 (395) 225-7156,Manchester,Cobalt Enterprise,Account Access,Medium,web-form,resolved,Free,3,-5,-1,0,bug;mobile,Customer requested an update after the first response.
TKT-02641,2024-08-12 18:26:00,Quinn Brooks,quinn.brooks@gmail.com,+44 7596 300058,Leeds,Orchid Plus,Refund,Low,Social Media,Closed,,5,1428,56.6,178.51,refund,Customer mentioned a previous unresolved ticket.
TKT-00344,31-Jul-2024,Tatum Kowalski,tatum.kowalski@mailbox.org,,Cape Town,Orchid Plus,Subscription,urgent,Web Form,Pending Customer,,6,-5,-1,51.12,feature-request,Escalated to the specialist queue.
TKT-02608,02/13/2024 01:52,Ellis Brooks,ellis.brooks@company.co,+1 (276) 895-4550,Toronto,Orchid Plus,Technical Issue,Low,email,resolved,premium,3,,56.5,0,refund,Escalated to the specialist queue.
TKT-00532,01-Nov-2024,Marley Chen,marley.chen21@example.com,168.734.7342,Singapore,Mosaic Team,Subscription,Low,chat,Escalated,,6,1643,-1,0,feature-request,Customer mentioned a previous unresolved ticket.
TKT-02083,06/10/2026 04:29,Cameron Morales,cameron.morales@mailbox.org,N/A,,Lumen Starter,Billing,High,PHONE,Resolved,,3,-5,37.9,0,"billing,invoice",
TKT-01176,29-Sep-2024,Casey Okafor,casey.okafor @outlook.com,+44 7935 343938,Leeds,Lumen Starter,Subscription,urgent,social,Pending Customer,Premium,5,1132,64.1,63.56,product question,Follow-up required next business day.
TKT-01776,2026-01-19 14:31:00,Sage Morales,sage.morales26@example.com,008-18856694,london,Harbor Essentials,Delivery,low,web-form,Resolved,premium,2,1366,48h,6.4,BILLING;invoice,Issue reproduced on a mobile device.
TKT-00315,01/26/2024 11:08,Alexis Wilson,alexis.wilson@outlook.com,+1 (501) 836-1510,Birmingham,Nimbus Basic,Delivery,high,web-form,Open,,5,-5,48h,150.8,product question,Customer requested an update after the first response.
TKT-00237,2026-01-20 14:44:00,Finley Santos,finley.santos90@mailbox.org,009-39159454,Cape Town,Mosaic Team,Refund,high,Web Form,OPEN,Free,2,,,0,,Customer requested an update after the first response.
TKT-02605,2025/04/07,Cameron Chen,cameron.chen@outlook.com,+1 (908) 328-6143,New York,Mosaic Team,Feature Request,Low,chat,OPEN,Enterprise,5,unknown,48h,$44.66,bug;mobile,
TKT-00923,14-Oct-2024,Shawn Meyer,shawn.meyer@example.com,368.448.7526,Leeds,Atlas Pro,Product Question,MEDIUM,PHONE,pending_customer,Enterprise,4,-5,48h,86.31,refund,Customer supplied screenshots.
TKT-00096,25-Aug-2025,Micah Patel,micah.patel@example.com,0074-91733516,Toronto,Lumen Starter,Product Question,urgent,Live Chat,Escalated,Standard,6,unknown,48h,0,,No additional context provided.
TKT-02234,07/04/2024 20:26,Drew Petrov,,,Manchester,Atlas Pro,Refund,low,Phone,Escalated,Standard,1,unknown,48h,,refund,Issue reproduced on a mobile device.
TKT-00573,08-Oct-2025,Emerson Meyer,emerson.meyer@example.com,0036-99290377,Glasgow,Orchid Plus,Account Access,Medium,social,Resolved,Premium,1,292,48h,96.98,,Customer supplied screenshots.
TKT-01357,01-Jan-2024,Parker Okafor,parker.okafor@gmail.com,0069-96904926,Berlin,Atlas Pro,Delivery,low,social,Escalated,premium, four,-5,-1,48.96,,Escalated to the specialist queue.
TKT-01943,01-Apr-2026,Hayden Sullivan,hayden.sullivan22@outlook.com,+44 7832 995202,Leeds,Atlas Pro,Billing,low,Email,Open,Enterprise,6,-5,48h,93.8,delivery | late,Follow-up required next business day.
TKT-00610,26-Dec-2024,Drew Santos,drew.santos@gmail.com,+1 (647) 834-2939,Glasgow,Lumen Starter,Delivery,Medium,social,Escalated,premium,5,unknown,-1,161.28,feature-request,Customer requested an update after the first response.
TKT-02388,2025-06-19 08:03:00,Reese Morales,reese.morales28@mailbox.org,+44 7933 783184,,Harbor Essentials,Technical Issue,High,Web Form,Resolved,Enterprise,5,-5,,28.17,"billing,invoice",Follow-up required next business day.
TKT-02343,13-Jul-2025,Sage Ibrahim,sage.ibrahim12@outlook.com,0045-32579477,Amsterdam,Lumen Starter,Technical Issue,Urgent,Phone,Closed,Standard,5,843,7.6,106.06,feature-request,
TKT-00031,2025-11-17 23:46:00,Sage Kowalski,sage.kowalski96@company.co,+44 7961 393328,London,Atlas Pro,Refund,Urgent,Phone,Escalated,Free,2,-5,48h,45.91,"billing,invoice",
TKT-01278,2026/03/04,Emerson Bennett,emerson.bennett@outlook.com,,Bristol,Orchid Plus,Security,Medium,social,Escalated,,5,1061,48h,100.63,bug;mobile,No additional context provided.
TKT-02643,02/24/2024 15:05,Finley Ahmed,finley.ahmed@outlook.com,0091-72534341,Melbourne,Orchid Plus,Refund,High,web-form,pending_customer,,2,709,-1,32.38,account;security;urgent,Escalated to the specialist queue.
TKT-00258,04/17/2024 04:12,Casey Petrov,casey.petrov@outlook.com,+44 7622 203878,Berlin,Atlas Pro,Refund,Urgent,social,OPEN,,0,unknown,,40.08,delivery | late,Customer supplied screenshots.
TKT-01456,06/29/2025 09:42,Robin Reed,robin.reed32@outlook.com,,London,Nimbus Basic,Product Question,high,Live Chat,Open,,6,367,48h,0,login;password,No additional context provided.
TKT-02170,2025-09-03 09:49:00,Quinn Kowalski,quinn.kowalski@example.com,0044-38100070,Singapore,Atlas Pro,Technical Issue,urgent,PHONE,Open,Free, four,,,104.65,refund,
TKT-01853,11/19/2025 22:38,Robin Meyer,robin.meyer79@outlook.com,N/A,Toronto,Orchid Plus,Feature Request,high,chat,Pending Customer,Standard,0,unknown,48h,13.35,bug;mobile,Customer mentioned a previous unresolved ticket.
TKT-00637,2026/05/09,Micah Nguyen,micah.nguyen@gmail.com,,London,Mosaic Team,Product Question,low,Phone,OPEN,premium,6,1100,,124.27,bug;mobile,Follow-up required next business day.
TKT-00441,09/12/2024 01:35,Kendall Nguyen,,209.449.4380,Seattle,Vertex Analytics,Delivery,urgent,PHONE,Closed,Enterprise,2,,-1,100.12,,Follow-up required next business day.
TKT-02027,04/29/2024 22:10,Morgan Petrov,morgan.petrov18@outlook.com,,New York,Orchid Plus,Subscription,high,Email,OPEN,,5,-5,,178.03,delivery | late,
TKT-01028,2024/06/10,Alexis Parker,alexis.parker79@company.co,+44 7220 839094,Birmingham,Lumen Starter,Account Access,Medium,Live Chat,OPEN,,2,1412,-1,85.6,feature-request,Escalated to the specialist queue.
TKT-00221,2024/05/25,Sage Morales,sage.morales@mailbox.org,593.379.5110,Leeds,Lumen Starter,Security,Urgent,social,resolved,,4,-5,,206.31,refund,Issue reproduced on a mobile device.
TKT-00974,2024-04-25 16:43:00,Kendall Reed,kendall.reed@outlook.com,649.340.7108,Berlin,Mosaic Team,TECHNICAL_ISSUE,High,chat,pending_customer,Free,6,963,,43.11,product question,Follow-up required next business day.
TKT-01998,2024-05-12 07:57:00,Kendall Fischer,kendall.fischer14@outlook.com,,New York,Orchid Plus,Feature Request,MEDIUM,social,Open,Premium,0,499,-1,30.5,feature-request,
TKT-01000,2024-09-04 15:42:00,Drew Fischer,,+44 7389 244779,Melbourne,Vertex Analytics,Billing,Low,email,Pending Customer,Standard,5,530,11.1,110.49,login;password,
TKT-01251,2024/02/28,Robin Fischer,robin.fischer@example.com,,Cape Town,Orchid Plus,Security,Medium,web-form,Open,Free,2,-5,78.0,97.2,refund,Issue reproduced on a mobile device.
TKT-00328,11-Mar-2025,Morgan Santos,morgan.santos@mailbox.org,741.922.9594,Seattle,Orchid Plus,Account Access,low,web-form,Escalated,,0,858,-1,122.54,BILLING;invoice,No additional context provided.
TKT-00390,09-Nov-2024,Finley Kowalski,finley.kowalski@outlook.com,+44 7133 754489,Seattle,Lumen Starter,Feature Request,Urgent,PHONE,Closed,Premium, four,,48h,47.27,,Customer mentioned a previous unresolved ticket.
TKT-01100,05-Apr-2026,Ellis Brooks,ellis.brooks38@mailbox.org,N/A,Cape Town,Vertex Analytics,Security,Medium,Email,Escalated,,6,-5,-1,98.06,feature-request,Customer mentioned a previous unresolved ticket.
TKT-00227,15-Apr-2024,Alexis Turner,alexis.turner@example.com,+1 (563) 631-8887, BERLIN ,Orchid Plus,Billing,Urgent,web-form,Resolved,Enterprise,6,,,82.54,feature-request,No additional context provided.
TKT-01826,05-Nov-2025,Emerson Petrov,emerson.petrov@example.com,452.688.9677,Leeds,Orchid Plus,Product Question,Low,Live Chat,Closed,Enterprise,5,-5,-1,$103.31,login;password,
TKT-01959,05-Oct-2025,Kendall Okafor,kendall.okafor@example.com,+44 7401 532448,Melbourne,Nimbus Basic,Refund,MEDIUM,Social Media,Pending Customer,Enterprise,5,1630,6.9,137.08,login;password,Issue reproduced on a mobile device.
TKT-01655,03/04/2024 14:49,Reese Larsen,reese.larsen@outlook.com,+44 7876 752236, BERLIN ,Vertex Analytics,Security,urgent,chat,Open,premium,4,-5,89.0,97.62,BILLING;invoice,No additional context provided.
TKT-00112,04/13/2026 15:26,Taylor Chen,taylor.chen29@company.co,,Glasgow,Nimbus Basic,Account Access,High,web-form,Open,Enterprise,5,unknown,48h,77.54,product question,Follow-up required next business day.
TKT-01868,17-May-2026,Reese Reed,reese.reed@company.co,0013-24926452,Singapore,Vertex Analytics,ACCOUNT_ACCESS,urgent,chat,Pending Customer,, four,,48h,140.97,"billing,invoice",
TKT-01695,02/08/2026 22:35,Jamie Hansen,jamie.hansen@mailbox.org,875.963.3957,Amsterdam,Mosaic Team,Product Question,Urgent,email,Escalated,Enterprise,,unknown,,,,Follow-up required next business day.
TKT-01110,14-Jul-2024,Arden Singh,arden.singh75@company.co,+1 (525) 774-7506,,Vertex Analytics,Subscription,low,social,resolved,Standard,3,,6.2,184.27,product question,
TKT-00204,2025/11/28,Taylor Santos,taylor.santos@outlook.com,+1 (924) 875-8861,Berlin,Orchid Plus,Delivery,high,Live Chat,Resolved,,,-5,12.6,136.96,login;password,Issue reproduced on a mobile device.
TKT-01987,2024-08-11 10:41:00,Jordan Singh,jordan.singh@mailbox.org,,Toronto,Mosaic Team,Refund,Urgent,PHONE,Resolved,premium,1,,,118.88,"billing,invoice",Customer mentioned a previous unresolved ticket.
TKT-00614,06/26/2025 00:32, micah morales ,micah.morales@gmail.com,276.440.5252,Melbourne,Vertex Analytics,Account Access,urgent,Live Chat,Escalated,Premium, four,925,48h,17.1,,No additional context provided.
TKT-00057,2026/05/21,Finley Sullivan,finley.sullivan@mailbox.org,279.725.7643,Berlin,Cobalt Enterprise,Product Question,Low,Social Media,resolved,,2,822,,32.84,login;password,No additional context provided.
TKT-01591,2025-08-31 06:59:00,Avery Okafor,avery.okafor@company.co,+44 7410 743012,London,Cobalt Enterprise,Billing,high,Social Media,Resolved,premium,4,unknown,,20.03,login;password,Follow-up required next business day.
TKT-02741,2026-04-17 15:34:00,Riley Wilson,riley.wilson@company.co,,New York,Mosaic Team,Technical Issue,High,PHONE,Open,Standard,3,876,24.3,101.82,refund,Customer requested an update after the first response.
TKT-02703,09/16/2024 05:58,Emerson Turner,emerson.turner10@outlook.com,N/A,Dublin,Vertex Analytics,Refund,high,Phone,pending_customer,,6,unknown,-1,189.67,refund,Customer supplied screenshots.
TKT-01476,2025/12/26,Shawn Nguyen,shawn.nguyen@gmail.com,,Singapore,Cobalt Enterprise,Feature Request,high,web-form,OPEN,Standard,2,,-1,114.66,refund,Escalated to the specialist queue.
TKT-00289,2024-09-16 20:01:00,Emerson Okafor,emerson.okafor83@company.co,+44 7366 357234,Dublin,Vertex Analytics,Technical Issue,low,social,Open,premium,2,21,,94.45,bug;mobile,
TKT-00378,2024/02/09,Shawn Wilson,shawn.wilson@example.com,445.565.9978,Manchester,Harbor Essentials,Technical Issue,Medium,email,OPEN,,2,1371,48h,89.08,,Follow-up required next business day.
TKT-02344,27-Feb-2025,Arden Morales,arden.morales79@company.co,+1 (317) 830-6721,London,Harbor Essentials,Subscription,low,social,Open,Standard, four,-5,-1,50.07,,Customer mentioned a previous unresolved ticket.
TKT-02540,06/04/2025 18:19,Finley Okafor,finley.okafor@outlook.com,572.826.3274,Austin,Cobalt Enterprise,Subscription,MEDIUM,social,pending_customer,,5,92,48h,82.02,login;password,Escalated to the specialist queue.
TKT-01005,26-Mar-2025,Riley Santos,riley.santos47@mailbox.org,+44 7702 513392,Amsterdam,Mosaic Team,Technical Issue,urgent,social,Closed,premium,6,-5,48h,117.4,,
ticket-01748,2024/04/28,Devon Santos,DEVON.SANTOS@OUTLOOK.COM,+44 7117 602049,,Atlas Pro,Feature Request,urgent,email,Escalated,Premium,3,unknown,-1,106.56,,No additional context provided.
TKT-01508,02/17/2024 22:40,Arden Nguyen,arden.nguyen@example.com,,Singapore,Orchid Plus,Technical Issue,low,Social Media,resolved,Standard,3,-5,48h,131.54,delivery | late,Customer mentioned a previous unresolved ticket.
TKT-00462,2025/03/03,Jamie Brooks,jamie.brooks@mailbox.org,,New York,Orchid Plus,Security,MEDIUM,web-form,Pending Customer,Enterprise,0,,48h,80.94,"billing,invoice",Customer supplied screenshots.
TKT-01552,03-Aug-2024,Blake Sullivan,blake.sullivan@example.com,980.562.9161,Cape Town,Lumen Starter,Delivery,High,chat,pending_customer,Premium,6,112,,67.8,,Follow-up required next business day.
TKT-00362,2024/05/24,Casey Morris,casey.morris17@example.com,+44 7887 875788,Berlin,Cobalt Enterprise,Billing,Low,email,Resolved,Enterprise,3,312,35.2,163.3,bug;mobile,No additional context provided.
TKT-01046,2026/05/31,Riley Sullivan,riley.sullivan52 @company.co,+44 7313 447189,Leeds,Cobalt Enterprise,Delivery,High,Email,resolved,,4,,48h,127.6,account;security;urgent,Customer supplied screenshots.
TKT-00215,2025-08-09 00:10:00,Finley Ibrahim,finley.ibrahim96@mailbox.org,903.934.3293,Singapore,Orchid Plus,Subscription,Urgent,PHONE,Open,Premium,4,-5,48h,61.66,,Customer mentioned a previous unresolved ticket.
TKT-01335,2026/01/26,Milan Santos,milan.santos@outlook.com,0092-30922226,Leeds,Lumen Starter,Delivery,Medium,Email,Open,Premium,4,289,,87.18,BILLING;invoice,Follow-up required next business day.
TKT-00198,2024/04/02,Cameron Fischer,cameron.fischer57@mailbox.org,854.522.6451,Manchester,Orchid Plus,Subscription,High,Email,OPEN,Standard,2,,48h,87.45,account;security;urgent,Escalated to the specialist queue.
TKT-00018,08/02/2025 01:24,Hayden Larsen,,+44 7443 479781,Birmingham,Lumen Starter,Subscription,Urgent,PHONE,OPEN,Premium,5,-5,-1,96.28,refund,Escalated to the specialist queue.
TKT-02241,2024-08-02 05:11:00,Sage Turner,sage.turner80@gmail.com,008-62921716,Bristol,Cobalt Enterprise,Delivery,high,Social Media,Closed,,6,1165,48h,84.82,BILLING;invoice,Customer requested an update after the first response.
TKT-02199,24-May-2025,Riley Larsen,riley.larsen@mailbox.org,+1 (737) 245-8631,london,Orchid Plus,Delivery,high,Web Form,OPEN,Standard,2,-5,,43.72,,Follow-up required next business day.
TKT-00373,01/23/2026 10:01,Alexis Morris,alexis.morris@example.com,351.996.4700, BERLIN ,Mosaic Team,Security,low,email,Closed,Enterprise,4,,23.5,158.81,,Customer mentioned a previous unresolved ticket.
TKT-00544,18-Nov-2024,Marley Larsen,,0023-63860585,,Nimbus Basic,Account Access,Medium,email,Open,Enterprise,4,unknown,-1,158.29,,Customer requested an update after the first response.
TKT-01514,10/20/2025 00:10,Micah Chen,micah.chen14@company.co,+1 (937) 946-2891,Berlin,Nimbus Basic,Account Access,High,chat,Closed,Enterprise,1,164,-1,0,product question,Customer mentioned a previous unresolved ticket.
TKT-02160,2024/12/28,Quinn Nguyen,quinn.nguyen67@outlook.com,+1 (410) 736-5127,New York,Cobalt Enterprise,Billing,high,social,OPEN,Enterprise,5,-5,20.5,109.67,,No additional context provided.
TKT-02127,2024-05-10 16:31:00,Rowan Santos,rowan.santos@example.com,220.278.6324,London,Cobalt Enterprise,Refund,low,Phone,Resolved,,2,717,-1,14.06,bug;mobile,
TKT-01916,04-Jan-2024,Casey Morales,casey.morales6 @gmail.com,+44 7934 690563,Leeds,Vertex Analytics,Security,Medium,chat,Resolved,,1,-5,,49.15,login;password,No additional context provided.
TKT-02550,2024/03/06,Devon Okafor,devon.okafor@example.com,476.152.5064,Austin,Atlas Pro,Technical Issue,Urgent,Web Form,Closed,Premium,3,,48h,193.86,login;password,
TKT-00475,2026-05-03 11:23:00,Milan Kim,milan.kim@outlook.com,0042-37151869,Berlin,Orchid Plus,Technical Issue,low,Live Chat,Resolved,,4,unknown,69.9,169.47,feature-request,Customer requested an update after the first response.
TKT-01907,2025/02/13,Cameron Carter,cameron.carter@outlook.com,+1 (829) 220-2833,London,Nimbus Basic,Refund,Urgent,Web Form,pending_customer,premium,5,-5,48h,0,"billing,invoice",Customer supplied screenshots.
TKT-02414,07/02/2025 15:53,Parker Nguyen,parker.nguyen@mailbox.org,,Seattle,Vertex Analytics,Feature Request,urgent,Social Media,resolved,,5,,48h,,BILLING;invoice,
TKT-01620,04/28/2025T18:18,Avery Kowalski,avery.kowalski94@gmail.com,,Leeds,Vertex Analytics,Product Question,low,Phone,Closed,Free, four,44,48h,142.16,delivery | late,Customer supplied screenshots.
TKT-01612,2026-01-11 06:08:00,Blake Meyer,blake.meyer40@outlook.com,N/A,Toronto,Atlas Pro,Subscription,Urgent,social,pending_customer,Enterprise,3,535,86.0,0,BILLING;invoice,Escalated to the specialist queue.
TKT-02169,04/29/2026 07:04,Alexis Walker,alexis.walker@gmail.com,+44 7009 424345,Cape Town,Orchid Plus,Delivery,MEDIUM,chat,Open,Free,4,493,20.9,66.13,account;security;urgent,Customer mentioned a previous unresolved ticket.
TKT-02000,11/05/2025 15:32,Skyler Novak,skyler.novak@company.co,0026-70893145, BERLIN ,Atlas Pro,Account Access,urgent,Live Chat,Escalated,Enterprise,6,unknown,-1,$38.03,product question,
TKT-00515,05/25/2026 00:11,Micah Grant,micah.grant@company.co,823.192.3260,Glasgow,Orchid Plus,Account Access,urgent,email,Open,Enterprise,6,380,,47.28,product question,Customer mentioned a previous unresolved ticket.
TKT-01432,2024-10-21 16:12:00,Riley Morales,riley.morales@mailbox.org,+44 7842 600702, BERLIN ,Vertex Analytics,Subscription,MEDIUM,email,Pending Customer,Enterprise,6,-5,-1,123.87,delivery | late,Issue reproduced on a mobile device.
TKT-00592,2024-01-26 08:39:00,Reese Parker,reese.parker@outlook.com,362.413.5012,Glasgow,Vertex Analytics,Product Question,Medium,Phone,Resolved,premium,3,,,52.73,BILLING;invoice,Customer mentioned a previous unresolved ticket.
TKT-02542,28-Feb-2026,Taylor Sullivan,taylor.sullivan@company.co,+1 (215) 290-6967,london,Cobalt Enterprise,Feature Request,High,Live Chat,Open,,2,,,9.78,refund,Customer requested an update after the first response.
TKT-01745,01/17/2025 08:23,Ellis Novak,ellis.novak@company.co,,Manchester,Orchid Plus,Refund,MEDIUM,email,Open,Free,5,1658,48h,28.0,BILLING;invoice,Follow-up required next business day.
TKT-02755,2025-04-21 09:28:00,Tatum Santos,TATUM.SANTOS@OUTLOOK.COM,,Manchester,Vertex Analytics,Delivery,high,PHONE,OPEN,premium,5,-5,-1,74.93,,Customer requested an update after the first response.
TKT-00300,2026/06/15,Tatum Morris,tatum.morris@mailbox.org,+1 (512) 287-5871,New York,Atlas Pro,Security,Medium,Phone,Closed,,,-5,48h,113.63,,Customer mentioned a previous unresolved ticket.
TKT-00613,08/20/2024 13:05,Avery Hughes,avery.hughes@outlook.com,+1 (486) 632-8578,Manchester,Vertex Analytics,Technical Issue,urgent,email,Closed,Standard,1,unknown,-1,94.4,,
TKT-02299,05/24/2026 10:59,Skyler Meyer,skyler.meyer98@company.co,,Manchester,Cobalt Enterprise,Feature Request,Urgent,Email,pending_customer,Enterprise,5,,48h,114.77,"billing,invoice",
TKT-00001,16-Oct-2025,Avery Diaz,avery.diaz@outlook.com,,Austin,Nimbus Basic,Technical Issue,high,Live Chat,resolved,,0,unknown,56.7,106.32,,Escalated to the specialist queue.
TKT-02216,2024/08/08,Arden Carter,arden.carter87@example.com,945.245.7557,Melbourne,Vertex Analytics,Subscription,high,social,Resolved,Standard,0,unknown,86.8,93.62,bug;mobile,Issue reproduced on a mobile device.
TKT-02403,2026/06/06,Rowan Morris,rowan.morris14@mailbox.org,506.503.5537,Seattle,Orchid Plus,Subscription,high,social,Resolved,,0,1456,,48.93,account;security;urgent,Issue reproduced on a mobile device.
TKT-00484,2026-06-11 05:33:00,Quinn Parker,quinn.parker@company.co,,Manchester,Orchid Plus,Account Access,Medium,Web Form,Pending Customer,Free,6,1688,-1,90.19,,Issue reproduced on a mobile device.
TKT-01428,2024/06/15,Morgan Walker,morgan.walker20@outlook.com,+1 (766) 576-5714,Austin,Vertex Analytics,Security,High,social,Pending Customer,Free,1,1054,48h,$18.32,BILLING;invoice,Customer mentioned a previous unresolved ticket.
TKT-00908,06/29/2024 06:21,Reese Novak,reese.novak@company.co,0089-88392196,Seattle,Mosaic Team,Technical Issue,High,email,pending_customer,premium,1,unknown,,120.04,bug;mobile,Issue reproduced on a mobile device.
TKT-02785,02/19/2024 09:09,Micah Okafor,micah.okafor@gmail.com,008-83089063,Bristol,Harbor Essentials,Billing,Medium,Web Form,OPEN,Standard,3,1449,48h,52.2,BILLING;invoice,
TKT-00791,31-May-2025,Finley Reed,finley.reed@outlook.com,+44 7347 316015,Manchester,Harbor Essentials,Billing,MEDIUM,email,Closed,,4,,-1,102.63,feature-request,Customer mentioned a previous unresolved ticket.
TKT-02354,2026-02-13 21:51:00,Kendall Hughes,kendall.hughes74@outlook.com,301.676.1265,Toronto,Atlas Pro,Product Question,Low,Live Chat,Pending Customer,Enterprise,0,unknown,-1,3.87,product question,Issue reproduced on a mobile device.
TKT-00239,10/12/2025 17:50,Jamie Singh,,N/A, BERLIN ,Nimbus Basic,Refund,MEDIUM,web-form,Escalated,premium,1,1682,65.3,42.6,BILLING;invoice,Customer supplied screenshots.
TKT-02800,03-Oct-2024,Ellis Reed,ellis.reed@company.co,0098-26075861,Bristol,Harbor Essentials,Delivery,urgent,Live Chat,Closed,,1,1738,,,BILLING;invoice,Issue reproduced on a mobile device.
TKT-00834,2025-04-18 02:37:00,Cameron Meyer,cameron.meyer@example.com,0049-94731443,,Orchid Plus,Refund,high,social,Pending Customer,Premium,6,-5,-1,36.77,"billing,invoice",
TKT-02317,03/27/2024 09:31,Rowan Hansen,rowan.hansen@gmail.com,+44 7363 570005,Berlin,Atlas Pro,Product Question,High,web-form,Escalated,Standard,1,unknown,-1,125.14,product question,Issue reproduced on a mobile device.
TKT-01894,08/11/2025 01:57,Arden Novak,arden.novak@gmail.com,439.126.5454, BERLIN ,Harbor Essentials,Delivery,urgent,web-form,Closed,Free, four,9,40.1,72.97,feature-request,Escalated to the specialist queue.
TKT-01965,2025/11/07,Avery Reed,avery.reed73@mailbox.org,0044-94759763,Manchester,Cobalt Enterprise,Feature Request,Urgent,Web Form,Closed,,5,1626,42.3,109.56,BILLING;invoice,Escalated to the specialist queue.
TKT-02203,28-Jun-2024,Devon Larsen,devon.larsen@example.com,+44 7393 698397,Dublin,Lumen Starter,Refund,Low,Web Form,pending_customer,,5,282,48h,$118.59,product question,Customer requested an update after the first response.
TKT-01668,2025-02-04 23:29:00,Robin Petrov,robin.petrov58@gmail.com,+1 (658) 736-8157,Cape Town,Atlas Pro,Technical Issue,MEDIUM,Web Form,pending_customer,Premium,2,,24.2,51.24,,
TKT-00887,07-Oct-2025,Micah Chen,micah.chen @outlook.com,+44 7842 864183,London,Lumen Starter,Technical Issue,High,Live Chat,Resolved,Premium,5,1800,,111.12,,Follow-up required next business day.
TKT-02163,2025-01-07 18:17:00,Parker Parker,parker.parker @outlook.com,004-43063133,New York,Nimbus Basic,Delivery,Urgent,Email,Closed,Standard,1,unknown,48h,106.4,refund,Customer supplied screenshots.
TKT-00976,2024-07-09 19:03:00,Casey Santos,casey.santos86@company.co,326.184.8217,london,Harbor Essentials,Subscription,Medium,PHONE,Closed,Standard,5,1626,48h,0,,Escalated to the specialist queue.
TKT-02791,31-Mar-2026,Cameron Meyer,cameron.meyer96@company.co,0032-44405099,London,Nimbus Basic,Delivery,Urgent,Social Media,Escalated,,,148,-1,111.73,,Follow-up required next business day.
TKT-02259,03/04/2026 06:46,Blake Hughes,blake.hughes62@company.co,+1 (281) 901-8247,,Harbor Essentials,Subscription,Low,Social Media,Escalated,Free,2,-5,,0,login;password,Customer requested an update after the first response.
TKT-02275,28-Aug-2024,Hayden Novak,hayden.novak@company.co,390.702.6294,Birmingham,Atlas Pro,Security,urgent,Email,pending_customer,Enterprise,2,425,6.1,19.2,product question,Issue reproduced on a mobile device.
TKT-01316,2026-05-07 09:48:00,Sage Reed,sage.reed@gmail.com,,Leeds,Atlas Pro,Account Access,High,Web Form,Resolved,Premium,1,unknown,-1,6.85,"billing,invoice",
TKT-02778,03/21/2025 03:59,Quinn Sullivan,,+44 7002 196669,London,Mosaic Team,Refund,low,Phone,Pending Customer,Standard,4,-5,-1,65.72,delivery | late,No additional context provided.
TKT-00870,10/27/2024 14:04,Morgan Singh,morgan.singh@example.com,+1 (200) 252-8683,London,Orchid Plus,Subscription,MEDIUM,social,pending_customer,Premium,1,100,48h,189.56,BILLING;invoice,Follow-up required next business day.
ticket-01375,2024/06/22,Tatum Petrov,tatum.petrov@example.com,+44 7350 865586,Toronto,Nimbus Basic,Billing,MEDIUM,social,Open,Premium,2,1114,48h,159.91,"billing,invoice",Customer requested an update after the first response.
TKT-00936,2024/12/12,Hayden Hansen,hayden.hansen95@outlook.com,+44 7637 358729,Seattle,Vertex Analytics,Refund,high,Live Chat,Escalated,, four,unknown,-1,51.39,,
TKT-02348,01/10/2025 08:24,Ellis Diaz,ellis.diaz41@gmail.com,0023-35433249, BERLIN ,Cobalt Enterprise,Billing,Urgent,Social Media,Open,Standard,6,1777,67.6,31.55,bug;mobile,Issue reproduced on a mobile device.
TKT-00478,2024-01-06 11:03:00,Reese Reed,reese.reed@example.com,, BERLIN ,Orchid Plus,Refund,low,Web Form,Open,premium,,1025,-1,96.12,,Customer supplied screenshots.
TKT-01547,2024/09/25,Reese Nguyen,reese.nguyen@company.co,,Manchester,Nimbus Basic,Subscription,Low,email,Escalated,premium,,-5,-1,24.09,"billing,invoice",No additional context provided.
TKT-01901,2024-01-23 21:19:00,Sage Hansen,sage.hansen@gmail.com,443.237.3954,,Nimbus Basic,Billing,Urgent,PHONE,Closed,premium,1,,-1,117.33,account;security;urgent,No additional context provided.
TKT-01119,05/08/2025 22:02,Jamie Hughes,jamie.hughes@example.com,N/A,Toronto,Orchid Plus,ACCOUNT_ACCESS,MEDIUM,Web Form,Escalated,premium,2,unknown,-1,90.06,BILLING;invoice,Follow-up required next business day.
TKT-00356,25-Nov-2024,Tatum Santos,tatum.santos72@outlook.com,+1 (650) 480-2750,Toronto,Nimbus Basic,Subscription,High,Live Chat,resolved,, four,unknown,-1,23.86,feature-request,No additional context provided.
TKT-02750,12/13/2024 00:27,Rowan Sullivan,rowan.sullivan18 @gmail.com,+44 7012 810170,Leeds,Cobalt Enterprise,Technical Issue,Urgent,Web Form,OPEN,,1,unknown,48h,67.75,product question,Follow-up required next business day.
TKT-01369,2024-04-29 12:41:00,Quinn Ibrahim,quinn.ibrahim@mailbox.org,+1 (642) 962-3830,,Vertex Analytics,Account Access,low,Email,resolved,,5,1222,48h,54.62,feature-request,Escalated to the specialist queue.
ticket-01288,05-Jan-2025,Emerson Diaz,emerson.diaz17@example.com,+1 (487) 955-7739,Berlin,Orchid Plus,Refund,high,Phone,OPEN,,0,-5,86.2,106.94,feature-request,Follow-up required next business day.
TKT-01526,13-May-2026,Blake Nguyen,blake.nguyen@example.com,218.872.2236,Glasgow,Harbor Essentials,Technical Issue,High,social,Resolved,Standard,4,,-1,138.88,feature-request,Customer requested an update after the first response.
TKT-02308,2025-11-16 04:32:00,Hayden Singh,hayden.singh@example.com,+44 7648 551055,london,Orchid Plus,Subscription,low,Phone,Escalated,Standard,3,1700,,68.92,refund,Issue reproduced on a mobile device.
TKT-01921,2024/01/13,Taylor Walker,taylor.walker@mailbox.org,+44 7240 747161,New York,Cobalt Enterprise,Technical Issue,Medium,PHONE,OPEN,, four,,37.5,0,,
TKT-01718,2024/11/11,Parker Walker,,+44 7569 459065,Singapore,Mosaic Team,Subscription,urgent,email,OPEN,Premium,5,692,8.3,89.48,delivery | late,
TKT-01982,10/09/2024 05:34,Milan Kowalski,milan.kowalski@gmail.com,957.178.1996,Birmingham,Mosaic Team,Account Access,urgent,Email,Closed,premium,2,unknown,48h,3.12,feature-request,Escalated to the specialist queue.
TKT-00631,2024/07/20,Casey Brooks,casey.brooks@gmail.com,,,Vertex Analytics,Account Access,low,Phone,Resolved,Standard,5,879,48h,0,login;password,Issue reproduced on a mobile device.
TKT-01061,2026-04-04 13:07:00,Jordan Kim,jordan.kim95@mailbox.org,+1 (488) 288-9669,Singapore,Harbor Essentials,Security,urgent,PHONE,pending_customer,Enterprise,1,1240,-1,121.44,delivery | late,Issue reproduced on a mobile device.
TKT-02383,2025/08/31,Jamie Bennett,jamie.bennett75@mailbox.org,+44 7762 988105,Cape Town,Vertex Analytics,Refund,low,Social Media,pending_customer,Standard,5,138,-1,97.91,feature-request,No additional context provided.
TKT-01026,02/10/2026 11:49,Jordan Reed,jordan.reed@outlook.com,+1 (452) 388-9445,Amsterdam,Orchid Plus,Subscription,urgent,Web Form,pending_customer,Enterprise,5,621,8.4,103.0,account;security;urgent,Customer supplied screenshots.
TKT-02787,2024-04-23 17:31:00,Drew Morris,drew.morris@company.co,0061-52422588,Leeds,Harbor Essentials,Security,Medium,Web Form,Resolved,,,-5,48h,36.65,feature-request,Follow-up required next business day.
TKT-01025,06-Feb-2024,Rowan Ibrahim,rowan.ibrahim@gmail.com,+44 7534 263220,Berlin,Orchid Plus,Billing,High,Social Media,Closed,Standard,0,189,-1,174.01,product question,
TKT-02595,24-Nov-2025,Skyler Meyer,skyler.meyer66@company.co,+44 7026 183090,london,Cobalt Enterprise,Refund,High,web-form,Open,,4,-5,13.7,125.66,feature-request,
TKT-00145,2025/01/17,Micah Diaz,micah.diaz15@example.com,0015-50952251, BERLIN ,Atlas Pro,Product Question,High,Email,Closed,Standard,0,-5,48h,93.29,delivery | late,Customer requested an update after the first response.
TKT-00581,2026-02-17 05:27:00,Blake Santos,,,,Atlas Pro,Refund,MEDIUM,Phone,OPEN,Enterprise,,1710,48h,97.62,login;password,Customer supplied screenshots.
TKT-02378,30-Jan-2025,Ellis Chen,ellis.chen@mailbox.org,747.147.9893,Singapore,Lumen Starter,Account Access,Urgent,Live Chat,OPEN,,1,516,48h,6.07,"billing,invoice",
TKT-01035,17-Mar-2026,Emerson Morales,emerson.morales@company.co,599.350.5983,Singapore,Mosaic Team,Security,Medium,Email,resolved,Free,6,unknown,48h,52.42,BILLING;invoice,Follow-up required next business day.
TKT-02468,2024/01/02,Marley Diaz,marley.diaz@mailbox.org,,,Harbor Essentials,Security,low,Social Media,Escalated,Standard,5,unknown,-1,81.09,feature-request,Follow-up required next business day.
TKT-01419,09-May-2026,Devon Walker,devon.walker29@gmail.com,+1 (580) 232-5845,Melbourne,Orchid Plus,Subscription,high,Web Form,resolved,,3,687,,163.07,BILLING;invoice,No additional context provided.
TKT-01818,2025-09-04 14:27:00,Micah Hansen,micah.hansen@gmail.com,,Birmingham,Cobalt Enterprise,Account Access,high,Live Chat,pending_customer,Free,5,,48h,39.45,product question,Customer supplied screenshots.
TKT-01516,2024-06-05 10:28:00,Tatum Novak,tatum.novak@gmail.com,,Dublin,Vertex Analytics,Technical Issue,urgent,Email,Pending Customer,,6,1382,34.5,72.3,product question,Issue reproduced on a mobile device.
TKT-02738,2025/03/24,Robin Sullivan,robin.sullivan@gmail.com,+44 7557 230547,Bristol,Lumen Starter,Billing,MEDIUM,Email,pending_customer,Free,,1640,-1,97.83,,Customer supplied screenshots.
TKT-02346,03/18/2025 19:59,Jordan Nguyen,jordan.nguyen63@company.co,+1 (383) 693-5890,Amsterdam,Orchid Plus,Delivery,Medium,PHONE,Closed,,3,1399,48h,139.34,,Customer mentioned a previous unresolved ticket.
TKT-00409,2024/02/09,Micah Grant,micah.grant@example.com,+1 (932) 846-2540,Glasgow,Harbor Essentials,Product Question,high,web-form,Resolved,Premium,0,unknown,-1,85.62,product question,Customer requested an update after the first response.
TKT-01373,03/21/2024 09:16,Drew Patel,drew.patel85@mailbox.org,+1 (755) 656-2003,Manchester,Mosaic Team,Refund,High,chat,Open,Standard,6,unknown,77.4,3.55,refund,
TKT-01967,03/03/2024 13:47,Milan Kowalski,milan.kowalski@outlook.com,+1 (380) 667-3314,london,Vertex Analytics,Technical Issue,urgent,Social Media,Pending Customer,,3,,82.7,68.15,feature-request,Escalated to the specialist queue.
TKT-01063,11/01/2025 17:45,Reese Ibrahim,reese.ibrahim@example.com,0092-24243671,,Harbor Essentials,Delivery,Low,Phone,Closed,Free,0,896,-1,142.18,bug;mobile,No additional context provided.
TKT-02655,08-Feb-2025,Hayden Kim,hayden.kim@outlook.com,+44 7777 979117,london,Harbor Essentials,Security,urgent,social,OPEN,,5,-5,48h,42.82,login;password,
TKT-01540,2024/04/13,Drew Ahmed,drew.ahmed85@company.co,+44 7679 901391,Amsterdam,Atlas Pro,Feature Request,Low,Web Form,Closed,Premium,0,1409,-1,0,,Customer supplied screenshots.
TKT-02546,2026/02/23,Shawn Chen,shawn.chen@mailbox.org,0040-85093511,New York,Orchid Plus,Refund,Low,social,Closed,Standard,0,-5,-1,102.81,BILLING;invoice,
TKT-00108,03-Jun-2025,Sage Walker,sage.walker@gmail.com,N/A,Manchester,Vertex Analytics,Subscription,MEDIUM,web-form,pending_customer,,0,2,48h,88.6,BILLING;invoice,
TKT-01310,2025-02-27 01:29:00,Avery Larsen,avery.larsen47@example.com,+44 7013 107263,Dublin,Atlas Pro,Subscription,Medium,Email,Open,,3,-5,,105.11,BILLING;invoice,Customer supplied screenshots.
TKT-01994,2026/01/01,Ellis Larsen,ellis.larsen@mailbox.org,+1 (281) 367-5405,Leeds,Harbor Essentials,Account Access,low,Social Media,pending_customer,Free,2,unknown,-1,117.96,delivery | late,Customer requested an update after the first response.
TKT-02174,2024/06/04,Robin Meyer,robin.meyer@example.com,,Bristol,Harbor Essentials,Technical Issue,low,Social Media,Resolved,,2,,54.4,87.35,delivery | late,Escalated to the specialist queue.
TKT-00471,2025/04/07,Sage Petrov,sage.petrov@gmail.com,+1 (383) 440-9912,Leeds,Mosaic Team,Feature Request,urgent,Phone,Pending Customer,Premium,,564,92.5,63.87,,
TKT-02469,03/31/2024 23:59,Casey Ibrahim,,0051-32694741,Amsterdam,Cobalt Enterprise,Billing,High,Email,OPEN,Enterprise,2,1267,,116.58,account;security;urgent,Escalated to the specialist queue.
TKT-00742,14-Nov-2025,Taylor Turner,taylor.turner@example.com,+1 (893) 558-6710,Amsterdam,Harbor Essentials,Billing,high,Phone,pending_customer,Standard,2,,-1,8.62,feature-request,Escalated to the specialist queue.
TKT-01208,25-Jan-2024, casey petrov ,casey.petrov@mailbox.org,0018-81973483,Seattle,Nimbus Basic,Delivery,Medium,web-form,Closed,Free,2,676,24.4,42.54,account;security;urgent,
TKT-00758,2025-07-25 02:16:00,Jamie Diaz,jamie.diaz@outlook.com,+44 7415 950497,London,Harbor Essentials,Security,MEDIUM,social,Resolved,,5,735,48h,89.17,,Follow-up required next business day.
TKT-00247,13-Oct-2025,Morgan Okafor,morgan.okafor@example.com,+1 (689) 696-2651,Austin,Cobalt Enterprise,Delivery,MEDIUM,chat,OPEN,premium,1,-5,48h,52.88,feature-request,Customer mentioned a previous unresolved ticket.
TKT-01230,10/07/2025 01:43,Riley Patel,riley.patel@example.com,+1 (825) 989-6845,London,Cobalt Enterprise,Delivery,urgent,chat,Escalated,Standard,5,1305,,200.58,BILLING;invoice,Customer mentioned a previous unresolved ticket.
TKT-02316,2025-02-19 11:00:00,Jamie Wilson,jamie.wilson@company.co,,,Orchid Plus,Delivery,High,Live Chat,pending_customer,Free,3,-5,81.7,102.19,login;password,
TKT-00546,2024/07/25,Parker Novak,parker.novak@gmail.com,+44 7485 326093,Singapore,Cobalt Enterprise,Delivery,Urgent,social,Closed,Standard,6,381,-1,35.17,feature-request,
TKT-00050,2026/06/03,Morgan Carter,morgan.carter34@company.co,0039-74819756,Seattle,Nimbus Basic,Refund,Urgent,PHONE,Open,Premium,1,unknown,,0,feature-request,Escalated to the specialist queue.
TKT-00162,2024-02-01 08:01:00,Emerson Turner,emerson.turner51@company.co,493.963.6902,Singapore,Harbor Essentials,Security,High,PHONE,OPEN,premium,3,277,,122.29,,Customer supplied screenshots.
TKT-02256,2025/12/09,Drew Parker,drew.parker@example.com,873.873.7246,Toronto,Vertex Analytics,Refund,MEDIUM,Web Form,Closed,Free,0,,39.5,$99.00,delivery | late,Escalated to the specialist queue.
TKT-00578,19-Aug-2024,Tatum Wilson,tatum.wilson@company.co,189.852.8851,Singapore,Lumen Starter,Refund,Low,social,Resolved,,3,unknown,56.6,121.4,,Customer supplied screenshots.
TKT-02562,09/27/2024 15:51,Devon Turner,devon.turner@outlook.com,+44 7556 873280,Toronto,Vertex Analytics,Billing,MEDIUM,Email,Closed,Premium,0,,95.3,$83.71,refund,Issue reproduced on a mobile device.
TKT-00068,2025/07/20,Emerson Morales,emerson.morales@company.co,0049-95080736,Birmingham,Cobalt Enterprise,Feature Request,Medium,social,resolved,,2,unknown,48h,134.19,,
TKT-02559,2024/07/25,Robin Diaz,robin.diaz@outlook.com,0090-86421587,Leeds,Mosaic Team,Subscription,Medium,chat,pending_customer,Enterprise,6,933,,97.03,login;password,Escalated to the specialist queue.
TKT-01362,2025-04-12 18:19:00,Hayden Turner,hayden.turner@mailbox.org,009-39890940,,Cobalt Enterprise,Technical Issue,urgent,Live Chat,Resolved,Enterprise,3,587,48h,110.86,delivery | late,Customer supplied screenshots.
TKT-02394,2025/06/27,Sage Kowalski,sage.kowalski@company.co,,Dublin,Mosaic Team,Refund,high,PHONE,resolved,Enterprise,3,131,19.5,43.25,,Follow-up required next business day.
TKT-02391,02/28/2026 13:11,Casey Morris,casey.morris @example.com,847.949.3787,Berlin,Vertex Analytics,Feature Request,low,email,pending_customer,Free,5,,47.9,0,bug;mobile,Customer mentioned a previous unresolved ticket.
TKT-00800,2025-05-23 02:44:00,Drew Santos,drew.santos@mailbox.org,,london,Mosaic Team,Technical Issue,Urgent,PHONE,OPEN,Standard, four,25,-1,80.64,,Customer requested an update after the first response.
TKT-01569,2025/08/27,Cameron Petrov,cameron.petrov95@gmail.com,0029-80084684,,Orchid Plus,Subscription,urgent,Email,OPEN,,6,-5,36.5,0,BILLING;invoice,Issue reproduced on a mobile device.
TKT-00759,2025/08/24,Devon Singh,devon.singh47@outlook.com,0059-74888253,Leeds,Nimbus Basic,Subscription,Urgent,Social Media,Resolved,,2,-5,,31.79,bug;mobile,Customer mentioned a previous unresolved ticket.
TKT-01186,2025/03/28,Tatum Brooks,tatum.brooks55@gmail.com,+44 7615 298942,Cape Town,Cobalt Enterprise,Technical Issue,Low,email,OPEN,,6,unknown,-1,130.74,account;security;urgent,Escalated to the specialist queue.
TKT-01564,2026-04-20 13:15:00,Avery Chen,avery.chen@outlook.com,592.420.9235,,Orchid Plus,Feature Request,high,social,Open,premium,5,1658,-1,127.62,,Follow-up required next business day.
TKT-02050,10-Jun-2025,Marley Okafor,marley.okafor36 @outlook.com,+1 (737) 296-4432,Amsterdam,Orchid Plus,Feature Request,High,Phone,pending_customer,Free,,unknown,-1,87.54,bug;mobile,Follow-up required next business day.
TKT-02356,12/01/2025 17:58,Quinn Brooks,quinn.brooks@mailbox.org,882.838.3389,Cape Town,Orchid Plus,Account Access,low,Phone,Pending Customer,Standard,5,111,29.5,93.37,product question,
TKT-01538,18-Jun-2025,Shawn Sullivan,shawn.sullivan97@company.co,787.586.2089,New York,Harbor Essentials,Feature Request,Medium,Social Media,Open,,,-5,48h,49.7,,Issue reproduced on a mobile device.
TKT-01252,2025/08/11,Parker Patel,parker.patel@example.com,+1 (531) 265-4694,Birmingham,Vertex Analytics,Security,Low,PHONE,pending_customer,Standard,,67,81.7,124.84,"billing,invoice",No additional context provided.
TKT-01532,2024/09/21,Alexis Meyer,,819.208.7352,Toronto,Nimbus Basic,Feature Request,Medium,web-form,OPEN,premium,5,,,0,product question,
TKT-00826,2026-06-17 02:38:00,Cameron Fischer,cameron.fischer @mailbox.org,+1 (983) 807-1621,Amsterdam,Nimbus Basic,Security,urgent,web-form,resolved,Free,4,unknown,79.8,158.94,refund,Customer mentioned a previous unresolved ticket.
TKT-01699,2024-06-02 09:19:00,Parker Morris,parker.morris@gmail.com,754.889.2248,Leeds,Mosaic Team,Feature Request,urgent,PHONE,Escalated,Premium,4,,,107.26,account;security;urgent,
TKT-00645,07/20/2025 16:17,Marley Santos,marley.santos@company.co,,Melbourne,Atlas Pro,Billing,Low,Live Chat,Closed,Premium,5,1667,,65.48,product question,Issue reproduced on a mobile device.
TKT-00006,2024-08-13 00:14:00,Morgan Turner,morgan.turner@example.com,690.584.4981,Austin,Nimbus Basic,Delivery,Urgent,Web Form,pending_customer,Standard,4,unknown,-1,66.12,BILLING;invoice,Issue reproduced on a mobile device.
TKT-01245,2024-08-10 12:59:00,Avery Petrov,avery.petrov@example.com,+1 (347) 973-4323,Toronto,Harbor Essentials,Subscription,MEDIUM,chat,OPEN,Standard,5,1743,-1,43.29,bug;mobile,No additional context provided.
TKT-00620,2025/01/31,Hayden Walker,hayden.walker39@example.com,,London,Mosaic Team,Subscription,MEDIUM,chat,Resolved,Standard,5,unknown,48h,$91.31,account;security;urgent,
TKT-02687,09/09/2024 08:37,Devon Parker,devon.parker5@example.com,0062-61629840,Dublin,Mosaic Team,Product Question,MEDIUM,social,Open,Premium,0,,83.9,104.81,,No additional context provided.
TKT-01306,27-Apr-2024,Milan Morales,milan.morales@example.com,+1 (872) 347-5867,New York,Vertex Analytics,Technical Issue,High,PHONE,OPEN,Free,5,,65.6,29.58,account;security;urgent,
TKT-00793,04/10/2025 07:48,Micah Okafor,micah.okafor@company.co,579.612.6517,Austin,Orchid Plus,Delivery,High,web-form,resolved,Premium,4,unknown,-1,93.94,feature-request,
TKT-00991,14-Feb-2026,Shawn Ahmed,shawn.ahmed@mailbox.org,0021-42311282,Manchester,Atlas Pro,Account Access,Medium,web-form,Pending Customer,Premium,6,533,2.8,,,No additional context provided.
TKT-02664,2026/05/02,Avery Fischer,avery.fischer@mailbox.org,+1 (292) 536-8071,Dublin,Atlas Pro,Technical Issue,low,Social Media,resolved,,,,,26.84,bug;mobile,No additional context provided.
TKT-00009,11/19/2024 02:28,Avery Brooks,avery.brooks@company.co,,Dublin,Cobalt Enterprise,Delivery,low,web-form,pending_customer,Premium,0,-5,28.9,53.18,"billing,invoice",Issue reproduced on a mobile device.
TKT-02082,2025/09/10,Riley Carter,riley.carter@outlook.com,,Amsterdam,Mosaic Team,Technical Issue,urgent,Email,Escalated,,3,unknown,-1,112.07,refund,
TKT-02632,2024/09/26,Micah Singh,micah.singh@company.co,,Birmingham,Cobalt Enterprise,Account Access,Medium,Web Form,OPEN,Enterprise,1,unknown,48h,104.48,bug;mobile,No additional context provided.
TKT-00122,2025/02/19,Milan Walker,milan.walker93@example.com,,Bristol,Atlas Pro,Delivery,high,Phone,Open,Standard,3,-5,48h,28.98,"billing,invoice",Follow-up required next business day.
TKT-00511,29-May-2024,Jordan Ahmed,,,Birmingham,Lumen Starter,Billing,Urgent,web-form,Closed,Premium,0,unknown,68.7,$93.88,refund,Follow-up required next business day.
TKT-00182,31-Dec-2024,Reese Carter,reese.carter@company.co,624.503.4185,Cape Town,Nimbus Basic,Delivery,urgent,chat,pending_customer,Premium,6,,-1,31.86,refund,Escalated to the specialist queue.
TKT-00410,2025/08/22,Devon Petrov,devon.petrov@gmail.com,+1 (539) 636-2796,Bristol,Nimbus Basic,Account Access,High,Phone,Resolved,Enterprise,3,1584,,107.29,,Follow-up required next business day.
TKT-01137,10/20/2024 11:58,Kendall Patel,kendall.patel@gmail.com,+44 7585 335003,Dublin,Cobalt Enterprise,Subscription,MEDIUM,social,Resolved,premium,,277,,144.42,,Escalated to the specialist queue.
TKT-02209,02-Jul-2025,Jamie Kim,jamie.kim@company.co,,Manchester,Nimbus Basic,Technical Issue,Medium,email,OPEN,,1,534,,61.78,delivery | late,
TKT-02792,01/29/2025 20:01,Cameron Grant,cameron.grant@gmail.com,+44 7458 574054,Glasgow,Mosaic Team,Product Question,low,Email,Closed,Free,1,-5,48h,48.34,"billing,invoice",Escalated to the specialist queue.
TKT-01755,2026/01/16,Drew Brooks,drew.brooks49@example.com,+1 (867) 380-6996,Toronto,Nimbus Basic,Product Question,high,email,OPEN,,1,1542,48h,107.12,account;security;urgent,Issue reproduced on a mobile device.
TKT-01441,24-Jan-2024,Kendall Sullivan,kendall.sullivan@mailbox.org,0066-42341292,Toronto,Orchid Plus,Billing,low,Web Form,OPEN,premium,4,,-1,115.46,product question,
TKT-01767,2025/05/03,Ellis Sullivan,ellis.sullivan@example.com,0026-53166747,,Nimbus Basic,Billing,MEDIUM,Web Form,pending_customer,Standard,0,unknown,48h,198.4,bug;mobile,Issue reproduced on a mobile device.
TKT-01311,2025/03/10,Kendall Morales,kendall.morales27@mailbox.org,N/A,New York,Vertex Analytics,Product Question,High,chat,Escalated,premium,3,1504,,77.62,refund,Customer supplied screenshots.
TKT-00389,21-Jan-2024,Robin Morris,robin.morris@outlook.com,0015-99778757,London,Harbor Essentials,Refund,High,Email,Escalated,,2,unknown,-1,131.27,refund,Follow-up required next business day.
TKT-00236,2026/01/30,Rowan Grant,rowan.grant@mailbox.org,+44 7601 312832,Toronto,Mosaic Team,Account Access,high,Web Form,Pending Customer,premium, four,1655,-1,113.87,"billing,invoice",No additional context provided.
TKT-01350,27-Mar-2025,Morgan Wilson,morgan.wilson@outlook.com,,,Atlas Pro,Billing,High,Social Media,Pending Customer,,5,unknown,-1,66.64,account;security;urgent,Follow-up required next business day.
TKT-01158,2025/06/29,Shawn Ibrahim,shawn.ibrahim20@mailbox.org,,Seattle,Lumen Starter,Subscription,Low,Email,pending_customer,,4,,48h,202.88,account;security;urgent,
TKT-02433,2025-12-11 10:32:00,Alexis Ahmed,alexis.ahmed@company.co,371.466.9327,London,Orchid Plus,Account Access,urgent,Live Chat,Pending Customer,Standard,6,258,10.5,77.7,,Customer supplied screenshots.
TKT-00465,01/12/2025 07:31,Jamie Sullivan,jamie.sullivan@outlook.com,+44 7906 246518,Birmingham,Lumen Starter,Billing,high,web-form,Closed,Free,5,41,-1,72.82,,Customer requested an update after the first response.
TKT-01053,2025/12/17,Jordan Santos,jordan.santos@outlook.com,+1 (558) 795-1147, BERLIN ,Vertex Analytics,Account Access,Medium,Phone,Resolved,premium,1,522,-1,106.17,product question,
TKT-00859,2026-01-21 08:50:00,Parker Ibrahim,parker.ibrahim84@company.co,0078-86813030,Dublin,Atlas Pro,Subscription,Medium,PHONE,pending_customer,Enterprise,4,,40.1,48.63,bug;mobile,No additional context provided.
TKT-02320,22-May-2026,Morgan Grant,morgan.grant@outlook.com,+44 7107 852414,Bristol,Harbor Essentials,Feature Request,low,Live Chat,OPEN,,0,943,-1,18.49,BILLING;invoice,
TKT-01875,2025-07-27 16:38:00,Tatum Ibrahim,tatum.ibrahim@company.co,,Berlin,Harbor Essentials,Technical Issue,low,Email,OPEN,,2,unknown,-1,151.07,"billing,invoice",Customer requested an update after the first response.
TKT-02289,02/04/2025 10:54,Marley Fischer,marley.fischer@example.com,+1 (357) 262-5339,Birmingham,Nimbus Basic,Feature Request,Low,web-form,Pending Customer,,3,unknown,-1,46.14,"billing,invoice",Follow-up required next business day.
TKT-00781,12/21/2025 06:52,Casey Hughes,casey.hughes6@example.com,+44 7752 235075, BERLIN ,Mosaic Team,Billing,high,Email,Closed,premium,2,687,86.5,88.77,BILLING;invoice,Customer requested an update after the first response.
TKT-00930,13-Jul-2025,Cameron Ibrahim,cameron.ibrahim@company.co,+1 (520) 412-2183,Bristol,Atlas Pro,Security,Medium,Social Media,Closed,Premium,3,813,63.1,75.38,"billing,invoice",No additional context provided.
TKT-02524,07/10/2024 19:20,Blake Santos,blake.santos@gmail.com,,Melbourne,Orchid Plus,Delivery,urgent,Social Media,Open,,3,,,61.76,product question,No additional context provided.
TKT-02297,05-Nov-2024,Robin Kowalski,robin.kowalski6@company.co,0033-86928089,Austin,Mosaic Team,Account Access,low,social,Escalated,,,unknown,48h,102.01,account;security;urgent,Issue reproduced on a mobile device.
TKT-02054,2025-06-02 03:25:00,Micah Ibrahim,micah.ibrahim@outlook.com,+44 7461 837428,Dublin,Orchid Plus,Subscription,low,Web Form,Resolved,,6,,-1,62.3,refund,Customer mentioned a previous unresolved ticket.
TKT-01798,09/03/2025 20:22,Shawn Okafor,shawn.okafor15@company.co,,Bristol,Lumen Starter,Product Question,Low,Live Chat,Closed,Enterprise,2,-5,,35.22,,
TKT-02609,14-Dec-2025,Marley Patel,marley.patel79@example.com,+1 (432) 255-6846,Manchester,Cobalt Enterprise,Refund,MEDIUM,web-form,OPEN,,5,629,,,feature-request,Escalated to the specialist queue.
TKT-02531,2024-05-29 06:34:00,Micah Diaz,micah.diaz45@outlook.com,275.783.2707,Dublin,Atlas Pro,Account Access,high,Social Media,Resolved,premium,,,-1,,account;security;urgent,
TKT-01773,2025-12-26 11:43:00,Robin Sullivan,robin.sullivan@outlook.com,814.368.9319,Leeds,Mosaic Team,Product Question,High,Live Chat,Escalated,Enterprise,,,70.8,44.75,feature-request,Escalated to the specialist queue.
TKT-00953,2024/10/17,Riley Fischer,riley.fischer@company.co,003-76231055,,Cobalt Enterprise,Security,urgent,Live Chat,Pending Customer,Premium,6,,-1,10.17,"billing,invoice",Customer mentioned a previous unresolved ticket.
TKT-00051,2025/04/05,Riley Patel,riley.patel@example.com,0021-76876068,London,Nimbus Basic,Security,High,Social Media,resolved,,2,unknown,,96.82,refund,
TKT-01479,25-Oct-2025, quinn reed ,quinn.reed48@outlook.com,0050-53526463,Birmingham,Orchid Plus,Account Access,high,chat,Closed,, four,591,87.5,30.19,feature-request,
TKT-02323,2024/01/24,Taylor Reed,taylor.reed@example.com,+1 (949) 527-1885,Seattle,Orchid Plus,Technical Issue,MEDIUM,PHONE,Pending Customer,Premium, four,unknown,48h,,account;security;urgent,Escalated to the specialist queue.
TKT-01766,06/15/2024 00:22,Taylor Hansen,taylor.hansen@company.co,0046-53390531,Singapore,Orchid Plus,Product Question,low,Web Form,OPEN,Enterprise,2,1283,-1,32.62,"billing,invoice",No additional context provided.
TKT-00487,2026/03/08,Milan Reed,milan.reed@example.com,+1 (634) 567-6351,london,Lumen Starter,Billing,High,social,Resolved,Enterprise,2,1596,-1,43.44,feature-request,Customer supplied screenshots.
TKT-01670,2026-01-31 08:03:00,Hayden Brooks,hayden.brooks@outlook.com,005-26175587,London,Mosaic Team,Security,urgent,Email,Closed,,6,unknown,-1,109.07,BILLING;invoice,Escalated to the specialist queue.
TKT-00682,2025-03-19 13:16:00,Avery Brooks,avery.brooks@mailbox.org,+1 (598) 380-3004,Bristol,Mosaic Team,Feature Request,Medium,Social Media,Open,Standard,,-5,11.2,16.9,delivery | late,Customer supplied screenshots.
TKT-01209,2025/06/09,Hayden Diaz,hayden.diaz@example.com,,Cape Town,Vertex Analytics,Billing,High,email,Pending Customer,,4,1644,,1.86,product question,No additional context provided.
TKT-02709,04/20/2026 22:10,Quinn Parker,quinn.parker57@company.co,612.617.9589,,Lumen Starter,Security,urgent,Email,Pending Customer,,2,-5,-1,59.67,bug;mobile,Customer requested an update after the first response.
TKT-02645,06/12/2026 05:20,Hayden Wilson,hayden.wilson@example.com,009-16349821,Leeds,Orchid Plus,Account Access,MEDIUM,web-form,resolved,Standard, four,unknown,-1,19.07,,No additional context provided.
TKT-00999,2025-09-01 17:04:00,Arden Morris,arden.morris@company.co,160.195.9382,Seattle,Nimbus Basic,Subscription,Low,Email,Escalated,Premium,5,280,48h,47.59,feature-request,Issue reproduced on a mobile device.
TKT-02353,29-Jul-2025,Casey Sullivan,casey.sullivan@company.co,+1 (651) 297-7843,,Nimbus Basic,Technical Issue,low,Social Media,Escalated,Premium,1,,65.0,116.6,"billing,invoice",Customer requested an update after the first response.
TKT-02171,2025/07/12,Alexis Santos,alexis.santos@outlook.com,881.134.8723,Amsterdam,Lumen Starter,Subscription,High,Phone,Open,Free,5,1755,68.3,133.3,"billing,invoice",Follow-up required next business day.
TKT-01790,11/04/2025 07:13,Reese Sullivan,reese.sullivan@outlook.com,,Birmingham,Harbor Essentials,Technical Issue,high,chat,resolved,Premium,4,206,76.1,152.72,feature-request,Escalated to the specialist queue.
TKT-00234,07/11/2024 14:38,Micah Turner,micah.turner@gmail.com,002-77082048,Austin,Mosaic Team,Security,Urgent,chat,Open,premium, four,unknown,48h,43.16,login;password,Customer supplied screenshots.
TKT-00830,2025/08/29,Ellis Kowalski,,N/A,Cape Town,Vertex Analytics,Feature Request,urgent,Phone,Closed,Enterprise,1,-5,95.3,63.5,account;security;urgent,Follow-up required next business day.
TKT-01453,2026-06-16 03:02:00,Taylor Hansen,taylor.hansen46@example.com,+1 (357) 416-2132,Cape Town,Orchid Plus,Technical Issue,MEDIUM,Live Chat,Resolved,,,unknown,32.6,92.24,,Escalated to the specialist queue.
TKT-00448,2025/08/31,Robin Morris,robin.morris@mailbox.org,300.515.5842,,Orchid Plus,Billing,High,web-form,Escalated,,,-5,,27.31,account;security;urgent,Issue reproduced on a mobile device.
TKT-01647,06/25/2025 13:25,Jordan Morales,jordan.morales38@company.co,+1 (420) 568-7002,Birmingham,Mosaic Team,Refund,low,social,pending_customer,Free,6,,48h,68.71,feature-request,Escalated to the specialist queue.
TKT-00841,03-Feb-2026,Ellis Meyer,ellis.meyer@company.co,+44 7566 575251,Bristol,Harbor Essentials,Delivery,MEDIUM,PHONE,Pending Customer,Free,4,unknown,-1,76.28,login;password,Escalated to the specialist queue.
TKT-00203,07/06/2024 01:13,Skyler Sullivan,skyler.sullivan@mailbox.org,+1 (241) 652-6841,Birmingham,Vertex Analytics,Subscription,Medium,email,Resolved,Premium,4,583,48h,138.57,bug;mobile,Customer requested an update after the first response.
TKT-02560,07/19/2025T02:24,Alexis Reed,alexis.reed59@gmail.com,+1 (761) 294-3554,Bristol,Atlas Pro,Refund,Urgent,chat,Pending Customer,Enterprise,1,1417,48h,129.83,delivery | late,Customer requested an update after the first response.
TKT-00611,20-May-2024,Sage Parker,SAGE.PARKER@OUTLOOK.COM,0041-40686623,New York,Nimbus Basic,Technical Issue,Low,email,Resolved,, four,,-1,114.99,bug;mobile,Follow-up required next business day.
TKT-02749,2025-07-03 20:33:00,Parker Ahmed,parker.ahmed@mailbox.org,+1 (319) 758-8084,Amsterdam,Cobalt Enterprise,Security,High,Phone,Open,Standard,1,,-1,100.25,"billing,invoice",Follow-up required next business day.
TKT-01145,2025-08-07 21:15:00,Robin Carter,robin.carter40@gmail.com,+44 7968 142698,Amsterdam,Vertex Analytics,Refund,Medium,Social Media,Pending Customer,Premium, four,999,48h,69.48,"billing,invoice",
TKT-02417,2025/06/15,Robin Santos,robin.santos @example.com,0091-50772346,,Orchid Plus,Feature Request,Low,chat,resolved,Free, four,327,48h,109.33,product question,Issue reproduced on a mobile device.
TKT-00049,11/27/2025 17:39,Hayden Hughes,hayden.hughes82@company.co,0022-31738837,,Orchid Plus,Account Access,MEDIUM,social,Resolved,,0,583,48h,97.9,account;security;urgent,Issue reproduced on a mobile device.
TKT-00773,21-Nov-2024,Quinn Diaz,quinn.diaz@gmail.com,+1 (659) 635-2523,Seattle,Mosaic Team,Refund,MEDIUM,Email,Open,Premium,,unknown,-1,113.78,product question,Customer requested an update after the first response.
TKT-01849,2025/06/28,Robin Santos,robin.santos@outlook.com,+1 (886) 265-1219,Melbourne,Cobalt Enterprise,Refund,high,Web Form,OPEN,,2,-5,48h,132.32,"billing,invoice",Issue reproduced on a mobile device.
TKT-01232,12-Mar-2026, milan turner ,milan.turner49@company.co,+1 (977) 981-7297,Cape Town,Atlas Pro,Refund,Medium,web-form,Pending Customer,Premium,3,unknown,90.4,3.66,bug;mobile,Customer mentioned a previous unresolved ticket.
