ticket_id,created_at,customer_name,email,phone,city,product,issue_category,priority,channel,status,customer_tier,satisfaction_rating,first_response_minutes,resolution_time_hours,refund_amount,tags,agent_notes
TKT-02552,2025-06-05 21:31:00,Sage Larsen,sage.larsen@outlook.com,+13698448432,Bristol,Atlas Pro,Subscription,Medium,Email,Pending Customer,Enterprise,2,,32,0,Account | Security | Urgent,Follow-up required next business day.
TKT-01140,2025-07-18 15:05:00,Casey Sullivan,casey.sullivan@outlook.com,+6550823438,Seattle,Atlas Pro,Subscription,Low,Email,Open,,,,,117.56,Delivery | Late,Customer mentioned a previous unresolved ticket.
TKT-01368,2025-03-02 00:00:00,Devon Morris,devon.morris@mailbox.org,+5479772205,London,Vertex Analytics,Account Access,Low,Email,Open,Free,4,1521.0,48,27.67,Billing | Invoice,Follow-up required next business day.
TKT-02723,2026-01-22 12:42:00,Kendall Bennett,kendall.bennett@outlook.com,,Austin,Orchid Plus,Refund,High,Live Chat,Open,Premium,4,,48,20.76,Billing | Invoice,Customer mentioned a previous unresolved ticket.
TKT-00809,2025-08-01 13:52:00,Riley Santos,riley.santos@mailbox.org,,Dublin,Vertex Analytics,Product Question,Low,Live Chat,Resolved,,3,385.0,,148.07,Bug | Mobile,Follow-up required next business day.
TKT-01178,2025-12-02 01:56:00,Parker Reed,parker.reed@gmail.com,+16977854460,New York,Lumen Starter,Subscription,Urgent,Phone,Resolved,,5,1061.0,46,73.59,,No additional context provided.
TKT-01077,2025-12-30 00:00:00,Sage Larsen,sage.larsen@example.com,+447225564388,Austin,Harbor Essentials,Product Question,Urgent,Social,Open,Enterprise,5,,,0.00,Product Question,Customer requested an update after the first response.
TKT-01567,2024-04-06 04:04:00,Avery Kim,avery.kim@outlook.com,,Berlin,Atlas Pro,Product Question,Low,Live Chat,Open,,,13.0,3,82.68,Bug | Mobile,Customer requested an update after the first response.
TKT-00796,2024-11-16 10:42:00,Robin Patel,robin.patel@gmail.com,+14613028019,Birmingham,Vertex Analytics,Delivery,Medium,Live Chat,Escalated,Premium,5,,,136.92,Delivery | Late,Customer supplied screenshots.
TKT-02145,2024-05-26 12:14:00,Parker Meyer,parker.meyer43@outlook.com,,London,Nimbus Basic,Technical Issue,Urgent,Email,Escalated,Standard,3,,,66.72,Login | Password,
TKT-02245,2024-04-18 09:32:00,Sage Carter,sage.carter@mailbox.org,,Berlin,Lumen Starter,Delivery,Low,Social,Pending Customer,Free,5,,,167.95,Refund,Customer supplied screenshots.
TKT-00270,2026-04-26 00:00:00,Micah Ahmed,micah.ahmed@example.com,+18142131153,Bristol,Atlas Pro,Billing,Medium,Web-Form,Closed,Free,,,48,86.19,Login | Password,
TKT-00111,2024-08-02 21:18:00,Devon Okafor,devon.okafor@outlook.com,,Berlin,Orchid Plus,Billing,Low,Web-Form,Resolved,Premium,4,,,0,Bug | Mobile,No additional context provided.
TKT-00843,2025-09-10 22:08:00,Jordan Ibrahim,jordan.ibrahim@example.com,,New York,Orchid Plus,Delivery,Low,Live Chat,Resolved,,,,93,17.25,Bug | Mobile,Customer requested an update after the first response.
TKT-01613,2026-01-21 00:00:00,Blake Parker,blake.parker@example.com,,Seattle,Nimbus Basic,Refund,High,Social,Pending Customer,Standard,1,,48,127.57,Account | Security | Urgent,
TKT-01730,2025-05-01 09:58:00,Marley Meyer,marley.meyer41@gmail.com,+18056701369,Singapore,Harbor Essentials,Subscription,High,Web-Form,Open,Premium,5,,48,180.1,,Follow-up required next business day.
TKT-01312,2025-08-19 00:00:00,Ellis Larsen,ellis.larsen83@gmail.com,,London,Cobalt Enterprise,Refund,Urgent,Email,Escalated,Free,,,48,123.98,Account | Security | Urgent,Issue reproduced on a mobile device.
TKT-01458,2026-04-22 16:38:00,Robin Diaz,robin.diaz@mailbox.org,+19367011523,,Lumen Starter,Product Question,Urgent,Web-Form,Pending Customer,Premium,4,1143.0,48,99.96,Billing | Invoice,Escalated to the specialist queue.
TKT-02318,2024-09-16 00:00:00,Avery Carter,avery.carter@company.co,+15014033283,Toronto,Atlas Pro,Refund,Medium,Live Chat,Open,,4,1459.0,48,45.05,Delivery | Late,
TKT-01007,2025-02-22 00:00:00,Devon Bennett,devon.bennett@outlook.com,,Berlin,Orchid Plus,Subscription,High,Phone,Pending Customer,,3,1782.0,,128.24,Refund,Escalated to the specialist queue.
TKT-00616,2024-03-26 11:10:00,Alexis Parker,alexis.parker@gmail.com,+16127098591,Melbourne,Orchid Plus,Subscription,Urgent,Phone,Resolved,,5,,82,86.11,Refund,Customer supplied screenshots.
TKT-02296,2024-12-04 00:00:00,Finley Okafor,finley.okafor@outlook.com,+17786758185,Bristol,Cobalt Enterprise,Subscription,Low,Web-Form,Resolved,Free,2,,34,107.74,Account | Security | Urgent,
TKT-01731,2025-03-10 02:51:00,Quinn Walker,quinn.walker17@example.com,+447403845763,Birmingham,Harbor Essentials,Refund,Urgent,Social,Resolved,Premium,,,,66.71,Refund,
TKT-00667,2026-04-26 00:00:00,Casey Ibrahim,casey.ibrahim@gmail.com,+15616389946,Cape Town,Lumen Starter,Security,Low,Email,Open,,,1738.0,37,64.98,Bug | Mobile,No additional context provided.
TKT-00582,2025-08-22 00:00:00,Parker Ahmed,parker.ahmed12@outlook.com,,Austin,Cobalt Enterprise,Technical Issue,Urgent,Live Chat,Resolved,Premium,2,1180.0,76,56.16,Account | Security | Urgent,Customer supplied screenshots.
TKT-00572,2024-01-01 07:15:00,Jordan Singh,jordan.singh@outlook.com,,Berlin,Harbor Essentials,Account Access,High,Email,Resolved,Free,,,48,171.2,Account | Security | Urgent,
TKT-00924,2024-07-02 10:47:00,Marley Fischer,marley.fischer@company.co,+16072429592,Cape Town,Mosaic Team,Technical Issue,Medium,Live Chat,Open,Standard,5,,48,,Billing | Invoice,Customer mentioned a previous unresolved ticket.
TKT-01463,2024-12-06 00:00:00,Kendall Meyer,kendall.meyer89@gmail.com,+15375361730,Dublin,Orchid Plus,Security,Low,Phone,Closed,,5,,,67.5,Account | Security | Urgent,Customer mentioned a previous unresolved ticket.
TKT-00648,2025-02-22 13:57:00,Taylor Hansen,taylor.hansen56@company.co,+13539146035,London,Harbor Essentials,Delivery,High,Live Chat,Pending Customer,Premium,3,653.0,,76.01,,Issue reproduced on a mobile device.
TKT-01727,2025-06-23 00:00:00,Blake Kim,blake.kim@mailbox.org,,Seattle,Lumen Starter,Feature Request,Urgent,Live Chat,Open,,2,,48,49.52,Product Question,Issue reproduced on a mobile device.
TKT-02338,2024-01-23 00:00:00,Sage Hansen,sage.hansen@mailbox.org,+4530159075,Birmingham,Cobalt Enterprise,Billing,High,Social,Open,Premium,,1456.0,,81.74,,Issue reproduced on a mobile device.
TKT-02098,2025-12-03 00:00:00,Drew Novak,drew.novak@example.com,+447680163744,New York,Nimbus Basic,Delivery,High,Phone,Resolved,,,,48,20.05,Billing | Invoice,No additional context provided.
TKT-01830,2024-02-07 17:18:00,Milan Singh,milan.singh30@gmail.com,+447476591147,Toronto,Vertex Analytics,Technical Issue,Urgent,Phone,Pending Customer,,1,,48,80.04,Billing | Invoice,Follow-up required next business day.
TKT-01792,2025-05-25 06:04:00,Rowan Patel,rowan.patel@example.com,+14337427508,Melbourne,Mosaic Team,Security,High,Social,Open,Standard,4,221.0,11,85.33,Delivery | Late,No additional context provided.
TKT-00886,2024-10-20 00:00:00,Sage Kim,sage.kim@company.co,+15753462010,Austin,Orchid Plus,Billing,Urgent,Email,Pending Customer,Enterprise,5,199.0,,180.57,Feature-Request,
TKT-00073,2026-03-30 05:36:00,Arden Diaz,arden.diaz@mailbox.org,+16734377636,Dublin,Harbor Essentials,Technical Issue,Low,Phone,Resolved,Premium,4,,,77.03,Billing | Invoice,Issue reproduced on a mobile device.
TKT-01080,2025-08-11 18:07:00,Reese Morris,reese.morris@gmail.com,,Toronto,Nimbus Basic,Account Access,Medium,Social,Pending Customer,Premium,2,179.0,48,125.76,Login | Password,No additional context provided.
TKT-00408,2024-05-03 00:00:00,Casey Ahmed,casey.ahmed@example.com,+3956059442,Melbourne,Nimbus Basic,Security,Medium,Phone,Resolved,Enterprise,,,,71.17,Feature-Request,Customer requested an update after the first response.
TKT-00706,2025-10-05 04:23:00,Sage Carter,sage.carter11@mailbox.org,+447774461080,Austin,Cobalt Enterprise,Refund,Urgent,Email,Closed,,,238.0,,112.33,Bug | Mobile,Customer mentioned a previous unresolved ticket.
TKT-02483,2025-07-16 00:00:00,Tatum Turner,tatum.turner16@gmail.com,+447058440564,Leeds,Harbor Essentials,Delivery,High,Email,Resolved,Free,5,1456.0,76,188.59,Account | Security | Urgent,Customer mentioned a previous unresolved ticket.
TKT-00947,2025-06-24 06:59:00,Micah Larsen,micah.larsen57@outlook.com,+9957146553,New York,Vertex Analytics,Security,Low,Web-Form,Open,Enterprise,1,,,0,Login | Password,Follow-up required next business day.
TKT-01363,2026-04-22 00:53:00,Emerson Brooks,emerson.brooks@gmail.com,+447812988975,Austin,Lumen Starter,Security,Urgent,Email,Open,Premium,5,,,85.58,Delivery | Late,Issue reproduced on a mobile device.
TKT-00370,2025-06-15 22:47:00,Rowan Carter,rowan.carter14@company.co,+12973204909,Glasgow,Atlas Pro,Refund,Medium,Social,Open,,,,83,36.48,Billing | Invoice,Customer mentioned a previous unresolved ticket.
TKT-00020,2024-11-09 08:34:00,Parker Patel,parker.patel@mailbox.org,+447283859782,London,Nimbus Basic,Billing,Low,Phone,Pending Customer,Enterprise,5,369.0,,1.32,Account | Security | Urgent,No additional context provided.
TKT-02711,2025-09-20 00:00:00,Avery Fischer,avery.fischer@mailbox.org,+17167567178,New York,Vertex Analytics,Subscription,Urgent,Email,Pending Customer,Premium,3,,,33.99,Feature-Request,Escalated to the specialist queue.
TKT-00279,2024-03-26 00:00:00,Emerson Petrov,emerson.petrov34@gmail.com,+14509161130,Austin,Nimbus Basic,Refund,Medium,Social,Pending Customer,Standard,,,,82.84,Billing | Invoice,Customer mentioned a previous unresolved ticket.
TKT-01001,2024-03-18 00:00:00,Cameron Sullivan,cameron.sullivan@mailbox.org,+17852396176,Austin,Cobalt Enterprise,Delivery,Urgent,Email,Pending Customer,Enterprise,4,,48,155.96,Billing | Invoice,
TKT-01269,2026-06-17 07:58:00,Arden Diaz,arden.diaz@gmail.com,+4756352804,Birmingham,Harbor Essentials,Feature Request,Urgent,Live Chat,Resolved,Standard,,71.0,,38.55,Billing | Invoice,Follow-up required next business day.
TKT-00201,2024-09-25 08:02:00,Alexis Brooks,,+13365317513,Melbourne,Lumen Starter,Security,Medium,Phone,Resolved,Premium,1,683.0,48,98.68,Product Question,Customer requested an update after the first response.
TKT-01309,2024-07-15 00:58:00,Tatum Wilson,tatum.wilson77@company.co,+16124672587,Glasgow,Vertex Analytics,Feature Request,High,Email,Open,Standard,,,,138.72,Account | Security | Urgent,
TKT-00317,2024-09-23 00:00:00,Reese Ibrahim,reese.ibrahim@example.com,+5912082019,Seattle,Orchid Plus,Security,Urgent,Social,Open,Premium,,208.0,,116.51,Billing | Invoice,Customer supplied screenshots.
TKT-01485,2025-11-24 00:00:00,Ellis Kim,ellis.kim83@company.co,,Amsterdam,Lumen Starter,Refund,Urgent,Live Chat,Closed,Premium,5,,48,91.36,Bug | Mobile,Escalated to the specialist queue.
TKT-01974,2026-01-24 02:47:00,shawn morales,shawn.morales@example.com,+18636637874,Manchester,Harbor Essentials,Product Question,Urgent,Live Chat,Resolved,Premium,,1304.0,21,89.71,Delivery | Late,
TKT-01113,2024-08-09 09:38:00,Devon Ahmed,devon.ahmed@example.com,,Birmingham,Orchid Plus,Product Question,High,Phone,Open,,3,1595.0,96,126.85,Refund,Customer mentioned a previous unresolved ticket.
TKT-02491,2026-04-21 00:01:00,Blake Morales,blake.morales99@example.com,,Berlin,Mosaic Team,Security,Urgent,Email,Resolved,Premium,4,79.0,33,78.24,Product Question,
TKT-01881,2024-10-24 22:09:00,Shawn Walker,shawn.walker54@mailbox.org,+12989953355,London,Lumen Starter,Feature Request,High,Phone,Pending Customer,Enterprise,,,,132.07,Refund,Customer requested an update after the first response.
TKT-01719,2025-02-12 00:00:00,Tatum Ahmed,tatum.ahmed99@company.co,+447535880203,Berlin,Harbor Essentials,Billing,High,Phone,Escalated,Premium,,,,118.02,Billing | Invoice,No additional context provided.
TKT-01602,2024-02-11 20:54:00,Marley Patel,marley.patel@example.com,,Glasgow,Atlas Pro,Account Access,Medium,Web-Form,Pending Customer,Premium,4,,,154.62,,
TKT-00718,2025-12-02 00:00:00,Marley Hughes,marley.hughes17@example.com,,Amsterdam,Orchid Plus,Technical Issue,Low,Phone,Pending Customer,,,,,87.27,Refund,Customer requested an update after the first response.
TKT-02042,2024-08-12 00:00:00,Arden Reed,arden.reed75@outlook.com,,Manchester,Harbor Essentials,Account Access,Medium,Phone,Pending Customer,Premium,,,,56.49,Delivery | Late,No additional context provided.
TKT-00451,2025-05-17 00:00:00,Arden Novak,arden.novak@example.com,,Bristol,Vertex Analytics,Security,High,Social,Escalated,Premium,5,,61,75.55,Account | Security | Urgent,Customer supplied screenshots.
TKT-00294,2024-01-17 00:00:00,Casey Sullivan,casey.sullivan61@example.com,+2063274774,Bristol,Atlas Pro,Delivery,Medium,Web-Form,Open,Free,5,759.0,,125.73,Delivery | Late,No additional context provided.
TKT-01374,2024-05-06 13:14:00,Ellis Wilson,ellis.wilson92@gmail.com,+18522611030,Toronto,Nimbus Basic,Product Question,Urgent,Social,Closed,Enterprise,,,,0,Delivery | Late,Follow-up required next business day.
TKT-00597,2024-01-03 00:00:00,Milan Parker,milan.parker50@example.com,,Melbourne,Vertex Analytics,Billing,Low,Email,Closed,,1,,29,64.16,Account | Security | Urgent,Customer mentioned a previous unresolved ticket.
TKT-02493,2025-07-17 10:35:00,Alexis Ahmed,alexis.ahmed@company.co,,Berlin,Vertex Analytics,Refund,Low,Phone,Open,,,,48,51.88,Product Question,Issue reproduced on a mobile device.
TKT-02220,2026-02-02 19:17:00,Micah Kowalski,micah.kowalski@gmail.com,+2788732133,,Orchid Plus,Product Question,Low,Phone,Closed,Premium,4,,,65.41,Refund,
TKT-01435,2024-09-01 00:00:00,Kendall Bennett,kendall.bennett@gmail.com,,Birmingham,Cobalt Enterprise,Account Access,Urgent,Live Chat,Open,,3,1569.0,48,69.81,Login | Password,
TKT-00877,2025-01-03 13:58:00,Sage Wilson,sage.wilson18@gmail.com,+4392314272,Glasgow,Harbor Essentials,Technical Issue,High,Phone,Closed,Premium,2,73.0,,50.53,Bug | Mobile,Customer requested an update after the first response.
TKT-02506,2025-09-06 00:00:00,Quinn Kim,quinn.kim29@company.co,+18498974176,Melbourne,Nimbus Basic,Delivery,High,Phone,Open,Standard,,1135.0,48,33.6,Refund,
TKT-01045,2025-11-15 00:00:00,Drew Larsen,drew.larsen57@outlook.com,,London,Mosaic Team,Subscription,Urgent,Live Chat,Open,Premium,,166.0,52,69.51,Billing | Invoice,No additional context provided.
TKT-01772,2024-03-14 08:24:00,Robin Morris,robin.morris@outlook.com,+14935708366,Berlin,Orchid Plus,Delivery,Urgent,Email,Pending Customer,Premium,2,1340.0,48,172.23,Bug | Mobile,Customer requested an update after the first response.
TKT-01002,2025-06-26 00:00:00,Kendall Walker,kendall.walker@company.co,,London,Cobalt Enterprise,Billing,Urgent,Web-Form,Open,Premium,5,116.0,48,129.85,Account | Security | Urgent,Customer requested an update after the first response.
TKT-01262,2026-02-19 00:00:00,Marley Ahmed,marley.ahmed@company.co,+18199891699,,Orchid Plus,Technical Issue,Medium,Email,Resolved,Free,,462.0,48,83.18,Billing | Invoice,
TKT-02445,2026-06-12 00:00:00,Micah Parker,,,Birmingham,Orchid Plus,Billing,Medium,Phone,Closed,Premium,5,,,51.34,Billing | Invoice,Escalated to the specialist queue.
TKT-01161,2026-05-07 00:00:00,Parker Patel,parker.patel@gmail.com,,Cape Town,Vertex Analytics,Refund,High,Live Chat,Escalated,Premium,5,96.0,48,0.00,Login | Password,Customer requested an update after the first response.
TKT-01595,2025-12-10 20:03:00,avery ibrahim,avery.ibrahim@outlook.com,+447848214846,Amsterdam,Nimbus Basic,Refund,Urgent,Social,Pending Customer,Free,1,,,0,Refund,No additional context provided.
TKT-00100,2025-05-24 10:05:00,Drew  Hansen,drew.hansen@gmail.com,+8273852097,Amsterdam,Lumen Starter,Security,Medium,Email,Closed,Premium,,372.0,48,66.1,Delivery | Late,Escalated to the specialist queue.
TKT-00120,2025-05-14 00:00:00,Morgan Sullivan,morgan.sullivan@outlook.com,,Amsterdam,Mosaic Team,Refund,Medium,Phone,Pending Customer,Premium,5,,,120.36,Billing | Invoice,
TKT-00117,2025-07-14 02:54:00,Cameron Fischer,cameron.fischer@outlook.com,+19721559992,Amsterdam,Nimbus Basic,Product Question,Medium,Web-Form,Resolved,Enterprise,2,597.0,,77.09,Feature-Request,Escalated to the specialist queue.
TKT-00310,2025-11-01 00:00:00,Cameron Hughes,cameron.hughes@company.co,+4639566459,London,Lumen Starter,Technical Issue,Urgent,Phone,Escalated,Premium,5,1340.0,48,67.88,Billing | Invoice,Customer requested an update after the first response.
TKT-00731,2025-11-02 07:24:00,Rowan Chen,rowan.chen@mailbox.org,+5779932957,Manchester,Vertex Analytics,Billing,Low,Web-Form,Pending Customer,Enterprise,,,,89.77,Billing | Invoice,Escalated to the specialist queue.
TKT-01653,2025-04-20 15:00:00,Rowan Petrov,rowan.petrov@outlook.com,,Manchester,Cobalt Enterprise,Account Access,Urgent,Web-Form,Open,Premium,5,,48,89.69,Delivery | Late,Customer supplied screenshots.
TKT-01537,2024-09-10 16:43:00,Arden Ahmed,arden.ahmed45@gmail.com,+447108418807,Dublin,Mosaic Team,Technical Issue,Medium,Web-Form,Escalated,,,1124.0,65,107.25,Delivery | Late,
TKT-01952,2025-03-14 00:00:00,Jamie Brooks,jamie.brooks@mailbox.org,+447789572045,London,Mosaic Team,Security,Low,Phone,Closed,Premium,5,,48,148.41,,Issue reproduced on a mobile device.
TKT-01461,2024-04-11 00:00:00,Morgan Ibrahim,morgan.ibrahim97@gmail.com,+447101643054,Melbourne,Nimbus Basic,Delivery,Low,Phone,Escalated,,4,349.0,66,71.38,Delivery | Late,Issue reproduced on a mobile device.
TKT-01944,2026-04-26 00:00:00,Ellis Diaz,ellis.diaz80@outlook.com,,Leeds,Harbor Essentials,Product Question,High,Phone,Escalated,Free,3,608.0,,60.12,Refund,
TKT-01324,2026-04-11 00:00:00,Reese Hughes,reese.hughes47@example.com,,London,Orchid Plus,Account Access,Low,Email,Resolved,,5,,,105.76,Delivery | Late,Follow-up required next business day.
TKT-00549,2025-08-05 00:00:00,Rowan Kim,rowan.kim@outlook.com,+15735234381,Austin,Lumen Starter,Product Question,Urgent,Social,Closed,,2,,48,99.41,Refund,Customer mentioned a previous unresolved ticket.
TKT-01455,2024-03-22 02:05:00,Finley Ibrahim,finley.ibrahim77@mailbox.org,,Toronto,Orchid Plus,Feature Request,Medium,Social,Resolved,Premium,4,,70,110.1,Bug | Mobile,
TKT-02484,2026-03-01 00:00:00,Avery Singh,avery.singh@mailbox.org,+447136438963,Cape Town,Vertex Analytics,Refund,Low,Live Chat,Resolved,Standard,1,1601.0,,36.83,,Customer mentioned a previous unresolved ticket.
TKT-02265,2024-07-18 10:10:00,Blake Parker,blake.parker19@mailbox.org,,Melbourne,Harbor Essentials,Billing,Low,Live Chat,Escalated,Premium,2,,,116.41,Feature-Request,Escalated to the specialist queue.
TKT-01864,2025-03-18 09:10:00,Parker Petrov,parker.petrov3@outlook.com,+447921870656,Toronto,Harbor Essentials,Product Question,Urgent,Email,Open,Premium,5,,48,0,Refund,Follow-up required next business day.
TKT-01590,2025-02-23 08:27:00,Sage Morales,sage.morales@mailbox.org,+17829516148,New York,Atlas Pro,Delivery,Low,Email,Closed,Premium,,,82,83.74,Feature-Request,No additional context provided.
TKT-01517,2026-05-15 00:00:00,Shawn Fischer,shawn.fischer64@mailbox.org,+447781601846,Singapore,Lumen Starter,Subscription,Low,Live Chat,Escalated,Standard,,285.0,,,Delivery | Late,Escalated to the specialist queue.
TKT-01978,2024-05-05 00:00:00,Arden Morris,arden.morris33@company.co,,Birmingham,Lumen Starter,Feature Request,Urgent,Phone,Pending Customer,,1,,,131.11,Billing | Invoice,Follow-up required next business day.
TKT-02544,2024-05-24 00:00:00,Reese Reed,reese.reed@company.co,+447465956327,London,Cobalt Enterprise,Delivery,Low,Email,Open,Free,4,1187.0,,62.03,Product Question,
TKT-01280,2024-08-02 00:00:00,Hayden Brooks,hayden.brooks@company.co,,Singapore,Harbor Essentials,Refund,Medium,Phone,Open,,,1421.0,,62.0,,Follow-up required next business day.
TKT-01344,2024-08-09 14:03:00,Avery Novak,avery.novak@company.co,+18098636676,Glasgow,Cobalt Enterprise,Billing,Low,Email,Resolved,Enterprise,5,,62,144.49,Billing | Invoice,Customer requested an update after the first response.
TKT-01694,2026-02-16 00:00:00,Emerson Hughes,emerson.hughes@example.com,+3273362712,New York,Atlas Pro,Subscription,Low,Social,Pending Customer,Standard,4,,48,4.97,Feature-Request,
TKT-00188,2024-08-10 00:00:00,Cameron Morales,cameron.morales1@company.co,+2469010948,New York,Atlas Pro,Technical Issue,Medium,Phone,Open,Enterprise,4,1055.0,48,74.99,Delivery | Late,
TKT-02095,2025-10-23 00:00:00,Cameron Wilson,cameron.wilson34@example.com,+16714736339,Seattle,Nimbus Basic,Product Question,Urgent,Email,Escalated,,4,,,136.15,Login | Password,Customer supplied screenshots.
TKT-00508,2025-10-01 00:00:00,Reese Parker,reese.parker@mailbox.org,+9263195723,New York,Vertex Analytics,Feature Request,Medium,Live Chat,Pending Customer,Premium,2,,48,31.48,Feature-Request,No additional context provided.
TKT-02447,2025-06-19 11:03:00,Quinn Novak,quinn.novak34@gmail.com,+13007724133,Amsterdam,Harbor Essentials,Feature Request,High,Live Chat,Resolved,Premium,,,,,Login | Password,Issue reproduced on a mobile device.
TKT-00914,2024-10-13 00:00:00,Skyler Kowalski,skyler.kowalski79@example.com,+447653686392,Manchester,Cobalt Enterprise,Account Access,Low,Email,Open,Enterprise,4,,,165.76,Bug | Mobile,
TKT-02763,2024-08-12 01:31:00,Ellis Ibrahim,ellis.ibrahim@gmail.com,,London,Atlas Pro,Refund,Medium,Phone,Closed,Premium,,1576.0,,128.24,Billing | Invoice,Follow-up required next business day.
TKT-01758,2024-03-24 23:48:00,Reese Hughes,reese.hughes@mailbox.org,+447168722409,Birmingham,Cobalt Enterprise,Subscription,Urgent,Web-Form,Pending Customer,Standard,,1593.0,48,131.41,Login | Password,
TKT-00875,2024-09-18 00:00:00,Kendall Larsen,kendall.larsen@outlook.com,,Singapore,Harbor Essentials,Feature Request,Urgent,Phone,Resolved,Premium,,,48,77.18,Delivery | Late,Customer mentioned a previous unresolved ticket.
TKT-01557,2025-08-18 11:22:00,Tatum Bennett,tatum.bennett@mailbox.org,+447983104324,Melbourne,Nimbus Basic,Subscription,Medium,Email,Open,Premium,5,270.0,,129.25,Login | Password,
TKT-00217,2025-06-19 05:13:00,Taylor Meyer,taylor.meyer@outlook.com,+18036311797,Berlin,Harbor Essentials,Subscription,Urgent,Phone,Resolved,Free,5,140.0,48,36.49,,
TKT-00680,2024-11-28 00:00:00,Micah Santos,micah.santos@company.co,,London,Nimbus Basic,Security,Urgent,Phone,Resolved,Enterprise,5,,48,148.94,Bug | Mobile,Customer mentioned a previous unresolved ticket.
TKT-02142,2024-07-01 00:00:00,Casey Kim,casey.kim@mailbox.org,+447533917208,London,Orchid Plus,Subscription,Medium,Phone,Escalated,Free,4,1133.0,63,81.8,Account | Security | Urgent,No additional context provided.
TKT-02252,2025-04-07 00:00:00,Shawn Nguyen,shawn.nguyen97@gmail.com,+12186966950,New York,Harbor Essentials,Technical Issue,Medium,Web-Form,Pending Customer,Free,,,5,162.11,Bug | Mobile,
TKT-01015,2024-08-01 11:41:00,Micah Reed,micah.reed@example.com,,London,Cobalt Enterprise,Subscription,Urgent,Live Chat,Resolved,,,754.0,48,174.48,,Customer requested an update after the first response.
TKT-00087,2025-04-18 03:28:00,Tatum Wilson,tatum.wilson@mailbox.org,,Manchester,Orchid Plus,Security,High,Phone,Resolved,Enterprise,2,,78,129.35,Feature-Request,Issue reproduced on a mobile device.
TKT-00650,2025-12-09 16:03:00,Emerson Ibrahim,emerson.ibrahim97@example.com,,New York,Nimbus Basic,Technical Issue,Medium,Phone,Closed,Premium,5,787.0,93,117.29,Feature-Request,
TKT-00921,2025-08-29 12:38:00,Morgan Kowalski,morgan.kowalski63@outlook.com,,Toronto,Cobalt Enterprise,Security,Medium,Email,Open,,4,123.0,,138.05,Login | Password,Customer mentioned a previous unresolved ticket.
TKT-00488,2026-01-06 00:00:00,Emerson Kowalski,emerson.kowalski@company.co,,Toronto,Nimbus Basic,Refund,Urgent,Social,Resolved,Premium,1,,,19.51,Billing | Invoice,
TKT-01188,2025-10-07 07:23:00,Skyler Sullivan,skyler.sullivan96@outlook.com,,London,Orchid Plus,Feature Request,High,Phone,Open,Premium,1,1453.0,48,66.65,Billing | Invoice,
TKT-01338,2024-03-28 00:00:00,Morgan Carter,morgan.carter6@gmail.com,,Berlin,Vertex Analytics,Refund,Medium,Email,Open,Free,5,,,62.36,Billing | Invoice,Issue reproduced on a mobile device.
TKT-02109,2024-12-28 10:03:00,Micah Reed,micah.reed@outlook.com,+17324303565,Cape Town,Nimbus Basic,Subscription,Medium,Live Chat,Pending Customer,Premium,1,,,60.93,Product Question,
TKT-02504,2025-10-10 00:00:00,Tatum Sullivan,tatum.sullivan@gmail.com,+13138751481,Berlin,Harbor Essentials,Security,High,Social,Open,Free,4,1197.0,48,45.33,Delivery | Late,
TKT-01917,2024-03-28 00:42:00,Robin Chen,robin.chen19@gmail.com,,Cape Town,Mosaic Team,Security,Urgent,Live Chat,Resolved,Free,1,,48,35.67,Refund,Customer supplied screenshots.
TKT-00404,2026-02-01 23:16:00,Tatum Bennett,tatum.bennett@gmail.com,+447276123654,Berlin,Lumen Starter,Subscription,Urgent,Social,Resolved,,4,,,81.58,Product Question,Customer requested an update after the first response.
TKT-00634,2026-01-15 12:48:00,morgan larsen,morgan.larsen@gmail.com,+5284283162,Berlin,Lumen Starter,Refund,Low,Phone,Open,Free,2,,72,55.52,,Customer supplied screenshots.
TKT-01692,2026-04-30 04:53:00,Arden Reed,arden.reed@example.com,+18318949896,Leeds,Harbor Essentials,Product Question,Low,Phone,Open,Premium,4,343.0,,52.88,Refund,No additional context provided.
TKT-02523,2026-05-25 00:00:00,Skyler Santos,skyler.santos@example.com,,Leeds,Mosaic Team,Billing,Urgent,Social,Resolved,,4,979.0,,99.21,Feature-Request,Customer requested an update after the first response.
TKT-00022,2024-06-26 00:00:00,Morgan Morales,morgan.morales@example.com,+13709064241,Toronto,Mosaic Team,Product Question,Urgent,Phone,Open,Premium,4,,79,66.58,Product Question,No additional context provided.
TKT-02494,2024-12-27 00:00:00,Shawn Petrov,shawn.petrov@gmail.com,,Birmingham,Vertex Analytics,Account Access,Urgent,Web-Form,Open,Enterprise,1,,48,,Billing | Invoice,Customer mentioned a previous unresolved ticket.
TKT-01925,2025-01-28 00:00:00,Morgan Chen,morgan.chen@company.co,+17517261539,Glasgow,Nimbus Basic,Product Question,Medium,Email,Pending Customer,Standard,4,176.0,48,193.07,,Follow-up required next business day.
TKT-01408,2025-11-05 15:04:00,Milan Wilson,milan.wilson@company.co,+19713891378,,Orchid Plus,Account Access,Low,Social,Pending Customer,,4,,10,161.57,Billing | Invoice,
TKT-01346,2026-05-03 23:44:00,Morgan Patel,morgan.patel@gmail.com,+18832415572,,Atlas Pro,Delivery,High,Phone,Closed,Premium,,1322.0,48,0,Account | Security | Urgent,Customer mentioned a previous unresolved ticket.
TKT-02651,2026-05-13 00:00:00,Jordan Hughes,jordan.hughes99@company.co,,,Vertex Analytics,Refund,High,Web-Form,Resolved,Enterprise,4,866.0,,29.07,,No additional context provided.
TKT-01150,2025-09-09 00:00:00,Tatum Larsen,tatum.larsen@mailbox.org,,Birmingham,Vertex Analytics,Account Access,High,Phone,Open,Standard,5,1633.0,42,32.42,Delivery | Late,Escalated to the specialist queue.
TKT-01318,2025-06-06 00:00:00,Taylor Kim,taylor.kim@example.com,,Dublin,Harbor Essentials,Billing,High,Social,Resolved,,,,1,62.21,Login | Password,Escalated to the specialist queue.
TKT-01554,2025-05-28 00:00:00,Alexis Petrov,alexis.petrov95@mailbox.org,+15781217759,Cape Town,Nimbus Basic,Technical Issue,Urgent,Live Chat,Resolved,,,,,33.52,Feature-Request,No additional context provided.
TKT-00817,2025-09-07 00:00:00,Blake Hansen,blake.hansen31@company.co,+18259088554,Melbourne,Cobalt Enterprise,Subscription,Medium,Email,Open,,5,,48,93.69,,
TKT-00459,2026-06-11 00:55:00,Rowan Hughes,rowan.hughes@gmail.com,,Toronto,Atlas Pro,Feature Request,Urgent,Web-Form,Resolved,Premium,,,,48.55,Refund,No additional context provided.
TKT-02218,2025-10-21 00:00:00,Kendall Fischer,kendall.fischer@mailbox.org,+447763885995,London,Vertex Analytics,Technical Issue,Medium,Email,Pending Customer,Free,3,1096.0,67,75.36,Delivery | Late,Customer supplied screenshots.
TKT-00076,2026-04-29 00:00:00,Micah Kim,micah.kim@outlook.com,+447214950083,Berlin,Nimbus Basic,Account Access,High,Email,Closed,,4,1668.0,48,124.2,Refund,No additional context provided.
TKT-02406,2025-08-06 03:19:00,Shawn Reed,shawn.reed@gmail.com,+17308015835,Berlin,Mosaic Team,Feature Request,Urgent,Live Chat,Open,Premium,2,,,152.73,Account | Security | Urgent,Customer mentioned a previous unresolved ticket.
TKT-00255,2025-06-15 19:57:00,Sage Turner,sage.turner@example.com,,London,Vertex Analytics,Product Question,Low,Web-Form,Closed,,3,,82,0,Refund,Escalated to the specialist queue.
TKT-01855,2024-01-29 05:20:00,Casey Santos,casey.santos92@example.com,,Austin,Harbor Essentials,Feature Request,Medium,Web-Form,Escalated,Standard,,,,134.03,Account | Security | Urgent,Issue reproduced on a mobile device.
TKT-02094,2024-08-27 10:38:00,Jamie Morales,jamie.morales@outlook.com,+447145712654,Manchester,Nimbus Basic,Delivery,High,Email,Pending Customer,Free,1,,48,16.36,Login | Password,
TKT-01152,2026-03-12 00:00:00,Riley Kowalski,riley.kowalski@gmail.com,+16596578037,Dublin,Nimbus Basic,Delivery,High,Phone,Resolved,,5,,,0,Delivery | Late,No additional context provided.
TKT-02426,2026-04-21 02:15:00,Ellis Patel,ellis.patel@company.co,+13077758179,London,Vertex Analytics,Billing,Medium,Phone,Pending Customer,,1,,48,107.28,Delivery | Late,Customer supplied screenshots.
TKT-01352,2025-08-13 00:00:00,Sage Ahmed,sage.ahmed33@outlook.com,,Melbourne,Atlas Pro,Account Access,High,Email,Escalated,Standard,4,,,0,Billing | Invoice,No additional context provided.
TKT-02143,2024-05-17 00:00:00,Robin Diaz,robin.diaz38@company.co,+447210776213,London,Lumen Starter,Delivery,Low,Live Chat,Open,,1,1071.0,,88.53,Bug | Mobile,Issue reproduced on a mobile device.
TKT-01499,2024-05-07 17:17:00,Shawn Kim,shawn.kim@outlook.com,,Melbourne,Lumen Starter,Technical Issue,Low,Social,Resolved,Standard,,,53,135.32,Billing | Invoice,
TKT-02011,2024-01-09 00:00:00,Parker Hughes,parker.hughes68@mailbox.org,+447691873011,Cape Town,Cobalt Enterprise,Delivery,High,Web-Form,Open,Standard,2,,28,0,Product Question,
TKT-00559,2025-07-24 00:00:00,casey morales,casey.morales@example.com,,Cape Town,Atlas Pro,Account Access,Low,Email,Open,,4,,43,100.69,,
TKT-02602,2025-03-23 00:00:00,Kendall Turner,kendall.turner36@gmail.com,+447879161143,Amsterdam,Atlas Pro,Refund,Urgent,Social,Open,Premium,,,32,113.08,Product Question,Customer requested an update after the first response.
TKT-00554,2024-10-19 02:11:00,finley sullivan,finley.sullivan@mailbox.org,,Austin,Mosaic Team,Technical Issue,Urgent,Web-Form,Resolved,Standard,5,1788.0,,92.99,Bug | Mobile,Customer requested an update after the first response.
TKT-00295,2024-02-06 00:00:00,Drew Kim,drew.kim@example.com,+447103330569,Amsterdam,Orchid Plus,Refund,Medium,Phone,Pending Customer,Premium,5,,70,98.64,Product Question,
TKT-00351,2026-05-23 17:06:00,Reese Petrov,reese.petrov@outlook.com,+447684167898,Manchester,Mosaic Team,Technical Issue,Medium,Web-Form,Open,Premium,2,,48,96.1,Account | Security | Urgent,Follow-up required next business day.
TKT-00305,2026-01-20 05:25:00,Parker Patel,parker.patel64@example.com,+19504422727,Melbourne,Orchid Plus,Feature Request,Urgent,Web-Form,Closed,Enterprise,2,78.0,48,77.85,Delivery | Late,Escalated to the specialist queue.
TKT-00716,2024-08-03 00:00:00,Riley Carter,riley.carter@example.com,+2467858924,Austin,Mosaic Team,Subscription,High,Social,Pending Customer,Premium,3,,48,139.68,Bug | Mobile,
TKT-01782,2024-11-05 18:28:00,Tatum Larsen,,,New York,Mosaic Team,Product Question,High,Email,Resolved,Premium,,,48,74.43,Account | Security | Urgent,Customer supplied screenshots.
TKT-01351,2025-05-13 18:20:00,Arden Wilson,arden.wilson@outlook.com,,Leeds,Cobalt Enterprise,Security,Medium,Web-Form,Pending Customer,,4,92.0,,14.64,Product Question,
TKT-02031,2025-11-16 08:22:00,Devon Parker,devon.parker@mailbox.org,+3699620757,Leeds,Vertex Analytics,Subscription,Low,Social,Resolved,Standard,5,,,123.39,,
TKT-00876,2024-10-12 00:00:00,Blake Sullivan,,+17165453981,London,Vertex Analytics,Security,Medium,Live Chat,Open,Free,2,1192.0,,177.7,Delivery | Late,No additional context provided.
TKT-02207,2025-01-08 00:00:00,Morgan Meyer,morgan.meyer@outlook.com,+4838933690,London,Cobalt Enterprise,Subscription,High,Web-Form,Pending Customer,,3,,,160.63,Delivery | Late,
TKT-02553,2025-08-24 18:52:00,Arden Carter,arden.carter@company.co,+18524448291,Glasgow,Harbor Essentials,Subscription,Medium,Email,Resolved,,4,1144.0,,181.9,Refund,Customer supplied screenshots.
TKT-01419,2026-05-09 00:00:00,Devon Walker,devon.walker29@gmail.com,+15802325845,Melbourne,Orchid Plus,Subscription,High,Web-Form,Resolved,,3,687.0,,163.07,Billing | Invoice,No additional context provided.
TKT-01271,2024-12-22 08:31:00,Milan Ibrahim,milan.ibrahim54@mailbox.org,+19943781700,Berlin,Mosaic Team,Subscription,Low,Live Chat,Closed,,2,886.0,22,139.02,Account | Security | Urgent,Customer requested an update after the first response.
TKT-00128,2025-07-21 06:05:00,Skyler Ibrahim,skyler.ibrahim28@outlook.com,+447240871153,Seattle,Cobalt Enterprise,Subscription,Low,Phone,Pending Customer,,5,321.0,12,47.85,Product Question,Customer requested an update after the first response.
TKT-02676,2026-01-12 00:00:00,Emerson Nguyen,emerson.nguyen@gmail.com,,Seattle,Mosaic Team,Refund,Low,Live Chat,Pending Customer,,2,,46,0,,
TKT-01866,2025-03-30 21:31:00,Morgan Hansen,morgan.hansen64@gmail.com,,,Vertex Analytics,Technical Issue,Low,Email,Pending Customer,Enterprise,,,10,0,Product Question,Customer supplied screenshots.
TKT-02479,2024-04-01 00:00:00,Hayden Fischer,hayden.fischer@company.co,+13413221127,London,Atlas Pro,Account Access,Medium,Social,Pending Customer,,,,48,5.38,Billing | Invoice,Customer requested an update after the first response.
TKT-00938,2026-02-06 06:47:00,Emerson Sullivan,emerson.sullivan@gmail.com,,,Mosaic Team,Subscription,Urgent,Live Chat,Pending Customer,Standard,,,55,117.96,Bug | Mobile,
TKT-01163,2024-07-15 05:09:00,Riley Turner,riley.turner88@gmail.com,,Glasgow,Lumen Starter,Technical Issue,High,Social,Closed,Premium,,1220.0,,2.57,Feature-Request,Issue reproduced on a mobile device.
TKT-00147,2024-12-21 00:00:00,Hayden Meyer,hayden.meyer31@outlook.com,+17722402438,Dublin,Orchid Plus,Feature Request,Urgent,Phone,Closed,,,1283.0,,10.97,Product Question,Escalated to the specialist queue.
TKT-00576,2024-12-10 01:46:00,Blake Parker,blake.parker@example.com,+8238833181,Dublin,Atlas Pro,Refund,Urgent,Phone,Resolved,Standard,,,,0,Product Question,
TKT-00287,2025-11-06 19:21:00,Jamie Chen,jamie.chen@example.com,,Leeds,Lumen Starter,Product Question,Urgent,Web-Form,Open,Premium,,314.0,83,70.65,Delivery | Late,Follow-up required next business day.
TKT-01837,2026-01-11 06:04:00,Riley Hansen,riley.hansen@outlook.com,+16914395293,Glasgow,Lumen Starter,Delivery,Low,Live Chat,Escalated,,1,,,16.1,Bug | Mobile,
TKT-02407,2024-12-25 11:57:00,Morgan Parker,morgan.parker@mailbox.org,+13859574137,New York,Cobalt Enterprise,Feature Request,Medium,Web-Form,Resolved,Premium,3,1217.0,68,7.52,Refund,Escalated to the specialist queue.
TKT-02662,2024-10-05 18:34:00,kendall carter,kendall.carter@gmail.com,+447199318541,Amsterdam,Mosaic Team,Technical Issue,Medium,Email,Resolved,,4,1202.0,,29.77,Bug | Mobile,
TKT-02321,2024-09-13 15:44:00,Shawn Diaz,shawn.diaz@outlook.com,+4870965894,Amsterdam,Cobalt Enterprise,Delivery,Low,Phone,Pending Customer,Free,,,,103.17,Account | Security | Urgent,Customer mentioned a previous unresolved ticket.
TKT-02328,2024-01-07 00:00:00,Alexis Diaz,,+17062297160,Bristol,Orchid Plus,Refund,Low,Social,Pending Customer,Free,,,,57.71,Bug | Mobile,No additional context provided.
TKT-02637,2024-11-16 00:00:00,Ellis Sullivan,ellis.sullivan@outlook.com,+15029607468,London,Atlas Pro,Subscription,High,Social,Open,Premium,,,4,89.48,Billing | Invoice,No additional context provided.
TKT-01210,2024-07-27 00:00:00,Jordan Santos,jordan.santos@example.com,+447208600361,Singapore,Cobalt Enterprise,Delivery,Medium,Social,Resolved,,,,,175.23,Bug | Mobile,Customer mentioned a previous unresolved ticket.
TKT-00089,2025-09-03 00:00:00,Avery Grant,avery.grant@outlook.com,+447672352867,,Orchid Plus,Delivery,Urgent,Web-Form,Closed,Standard,4,1720.0,48,49.86,Product Question,Customer requested an update after the first response.
TKT-00547,2024-04-28 00:00:00,morgan walker,morgan.walker@gmail.com,,Manchester,Atlas Pro,Account Access,High,Web-Form,Pending Customer,Enterprise,1,,48,110.74,,No additional context provided.
TKT-01560,2026-02-17 00:00:00,Drew Fischer,drew.fischer@gmail.com,+447195289208,Austin,Lumen Starter,Technical Issue,Urgent,Phone,Open,Premium,4,1580.0,,64.09,Bug | Mobile,No additional context provided.
TKT-01058,2026-03-03 11:00:00,Finley Grant,finley.grant@mailbox.org,+14389375758,,Mosaic Team,Refund,High,Web-Form,Open,Enterprise,,1733.0,,143.5,Delivery | Late,
TKT-01372,2025-10-31 00:00:00,Arden Sullivan,arden.sullivan@example.com,,Austin,Vertex Analytics,Security,High,Email,Resolved,Enterprise,2,1743.0,48,173.14,Product Question,No additional context provided.
TKT-01918,2025-09-09 10:34:00,Reese Fischer,reese.fischer77@example.com,+9641995762,Cape Town,Cobalt Enterprise,Billing,Low,Social,Closed,Premium,,1423.0,48,44.85,Delivery | Late,Follow-up required next business day.
TKT-01551,2024-12-05 17:08:00,Shawn Larsen,shawn.larsen76@company.co,+15075984973,Birmingham,Cobalt Enterprise,Technical Issue,High,Web-Form,Resolved,Free,3,,24,73.49,Billing | Invoice,Customer supplied screenshots.
TKT-02099,2026-04-01 00:00:00,Arden Nguyen,arden.nguyen22@outlook.com,+9269363161,Birmingham,Harbor Essentials,Product Question,Low,Social,Pending Customer,Standard,1,,48,0,Billing | Invoice,
TKT-01873,2026-04-05 00:00:00,Avery Wilson,avery.wilson19@outlook.com,+447161399861,Berlin,Cobalt Enterprise,Security,High,Phone,Resolved,Standard,3,596.0,,62.06,Login | Password,Customer mentioned a previous unresolved ticket.
TKT-00024,2026-02-17 18:46:00,Jordan Brooks,jordan.brooks@example.com,+16304709167,London,Mosaic Team,Technical Issue,Urgent,Live Chat,Pending Customer,Free,4,1126.0,,0.64,Login | Password,Follow-up required next business day.
TKT-01201,2025-02-24 00:00:00,Robin Petrov,robin.petrov@example.com,+15918759830,Manchester,Cobalt Enterprise,Product Question,Medium,Phone,Open,Premium,4,,,85.89,,Customer mentioned a previous unresolved ticket.
TKT-00795,2024-11-23 00:00:00,Reese Carter,reese.carter@company.co,+16122373009,Berlin,Atlas Pro,Subscription,High,Social,Pending Customer,Premium,5,1263.0,63,19.54,Login | Password,Customer mentioned a previous unresolved ticket.
TKT-02132,2025-04-13 00:00:00,Emerson Grant,emerson.grant80@gmail.com,+17007796395,Berlin,Nimbus Basic,Delivery,Urgent,Web-Form,Open,Standard,3,,16,80.08,Billing | Invoice,Issue reproduced on a mobile device.
TKT-00827,2025-06-24 00:00:00,Hayden Hansen,hayden.hansen@gmail.com,,Dublin,Harbor Essentials,Delivery,Medium,Live Chat,Closed,Free,,,15,165.88,Billing | Invoice,No additional context provided.
TKT-02762,2024-07-05 00:00:00,Jamie Meyer,jamie.meyer@company.co,+11147939613,London,Lumen Starter,Billing,High,Phone,Pending Customer,Premium,,612.0,48,34.76,Feature-Request,Customer mentioned a previous unresolved ticket.
TKT-02670,2025-05-29 00:00:00,Ellis Turner,ellis.turner@outlook.com,+447266314705,London,Vertex Analytics,Technical Issue,Low,Email,Resolved,,5,,,113.41,Billing | Invoice,
TKT-01942,2024-02-14 04:38:00,Emerson Parker,emerson.parker72@gmail.com,+358247473,Austin,Mosaic Team,Security,Low,Social,Pending Customer,Enterprise,,,,57.46,Refund,Customer requested an update after the first response.
TKT-00698,2025-11-01 00:00:00,Robin Singh,robin.singh@example.com,+13652393466,Berlin,Orchid Plus,Billing,Urgent,Email,Escalated,Free,2,,48,10.19,Bug | Mobile,No additional context provided.
TKT-00541,2025-10-17 23:39:00,Micah Ahmed,micah.ahmed30@gmail.com,+447372994292,Melbourne,Harbor Essentials,Technical Issue,High,Web-Form,Open,Free,4,,,124.96,Account | Security | Urgent,
TKT-01813,2024-11-17 00:00:00,Devon Meyer,,,,Cobalt Enterprise,Refund,Urgent,Email,Closed,Standard,2,1035.0,9,167.67,Billing | Invoice,Customer requested an update after the first response.
TKT-00037,2025-05-24 00:00:00,Casey Hughes,casey.hughes69@gmail.com,,Bristol,Vertex Analytics,Security,High,Web-Form,Open,Enterprise,,,,90.49,Product Question,
TKT-02045,2024-05-18 00:00:00,Parker Ahmed,parker.ahmed@mailbox.org,,Glasgow,Orchid Plus,Subscription,Medium,Web-Form,Resolved,Premium,4,,,33.77,Refund,Follow-up required next business day.
TKT-00267,2025-06-05 13:06:00,Sage Novak,sage.novak52@gmail.com,+6671128254,Berlin,Orchid Plus,Product Question,Low,Web-Form,Escalated,Premium,4,,,168.78,Refund,Customer requested an update after the first response.
TKT-00066,2024-12-28 09:07:00,Tatum Santos,tatum.santos@example.com,+11955157213,,Harbor Essentials,Product Question,Low,Live Chat,Closed,Premium,1,21.0,,153.59,Billing | Invoice,
TKT-00283,2025-03-14 00:00:00,Casey Larsen,casey.larsen21@company.co,+18966475640,Cape Town,Mosaic Team,Technical Issue,Urgent,Phone,Open,Premium,,,72,166.23,Login | Password,No additional context provided.
TKT-00491,2024-01-31 00:00:00,Taylor Larsen,taylor.larsen@example.com,+19585477449,Singapore,Nimbus Basic,Product Question,Medium,Social,Resolved,,2,725.0,,78.56,Login | Password,Customer requested an update after the first response.
TKT-01361,2024-11-14 00:00:00,Robin Santos,robin.santos93@company.co,+12412846112,Birmingham,Lumen Starter,Feature Request,Medium,Phone,Pending Customer,Premium,3,,,78.16,,Issue reproduced on a mobile device.
TKT-01924,2025-05-21 00:00:00,Milan Larsen,milan.larsen@mailbox.org,+14743954289,Singapore,Orchid Plus,Subscription,Medium,Web-Form,Open,Free,3,,,92.16,Login | Password,Escalated to the specialist queue.
TKT-02765,2024-05-24 14:06:00,Riley Ahmed,riley.ahmed66@mailbox.org,+18457148998,London,Harbor Essentials,Feature Request,High,Phone,Escalated,Premium,,609.0,76,92.92,Billing | Invoice,Issue reproduced on a mobile device.
TKT-02282,2025-01-28 00:00:00,Morgan Ibrahim,morgan.ibrahim28@example.com,,Cape Town,Nimbus Basic,Delivery,Medium,Live Chat,Resolved,Premium,4,,15,41.73,Account | Security | Urgent,Customer supplied screenshots.
TKT-00528,2025-09-02 00:00:00,Avery Hansen,avery.hansen@gmail.com,+19697631100,Bristol,Mosaic Team,Delivery,Medium,Email,Open,,,,,81.64,Product Question,Issue reproduced on a mobile device.
TKT-00686,2024-04-04 00:00:00,Alexis Carter,alexis.carter28@example.com,,Berlin,Mosaic Team,Technical Issue,Medium,Phone,Closed,Premium,3,,22,118.21,Bug | Mobile,Issue reproduced on a mobile device.
TKT-01795,2026-06-05 00:00:00,Milan Sullivan,milan.sullivan@company.co,,Seattle,Vertex Analytics,Delivery,Low,Phone,Pending Customer,Standard,4,,,90.73,Delivery | Late,Issue reproduced on a mobile device.
TKT-00453,2024-09-11 00:00:00,Quinn Santos,quinn.santos68@mailbox.org,+16346856038,Melbourne,Lumen Starter,Security,High,Email,Resolved,,1,861.0,,24.79,Refund,Issue reproduced on a mobile device.
TKT-01848,2024-03-29 06:13:00,micah petrov,micah.petrov@mailbox.org,+447925382993,Berlin,Cobalt Enterprise,Refund,Low,Social,Closed,Enterprise,,,48,31.36,Product Question,Customer mentioned a previous unresolved ticket.
TKT-00392,2024-04-03 00:07:00,Emerson Wilson,emerson.wilson@mailbox.org,+15803942003,Amsterdam,Orchid Plus,Security,Low,Social,Open,Premium,1,362.0,,106.06,Billing | Invoice,Follow-up required next business day.
TKT-02682,2025-04-03 00:00:00,Drew Wilson,drew.wilson88@gmail.com,+18303245191,Toronto,Nimbus Basic,Subscription,High,Live Chat,Pending Customer,,3,514.0,92,62.39,Product Question,
TKT-00069,2025-01-29 00:25:00,Cameron Kowalski,cameron.kowalski11@gmail.com,+13754085397,Leeds,Lumen Starter,Billing,High,Email,Open,,3,,29,98.89,Billing | Invoice,
TKT-00565,2025-03-08 13:59:00,Avery Diaz,avery.diaz@mailbox.org,+5135307028,Glasgow,Atlas Pro,Billing,Urgent,Live Chat,Open,Standard,5,,,,Feature-Request,
TKT-00926,2024-06-04 00:00:00,ellis diaz,ellis.diaz@gmail.com,,Amsterdam,Lumen Starter,Account Access,Urgent,Phone,Pending Customer,,1,739.0,32,0,Refund,Escalated to the specialist queue.
TKT-00129,2025-06-07 00:00:00,Rowan Kim,rowan.kim@company.co,+12238159490,London,Cobalt Enterprise,Refund,High,Phone,Open,Standard,1,1382.0,36,84.48,Refund,Customer supplied screenshots.
TKT-00371,2024-01-30 15:35:00,Marley Grant,marley.grant46@outlook.com,+447469833064,Toronto,Nimbus Basic,Technical Issue,High,Email,Pending Customer,,,,,80.35,Feature-Request,Escalated to the specialist queue.
TKT-00855,2026-05-06 18:33:00,emerson nguyen,emerson.nguyen@outlook.com,+4790028295,Toronto,Cobalt Enterprise,Subscription,High,Phone,Pending Customer,,,,58,157.13,,
TKT-02014,2024-09-06 00:00:00,Devon Ibrahim,devon.ibrahim@gmail.com,,Berlin,Harbor Essentials,Product Question,Low,Phone,Pending Customer,Standard,5,,,27.31,Account | Security | Urgent,Issue reproduced on a mobile device.
TKT-01650,2025-01-24 00:00:00,Robin Petrov,robin.petrov19@gmail.com,+19969764078,Cape Town,Vertex Analytics,Account Access,Medium,Email,Escalated,Premium,5,1303.0,,221.43,Bug | Mobile,Customer requested an update after the first response.
TKT-02548,2025-10-27 08:58:00,Avery Wilson,avery.wilson@gmail.com,+447857411033,Birmingham,Orchid Plus,Subscription,Low,Web-Form,Escalated,Premium,4,,48,47.94,,
TKT-02071,2026-05-01 00:00:00,morgan fischer,morgan.fischer@example.com,+447109322317,London,Orchid Plus,Delivery,Low,Social,Resolved,,4,1698.0,74,132.1,Delivery | Late,Escalated to the specialist queue.
TKT-00045,2024-05-18 00:00:00,Devon Novak,devon.novak@gmail.com,,London,Harbor Essentials,Refund,Low,Live Chat,Open,Free,1,,48,0,,Customer mentioned a previous unresolved ticket.
TKT-01469,2024-09-29 10:00:00,Skyler Grant,skyler.grant@gmail.com,+447269971605,Amsterdam,Vertex Analytics,Security,Urgent,Phone,Pending Customer,Premium,,,,13.23,,
TKT-02190,2025-04-30 00:00:00,Ellis  Grant,ellis.grant@gmail.com,,London,Mosaic Team,Billing,Urgent,Email,Pending Customer,,,,35,111.37,Billing | Invoice,
TKT-01953,2025-03-20 00:00:00,Jamie Ibrahim,jamie.ibrahim@gmail.com,,Manchester,Mosaic Team,Refund,Medium,Email,Escalated,,5,1785.0,58,29.18,Account | Security | Urgent,Customer requested an update after the first response.
TKT-02058,2026-01-12 00:00:00,Tatum Grant,tatum.grant@outlook.com,+11599025741,Manchester,Lumen Starter,Technical Issue,High,Social,Escalated,Enterprise,4,,,127.09,Account | Security | Urgent,Issue reproduced on a mobile device.
TKT-00749,2024-03-02 03:25:00,Sage Okafor,sage.okafor@mailbox.org,+18018482258,Berlin,Lumen Starter,Subscription,High,Phone,Pending Customer,Free,4,457.0,23,45.37,Bug | Mobile,Customer mentioned a previous unresolved ticket.
TKT-02116,2025-02-09 00:00:00,Arden Reed,arden.reed63@gmail.com,,Glasgow,Mosaic Team,Refund,High,Phone,Open,Enterprise,3,589.0,,50.77,Account | Security | Urgent,Customer mentioned a previous unresolved ticket.
TKT-02021,2026-06-14 14:15:00,Sage Ibrahim,sage.ibrahim@mailbox.org,+447118450468,London,Mosaic Team,Security,Urgent,Web-Form,Open,,5,,11,82.3,Delivery | Late,No additional context provided.
TKT-01195,2025-06-10 01:42:00,Riley Bennett,riley.bennett@outlook.com,+19058045071,Dublin,Cobalt Enterprise,Delivery,Medium,Live Chat,Resolved,Free,3,,51,0,Feature-Request,Escalated to the specialist queue.
TKT-00334,2025-11-14 22:51:00,Jordan Nguyen,jordan.nguyen98@mailbox.org,+5333215400,Glasgow,Cobalt Enterprise,Billing,High,Email,Escalated,,5,,55,41.76,Billing | Invoice,Issue reproduced on a mobile device.
TKT-00538,2025-06-27 12:09:00,Arden Morales,arden.morales@mailbox.org,+13868563887,Singapore,Cobalt Enterprise,Account Access,Urgent,Phone,Pending Customer,Enterprise,,,,57.85,Billing | Invoice,Customer supplied screenshots.
TKT-00638,2024-10-25 00:00:00,Avery Fischer,avery.fischer69@company.co,+18909894889,Seattle,Lumen Starter,Feature Request,High,Social,Escalated,Premium,,,,83.03,Feature-Request,
TKT-00699,2025-03-11 00:00:00,Devon Reed,devon.reed@company.co,+12019752415,London,Orchid Plus,Feature Request,Medium,Social,Open,Free,3,1604.0,48,129.82,Delivery | Late,No additional context provided.
TKT-01505,2026-02-09 00:00:00,Milan Singh,milan.singh@mailbox.org,,Seattle,Cobalt Enterprise,Technical Issue,High,Web-Form,Resolved,Enterprise,3,,,69.64,Product Question,
TKT-00916,2024-08-15 00:00:00,Micah Parker,micah.parker@mailbox.org,+19423409264,Manchester,Vertex Analytics,Subscription,High,Social,Pending Customer,Premium,,94.0,48,94.35,,Customer requested an update after the first response.
TKT-00836,2024-02-18 00:00:00,Finley Patel,,+15852283498,,Harbor Essentials,Billing,Urgent,Web-Form,Open,,,1230.0,48,91.88,,No additional context provided.
TKT-00143,2025-03-20 14:13:00,Arden Parker,arden.parker@example.com,,London,Atlas Pro,Feature Request,High,Social,Open,Enterprise,4,,93,0,,Customer supplied screenshots.
TKT-02507,2024-10-18 00:00:00,Hayden Sullivan,hayden.sullivan@mailbox.org,+14186302767,Toronto,Mosaic Team,Delivery,High,Web-Form,Pending Customer,Standard,,678.0,,241.2,Refund,Customer mentioned a previous unresolved ticket.
TKT-01397,2026-05-14 05:05:00,Jamie Morris,jamie.morris51@gmail.com,+447087322504,Berlin,Cobalt Enterprise,Technical Issue,High,Phone,Open,,2,1195.0,,4.91,Login | Password,Customer mentioned a previous unresolved ticket.
TKT-02033,2025-04-21 19:38:00,Milan Nguyen,milan.nguyen@mailbox.org,+17886046096,Austin,Vertex Analytics,Feature Request,High,Live Chat,Pending Customer,,4,370.0,29,105.2,,
TKT-02460,2025-12-21 00:00:00,milan bennett,milan.bennett@mailbox.org,+447133997702,Berlin,Cobalt Enterprise,Refund,Urgent,Web-Form,Pending Customer,Premium,2,371.0,,104.96,Account | Security | Urgent,Customer supplied screenshots.
TKT-01139,2024-01-12 00:00:00,Robin Walker,robin.walker@outlook.com,+447702185658,Bristol,Nimbus Basic,Subscription,Urgent,Email,Escalated,Premium,3,1060.0,,111.86,Refund,Issue reproduced on a mobile device.
TKT-01466,2025-06-06 03:39:00,Arden Wilson,arden.wilson@gmail.com,+14052794378,Singapore,Cobalt Enterprise,Technical Issue,Medium,Web-Form,Pending Customer,Premium,3,,,111.37,Feature-Request,Escalated to the specialist queue.
TKT-00552,2026-06-03 00:00:00,Reese Parker,reese.parker46@gmail.com,+15458438722,Dublin,Lumen Starter,Account Access,Urgent,Live Chat,Pending Customer,,5,613.0,48,70.44,Billing | Invoice,Follow-up required next business day.
TKT-01518,2024-03-12 03:25:00,Hayden Nguyen,hayden.nguyen54@company.co,+8468030062,Melbourne,Cobalt Enterprise,Delivery,High,Live Chat,Pending Customer,Free,1,,,113.69,Refund,Issue reproduced on a mobile device.
TKT-01742,2024-03-01 23:35:00,Hayden Brooks,hayden.brooks@example.com,,Amsterdam,Harbor Essentials,Billing,High,Live Chat,Open,Enterprise,5,,92,69.71,Billing | Invoice,
TKT-02422,2024-05-10 00:58:00,Ellis Kowalski,ellis.kowalski@gmail.com,+18124845868,Birmingham,Harbor Essentials,Subscription,Urgent,Web-Form,Open,,3,865.0,,143.33,Delivery | Late,
TKT-02768,2025-11-25 00:00:00,Taylor Kowalski,taylor.kowalski69@gmail.com,,Berlin,Lumen Starter,Refund,Urgent,Live Chat,Open,Premium,,,1,104.01,,Customer requested an update after the first response.
TKT-01598,2024-08-26 00:00:00,Micah Nguyen,micah.nguyen@outlook.com,,Berlin,Harbor Essentials,Technical Issue,High,Live Chat,Escalated,,4,,54,192.16,Product Question,Customer mentioned a previous unresolved ticket.
TKT-01075,2026-05-09 00:00:00,Jamie Ibrahim,jamie.ibrahim91@outlook.com,,Austin,Atlas Pro,Billing,Medium,Email,Resolved,,5,,83,133.79,Account | Security | Urgent,
TKT-02450,2026-02-14 00:00:00,Tatum Santos,tatum.santos@mailbox.org,,Leeds,Orchid Plus,Subscription,Medium,Web-Form,Closed,,4,,,41.02,Billing | Invoice,Customer requested an update after the first response.
TKT-02381,2024-01-14 00:00:00,Parker Petrov,parker.petrov77@outlook.com,+447533923278,Berlin,Orchid Plus,Refund,Medium,Email,Open,Free,3,,48,25.99,Delivery | Late,Follow-up required next business day.
TKT-01135,2025-07-24 00:00:00,Finley Novak,finley.novak63@outlook.com,,Melbourne,Nimbus Basic,Security,Urgent,Social,Resolved,Standard,5,,,65.57,Account | Security | Urgent,No additional context provided.
TKT-00298,2025-02-04 00:00:00,Emerson Sullivan,emerson.sullivan@outlook.com,+447580931023,Toronto,Nimbus Basic,Billing,Urgent,Social,Resolved,Enterprise,3,,,95.9,Refund,Customer requested an update after the first response.
TKT-02069,2024-11-30 00:00:00,Emerson Bennett,emerson.bennett@outlook.com,,Leeds,Mosaic Team,Billing,High,Phone,Escalated,Standard,,,,157.25,Login | Password,Follow-up required next business day.
TKT-00055,2025-07-27 09:20:00,Cameron Patel,cameron.patel87@company.co,+14545525201,Singapore,Cobalt Enterprise,Subscription,Medium,Phone,Resolved,Premium,,,,135.7,Account | Security | Urgent,Follow-up required next business day.
TKT-01519,2024-07-31 00:00:00,Cameron Kowalski,cameron.kowalski@mailbox.org,+4239036170,Amsterdam,Cobalt Enterprise,Account Access,Medium,Social,Pending Customer,Free,,,48,22.67,,
TKT-01385,2026-02-16 00:00:00,Quinn Brooks,,+16845151687,Amsterdam,Harbor Essentials,Account Access,Medium,Email,Resolved,Premium,5,322.0,92,119.82,,Customer requested an update after the first response.
TKT-01632,2025-01-13 09:02:00,Robin Turner,robin.turner@outlook.com,+13899168175,Melbourne,Nimbus Basic,Delivery,Urgent,Live Chat,Pending Customer,Standard,2,935.0,,32.45,Product Question,No additional context provided.
TKT-00939,2024-02-07 19:56:00,Robin Santos,robin.santos@example.com,+447058481506,London,Harbor Essentials,Billing,Medium,Live Chat,Resolved,Premium,5,1272.0,48,92.41,Product Question,Follow-up required next business day.
TKT-02080,2024-08-10 16:19:00,Jamie Larsen,jamie.larsen@gmail.com,+19384163688,London,Harbor Essentials,Product Question,Medium,Social,Open,Standard,,,,54.24,Billing | Invoice,Customer supplied screenshots.
TKT-02631,2024-02-03 00:00:00,Parker Novak,parker.novak@gmail.com,,Cape Town,Mosaic Team,Account Access,Low,Web-Form,Open,Premium,,1408.0,,95.31,Login | Password,Customer supplied screenshots.
TKT-02047,2026-04-27 00:00:00,Parker Patel,parker.patel94@example.com,+15825061762,Bristol,Harbor Essentials,Subscription,Low,Phone,Pending Customer,Premium,4,1041.0,48,79.01,Billing | Invoice,Customer supplied screenshots.
TKT-00917,2025-04-15 00:00:00,Kendall Hansen,kendall.hansen16@company.co,+3187115184,Berlin,Vertex Analytics,Delivery,Urgent,Email,Pending Customer,,,,68,112.43,Login | Password,Customer requested an update after the first response.
TKT-01356,2025-05-22 00:00:00,Quinn Carter,quinn.carter@gmail.com,,New York,Harbor Essentials,Subscription,Urgent,Live Chat,Resolved,Premium,4,1048.0,48,0,,Customer supplied screenshots.
TKT-02627,2025-04-11 09:58:00,Shawn Chen,shawn.chen92@company.co,,Berlin,Atlas Pro,Product Question,Urgent,Email,Resolved,,5,,48,156.19,Feature-Request,No additional context provided.
TKT-01437,2026-05-31 00:00:00,Parker Morris,parker.morris@gmail.com,+447275940883,Birmingham,Orchid Plus,Feature Request,Low,Web-Form,Open,Free,3,,,65.32,,Customer supplied screenshots.
TKT-01387,2025-02-17 01:09:00,Cameron Carter,cameron.carter@gmail.com,,Manchester,Lumen Starter,Delivery,Medium,Email,Pending Customer,Enterprise,5,,48,150.6,Delivery | Late,Customer supplied screenshots.
TKT-00722,2025-12-04 07:17:00,Ellis Ibrahim,ellis.ibrahim67@mailbox.org,+16885178505,Manchester,Orchid Plus,Subscription,Medium,Live Chat,Escalated,Enterprise,,,,0,Refund,Customer requested an update after the first response.
TKT-00849,2024-01-13 07:27:00,Devon Petrov,devon.petrov@gmail.com,+13063053626,Amsterdam,Orchid Plus,Technical Issue,Low,Phone,Escalated,Free,5,816.0,,43.92,Refund,
TKT-02461,2025-05-03 00:00:00,Arden Wilson,arden.wilson14@gmail.com,,Birmingham,Mosaic Team,Technical Issue,Urgent,Live Chat,Resolved,Standard,2,,,83.18,Billing | Invoice,No additional context provided.
TKT-00173,2024-09-01 00:00:00,Alexis Turner,alexis.turner@example.com,,Manchester,Atlas Pro,Refund,Low,Web-Form,Open,Premium,,,,74.76,Delivery | Late,
TKT-00820,2024-12-03 20:50:00,Blake Diaz,blake.diaz@outlook.com,+19798626292,London,Atlas Pro,Delivery,High,Social,Resolved,Premium,4,1769.0,,137.6,Refund,
TKT-00175,2025-04-10 00:00:00,Rowan Meyer,rowan.meyer59@mailbox.org,+12392138627,London,Vertex Analytics,Subscription,Urgent,Social,Resolved,,5,,,94.22,Bug | Mobile,Issue reproduced on a mobile device.
TKT-01006,2025-02-28 08:57:00,Reese Hansen,reese.hansen78@outlook.com,+18422972789,Dublin,Mosaic Team,Account Access,Urgent,Live Chat,Open,Enterprise,5,1492.0,42,100.64,Delivery | Late,No additional context provided.
TKT-02212,2024-03-21 00:00:00,Casey Ibrahim,casey.ibrahim@company.co,+16139574187,Bristol,Atlas Pro,Account Access,Urgent,Email,Escalated,Enterprise,,,,112.25,Login | Password,Issue reproduced on a mobile device.
TKT-01194,2025-12-25 00:00:00,Milan Grant,milan.grant94@mailbox.org,+12696188988,Toronto,Nimbus Basic,Refund,Urgent,Web-Form,Open,,,787.0,5,96.59,Delivery | Late,Customer mentioned a previous unresolved ticket.
TKT-00848,2024-07-13 00:00:00,Blake Okafor,blake.okafor@example.com,,Birmingham,Nimbus Basic,Technical Issue,Urgent,Web-Form,Open,Enterprise,,,73,214.04,Delivery | Late,No additional context provided.
TKT-00442,2024-02-20 00:00:00,Avery Kowalski,avery.kowalski@gmail.com,+13903863900,Melbourne,Lumen Starter,Account Access,Urgent,Web-Form,Pending Customer,Standard,,,,77.2,,Follow-up required next business day.
TKT-01747,2024-07-13 00:00:00,Drew Reed,drew.reed11@company.co,+6786389662,Bristol,Atlas Pro,Subscription,Low,Social,Closed,Premium,5,1191.0,9,132.64,Feature-Request,Issue reproduced on a mobile device.
TKT-02606,2026-02-27 00:00:00,Quinn Bennett,quinn.bennett@gmail.com,+17596494160,London,Lumen Starter,Account Access,High,Live Chat,Open,Premium,5,,28,68.85,,Follow-up required next business day.
TKT-02638,2025-08-07 09:59:00,Cameron Patel,cameron.patel@example.com,,Birmingham,Cobalt Enterprise,Delivery,Low,Web-Form,Closed,Standard,5,,5,130.77,Login | Password,
TKT-01867,2026-02-23 00:00:00,Rowan Wilson,rowan.wilson@company.co,,Manchester,Orchid Plus,Refund,Urgent,Web-Form,Open,Premium,5,1581.0,,135.79,,Customer supplied screenshots.
TKT-01843,2024-01-29 00:00:00,Drew Singh,,,Cape Town,Nimbus Basic,Security,Urgent,Live Chat,Pending Customer,Enterprise,,,,48.82,Feature-Request,Customer mentioned a previous unresolved ticket.
TKT-02704,2025-12-27 00:00:00,Skyler Patel,skyler.patel@example.com,,Birmingham,Orchid Plus,Feature Request,Urgent,Web-Form,Escalated,,4,1336.0,6,135.3,Delivery | Late,Customer mentioned a previous unresolved ticket.
TKT-00191,2025-04-22 06:53:00,Cameron Singh,cameron.singh63@gmail.com,+14229737165,London,Harbor Essentials,Subscription,High,Web-Form,Resolved,Enterprise,1,,,54.44,,
TKT-00808,2025-06-03 00:00:00,Drew Singh,drew.singh@example.com,+11119638108,Cape Town,Harbor Essentials,Refund,Urgent,Email,Escalated,Premium,,,,52.67,,Customer requested an update after the first response.
TKT-02092,2024-12-28 06:58:00,Morgan Meyer,morgan.meyer@example.com,,Berlin,Vertex Analytics,Account Access,Medium,Phone,Open,,5,,48,95.53,,Customer mentioned a previous unresolved ticket.
TKT-01259,2024-06-03 06:45:00,Emerson Bennett,,+2698683286,Amsterdam,Harbor Essentials,Billing,Medium,Web-Form,Closed,Premium,,383.0,48,40.22,Feature-Request,No additional context provided.
TKT-02305,2024-02-01 00:00:00,Drew Wilson,drew.wilson53@example.com,+447478286833,London,Cobalt Enterprise,Feature Request,High,Email,Pending Customer,Premium,1,,,188.76,Billing | Invoice,Customer supplied screenshots.
TKT-00922,2024-04-20 19:28:00,Micah Santos,micah.santos@company.co,+5510789974,New York,Vertex Analytics,Product Question,High,Social,Resolved,Premium,,,,22.54,Billing | Invoice,
TKT-02228,2025-04-09 23:34:00,Emerson Chen,emerson.chen@example.com,+16107991355,Austin,Vertex Analytics,Feature Request,Urgent,Phone,Closed,Premium,3,,,45.98,Billing | Invoice,
TKT-00812,2025-02-14 00:00:00,Arden Fischer,arden.fischer74@company.co,+6437243875,London,Vertex Analytics,Delivery,High,Web-Form,Resolved,Enterprise,5,,17,54.81,,No additional context provided.
TKT-02603,2024-01-30 00:00:00,Riley Okafor,riley.okafor@example.com,,Dublin,Mosaic Team,Refund,Low,Phone,Pending Customer,Premium,4,,,44.06,,Customer requested an update after the first response.
TKT-00733,2025-04-03 21:07:00,Blake Okafor,blake.okafor13@mailbox.org,+17631292701,Amsterdam,Mosaic Team,Feature Request,Medium,Email,Open,,4,982.0,,101.45,Billing | Invoice,
TKT-00348,2025-08-14 15:44:00,Finley Kim,finley.kim@company.co,+13138186427,Manchester,Lumen Starter,Security,Low,Email,Open,,4,,83,1.59,Account | Security | Urgent,Issue reproduced on a mobile device.
TKT-00970,2025-01-22 20:42:00,Micah Larsen,micah.larsen32@mailbox.org,+18404071707,Melbourne,Cobalt Enterprise,Billing,Low,Live Chat,Pending Customer,,5,728.0,48,0.31,Feature-Request,
TKT-01016,2024-07-29 01:03:00,Quinn Grant,quinn.grant@outlook.com,+13737318271,Cape Town,Atlas Pro,Billing,Low,Social,Open,,1,1510.0,41,89.89,Billing | Invoice,No additional context provided.
TKT-00359,2026-01-26 05:11:00,Jamie Ibrahim,jamie.ibrahim24@example.com,,Leeds,Vertex Analytics,Product Question,High,Live Chat,Resolved,Premium,5,,48,96.75,Bug | Mobile,Escalated to the specialist queue.
TKT-01214,2026-03-22 17:12:00,Robin Hansen,robin.hansen@company.co,+14306151380,Manchester,Atlas Pro,Feature Request,Urgent,Social,Resolved,Premium,2,,48,128.22,,
TKT-01682,2026-05-09 00:00:00,Shawn Patel,shawn.patel20@outlook.com,,London,Harbor Essentials,Feature Request,Urgent,Email,Pending Customer,Enterprise,,1518.0,46,77.67,Login | Password,No additional context provided.
TKT-00880,2024-07-31 14:45:00,Rowan Petrov,rowan.petrov@gmail.com,+18964464049,Cape Town,Nimbus Basic,Billing,High,Phone,Escalated,,,1515.0,,144.36,,
TKT-01464,2024-04-19 22:08:00,Devon Sullivan,devon.sullivan24@example.com,,,Orchid Plus,Subscription,Medium,Social,Open,Premium,2,1353.0,,32.22,Account | Security | Urgent,
TKT-00466,2024-07-18 00:00:00,Quinn Brooks,quinn.brooks@mailbox.org,+13754076648,London,Cobalt Enterprise,Security,Medium,Web-Form,Escalated,Enterprise,3,1390.0,58,66.85,,Follow-up required next business day.
TKT-02679,2025-03-10 08:47:00,Tatum Morris,tatum.morris63@company.co,,New York,Vertex Analytics,Subscription,Urgent,Web-Form,Open,Premium,4,1068.0,48,84.24,,Customer requested an update after the first response.
TKT-01635,2025-03-04 00:00:00,Arden Wilson,arden.wilson@gmail.com,+18119635366,Bristol,Lumen Starter,Refund,Medium,Social,Pending Customer,Free,4,,48,60.59,Product Question,Customer mentioned a previous unresolved ticket.
TKT-01211,2025-09-02 09:33:00,Hayden Kowalski,hayden.kowalski@company.co,+16465588846,Berlin,Vertex Analytics,Technical Issue,High,Email,Pending Customer,Premium,4,1381.0,12,10.59,Bug | Mobile,Follow-up required next business day.
TKT-02061,2024-10-01 11:45:00,Hayden Brooks,,+18256333573,Melbourne,Harbor Essentials,Refund,Medium,Phone,Open,Standard,,,,125.8,Login | Password,Issue reproduced on a mobile device.
TKT-00458,2024-09-02 15:24:00,Drew Ibrahim,drew.ibrahim@outlook.com,+5315751690,Manchester,Vertex Analytics,Refund,High,Live Chat,Open,,4,879.0,50,22.06,Login | Password,Customer requested an update after the first response.
TKT-02136,2025-11-21 00:00:00,Marley Diaz,marley.diaz1@mailbox.org,+9715419083,London,Cobalt Enterprise,Delivery,High,Social,Open,Standard,5,,,47.45,Feature-Request,Issue reproduced on a mobile device.
TKT-01887,2024-12-01 04:43:00,Emerson Carter,emerson.carter9@example.com,+447217650421,Berlin,Cobalt Enterprise,Account Access,Low,Email,Resolved,Free,3,1283.0,,34.47,Billing | Invoice,Customer requested an update after the first response.
TKT-00678,2025-07-22 04:54:00,Rowan Larsen,rowan.larsen@company.co,+18304231724,Cape Town,Vertex Analytics,Technical Issue,High,Web-Form,Open,Premium,,,,175.37,Feature-Request,
TKT-01768,2025-01-01 00:00:00,Hayden Santos,hayden.santos@mailbox.org,,London,Harbor Essentials,Product Question,Low,Live Chat,Open,Standard,2,,44,69.33,Delivery | Late,Escalated to the specialist queue.
TKT-02454,2024-03-19 00:00:00,Drew Kim,drew.kim@example.com,+12737252203,Austin,Vertex Analytics,Security,High,Email,Closed,Premium,5,510.0,16,39.63,Billing | Invoice,
TKT-01088,2026-01-19 00:00:00,Arden Petrov,arden.petrov@outlook.com,+13685259827,London,Lumen Starter,Subscription,High,Email,Pending Customer,Free,5,825.0,,92.13,Bug | Mobile,Escalated to the specialist queue.
TKT-00685,2025-02-17 00:00:00,Drew Okafor,drew.okafor@example.com,+16685117479,Glasgow,Orchid Plus,Subscription,Urgent,Live Chat,Closed,,4,1004.0,37,11.78,Feature-Request,Customer mentioned a previous unresolved ticket.
TKT-00013,2025-08-05 00:00:00,Rowan Larsen,rowan.larsen@example.com,+15296768238,Birmingham,Harbor Essentials,Security,Urgent,Live Chat,Pending Customer,Enterprise,,193.0,,92.31,Login | Password,Follow-up required next business day.
TKT-02369,2024-04-19 00:00:00,Tatum Brooks,tatum.brooks@outlook.com,+447101604068,Leeds,Cobalt Enterprise,Technical Issue,Low,Web-Form,Open,Enterprise,,,30,17.59,,
TKT-01272,2024-03-20 00:00:00,Sage Grant,sage.grant@example.com,,Singapore,Atlas Pro,Security,Urgent,Social,Resolved,,3,,,112.5,Bug | Mobile,Customer supplied screenshots.
TKT-00739,2025-05-21 07:22:00,Emerson Santos,emerson.santos@outlook.com,+447537593878,Toronto,Cobalt Enterprise,Billing,Medium,Email,Pending Customer,Premium,4,,48,170.6,,Escalated to the specialist queue.
TKT-02357,2024-10-27 08:46:00,Kendall Wilson,kendall.wilson80@mailbox.org,+17851121061,Cape Town,Lumen Starter,Feature Request,Urgent,Email,Resolved,Premium,4,,48,58.69,Login | Password,Escalated to the specialist queue.
TKT-00894,2026-06-10 00:00:00,Quinn Chen,quinn.chen@example.com,+447438619683,Berlin,Lumen Starter,Security,High,Social,Open,,,1302.0,,143.31,Bug | Mobile,Customer mentioned a previous unresolved ticket.
TKT-01666,2025-10-17 00:00:00,Kendall Sullivan,kendall.sullivan@company.co,+447958483461,Manchester,Cobalt Enterprise,Security,Urgent,Live Chat,Resolved,,,,,77.74,Bug | Mobile,Customer requested an update after the first response.
TKT-02152,2024-01-14 22:03:00,Jamie Meyer,jamie.meyer80@example.com,+16163427140,Amsterdam,Orchid Plus,Refund,High,Web-Form,Pending Customer,Premium,,1721.0,,170.38,Bug | Mobile,No additional context provided.
TKT-00720,2024-09-16 18:32:00,Quinn Fischer,quinn.fischer@mailbox.org,,Seattle,Mosaic Team,Product Question,Low,Live Chat,Escalated,Standard,5,,48,75.87,Product Question,Customer supplied screenshots.
TKT-02147,2025-08-08 00:00:00,Kendall Diaz,kendall.diaz77@example.com,+13947942299,Birmingham,Cobalt Enterprise,Delivery,High,Email,Pending Customer,Premium,1,1089.0,48,0,Product Question,
TKT-00059,2025-07-03 00:00:00,Casey Ibrahim,casey.ibrahim@company.co,,New York,Atlas Pro,Technical Issue,Urgent,Email,Closed,Enterprise,5,,25,97.22,Login | Password,Customer mentioned a previous unresolved ticket.
TKT-02043,2026-05-12 00:00:00,Morgan Fischer,morgan.fischer42@example.com,,Bristol,Lumen Starter,Feature Request,Urgent,Web-Form,Escalated,Enterprise,5,1287.0,,50.18,,Customer mentioned a previous unresolved ticket.
TKT-01327,2025-09-01 20:53:00,Jamie Diaz,jamie.diaz@example.com,,Amsterdam,Cobalt Enterprise,Technical Issue,Medium,Social,Pending Customer,,4,491.0,55,27.34,,Issue reproduced on a mobile device.
TKT-01052,2026-01-11 17:10:00,Morgan Hughes,morgan.hughes@outlook.com,,Toronto,Nimbus Basic,Account Access,Medium,Web-Form,Pending Customer,Premium,1,,38,100.77,Billing | Invoice,Customer mentioned a previous unresolved ticket.
TKT-00271,2025-06-07 14:10:00,Riley Bennett,riley.bennett@mailbox.org,+14319007303,Austin,Orchid Plus,Security,High,Social,Closed,Premium,5,,48,158.27,Login | Password,Customer supplied screenshots.
TKT-01260,2024-06-17 00:00:00,Taylor Brooks,taylor.brooks@mailbox.org,+9882904305,New York,Cobalt Enterprise,Security,High,Email,Resolved,Premium,2,281.0,,75.93,,
TKT-02582,2026-05-24 00:00:00,Tatum Morris,tatum.morris98@gmail.com,+13693423422,Seattle,Vertex Analytics,Feature Request,Low,Live Chat,Resolved,,2,,,100.4,Refund,Customer supplied screenshots.
TKT-02518,2024-06-05 00:00:00,Cameron Okafor,cameron.okafor@outlook.com,+447554738243,Dublin,Cobalt Enterprise,Product Question,Medium,Social,Escalated,Standard,4,,48,,Billing | Invoice,Escalated to the specialist queue.
TKT-00320,2026-05-08 17:21:00,Micah Morales,micah.morales@example.com,,Birmingham,Vertex Analytics,Technical Issue,Medium,Phone,Resolved,Premium,,606.0,,71.84,Delivery | Late,No additional context provided.
TKT-02397,2024-10-08 00:00:00,Finley Okafor,,,Toronto,Vertex Analytics,Account Access,Medium,Live Chat,Open,Premium,4,,,28.3,,Customer mentioned a previous unresolved ticket.
TKT-01055,2025-01-12 00:00:00,Blake Turner,blake.turner95@outlook.com,+447714558035,London,Harbor Essentials,Product Question,Medium,Email,Resolved,Premium,1,,,48.73,Account | Security | Urgent,Follow-up required next business day.
TKT-01762,2024-07-05 00:00:00,Hayden Meyer,hayden.meyer@outlook.com,,Melbourne,Cobalt Enterprise,Delivery,Low,Social,Escalated,Free,1,318.0,48,119.82,Account | Security | Urgent,Customer requested an update after the first response.
TKT-01449,2024-08-28 00:00:00,Micah Petrov,micah.petrov@gmail.com,+447182635067,Singapore,Orchid Plus,Security,Low,Phone,Open,,1,,42,147.11,,Customer mentioned a previous unresolved ticket.
TKT-02165,2026-02-07 00:00:00,Hayden Wilson,hayden.wilson@outlook.com,+14525772893,Seattle,Atlas Pro,Subscription,Medium,Live Chat,Escalated,Premium,2,,,,Billing | Invoice,No additional context provided.
TKT-00862,2024-11-12 09:03:00,Arden Hansen,arden.hansen@outlook.com,+13633105084,Toronto,Lumen Starter,Security,Medium,Web-Form,Resolved,Premium,5,,,0,Account | Security | Urgent,Follow-up required next business day.
TKT-02090,2024-09-02 00:00:00,Quinn Brooks,quinn.brooks42@outlook.com,,London,Lumen Starter,Feature Request,Urgent,Social,Pending Customer,Standard,1,,,158.89,,
TKT-00984,2025-09-06 04:15:00,Parker Singh,parker.singh59@gmail.com,+16265195474,Amsterdam,Lumen Starter,Account Access,Low,Email,Pending Customer,Standard,1,203.0,48,76.38,Feature-Request,Customer mentioned a previous unresolved ticket.
TKT-01320,2026-04-29 00:00:00,Sage Chen,sage.chen76@example.com,,Melbourne,Lumen Starter,Refund,Low,Web-Form,Closed,Standard,4,,,68.72,Billing | Invoice,
TKT-01276,2024-06-19 00:00:00,Skyler Wilson,skyler.wilson@outlook.com,+447373482612,Toronto,Nimbus Basic,Billing,High,Email,Resolved,,,,64,86.79,Feature-Request,Escalated to the specialist queue.
TKT-02390,2024-09-07 19:41:00,Drew Brooks,drew.brooks19@gmail.com,+13967586204,Dublin,Lumen Starter,Technical Issue,High,Email,Closed,,,,8,135.94,,Follow-up required next business day.
TKT-00202,2024-07-02 00:00:00,Casey Petrov,casey.petrov@gmail.com,,Leeds,Harbor Essentials,Billing,Urgent,Phone,Resolved,Standard,5,,48,109.84,Delivery | Late,Escalated to the specialist queue.
TKT-02680,2024-09-20 00:00:00,Shawn Singh,shawn.singh@company.co,,Glasgow,Lumen Starter,Product Question,Medium,Web-Form,Pending Customer,,1,1513.0,49,64.51,,No additional context provided.
TKT-00857,2025-02-03 00:00:00,Kendall Patel,kendall.patel94@mailbox.org,+447107764169,Bristol,Lumen Starter,Delivery,Urgent,Live Chat,Escalated,Free,,,,33.22,Account | Security | Urgent,
TKT-01669,2026-04-18 00:00:00,Hayden Novak,hayden.novak10@outlook.com,+8526291846,Berlin,Vertex Analytics,Subscription,Low,Web-Form,Open,Free,2,270.0,48,125.23,Delivery | Late,Customer supplied screenshots.
TKT-00858,2025-12-29 00:00:00,Avery Walker,avery.walker@example.com,,Toronto,Harbor Essentials,Refund,Medium,Live Chat,Resolved,,1,,,104.93,Billing | Invoice,Escalated to the specialist queue.
TKT-01955,2025-10-15 02:13:00,Jordan Diaz,jordan.diaz@outlook.com,+6491932058,London,Mosaic Team,Product Question,Low,Social,Open,,,,48,46.24,Billing | Invoice,Escalated to the specialist queue.
TKT-00156,2026-05-10 01:03:00,Reese Santos,reese.santos22@company.co,,Berlin,Orchid Plus,Delivery,Medium,Phone,Closed,,5,,48,39.71,Billing | Invoice,
TKT-00388,2025-09-30 00:00:00,Milan Grant,milan.grant@gmail.com,,London,Orchid Plus,Billing,Medium,Phone,Pending Customer,Enterprise,,577.0,,182.19,Login | Password,Customer supplied screenshots.
TKT-00972,2026-06-12 00:00:00,Riley Reed,riley.reed@gmail.com,+6376540309,London,Harbor Essentials,Delivery,Medium,Social,Resolved,Enterprise,,,49,41.54,Billing | Invoice,Customer mentioned a previous unresolved ticket.
TKT-01964,2026-05-23 00:00:00,Ellis Hughes,ellis.hughes@gmail.com,+447873360125,Singapore,Lumen Starter,Technical Issue,Low,Web-Form,Resolved,Premium,3,,,114.49,Account | Security | Urgent,
TKT-02024,2024-07-15 09:21:00,Taylor Hansen,taylor.hansen@example.com,+18707903261,Melbourne,Orchid Plus,Feature Request,Low,Live Chat,Closed,Premium,1,,39,7.01,Account | Security | Urgent,No additional context provided.
TKT-00553,2026-01-28 04:37:00,Jordan Parker,jordan.parker@mailbox.org,,Berlin,Mosaic Team,Billing,High,Live Chat,Pending Customer,Enterprise,4,,80,143.23,Billing | Invoice,Escalated to the specialist queue.
TKT-00366,2026-04-29 03:47:00,Taylor Larsen,taylor.larsen@outlook.com,+12847163991,Bristol,Orchid Plus,Delivery,High,Web-Form,Open,,5,1232.0,54,56.93,Bug | Mobile,
TKT-00514,2025-04-15 00:00:00,Blake Kim,blake.kim56@company.co,+447800744208,Berlin,Orchid Plus,Security,Low,Social,Open,Premium,2,,,29.08,Delivery | Late,Customer mentioned a previous unresolved ticket.
TKT-01220,2025-10-03 00:00:00,Avery Walker,avery.walker@gmail.com,,Amsterdam,Atlas Pro,Billing,Medium,Phone,Closed,,2,,,196.98,Feature-Request,No additional context provided.
TKT-02405,2025-12-20 00:00:00,Robin Petrov,robin.petrov@company.co,+12114557337,Amsterdam,Vertex Analytics,Product Question,High,Live Chat,Pending Customer,Premium,,,,171.04,Product Question,Customer mentioned a previous unresolved ticket.
TKT-01257,2026-01-20 20:37:00,Robin Kowalski,robin.kowalski55@outlook.com,+19768549176,London,Nimbus Basic,Subscription,Low,Email,Escalated,Free,4,,,170.99,Refund,No additional context provided.
TKT-02549,2024-12-28 00:00:00,Marley Fischer,marley.fischer@example.com,+447351571608,Melbourne,Mosaic Team,Security,High,Phone,Open,Standard,2,921.0,71,135.18,,Escalated to the specialist queue.
TKT-02535,2024-02-10 00:00:00,Avery Walker,avery.walker71@outlook.com,+447064535904,Amsterdam,Harbor Essentials,Subscription,Urgent,Email,Closed,,,,,56.04,Billing | Invoice,
TKT-01587,2025-05-27 16:40:00,Parker Reed,parker.reed@mailbox.org,+447323731452,Glasgow,Cobalt Enterprise,Refund,Urgent,Live Chat,Closed,Enterprise,4,,,88.7,Billing | Invoice,
TKT-02266,2026-05-23 00:00:00,Tatum Hughes,tatum.hughes65@company.co,+447479872212,Birmingham,Nimbus Basic,Security,Low,Phone,Resolved,,4,582.0,48,144.59,Login | Password,Customer requested an update after the first response.
TKT-01534,2026-04-23 00:00:00,Arden Santos,arden.santos@mailbox.org,+6643580043,Singapore,Cobalt Enterprise,Security,High,Live Chat,Pending Customer,Free,5,1422.0,,70.88,Feature-Request,Customer mentioned a previous unresolved ticket.
TKT-01253,2025-05-17 00:00:00,Jordan Walker,jordan.walker@outlook.com,+16449534353,London,Vertex Analytics,Billing,Medium,Live Chat,Resolved,Free,4,,13,0.00,Product Question,No additional context provided.
TKT-02091,2024-01-02 01:20:00,Rowan Turner,rowan.turner@gmail.com,+18798994971,Toronto,Atlas Pro,Product Question,Urgent,Web-Form,Resolved,Free,1,885.0,,,Bug | Mobile,
TKT-01984,2024-01-09 00:00:00,Hayden Chen,hayden.chen@mailbox.org,+12347664218,Berlin,Mosaic Team,Technical Issue,High,Email,Pending Customer,Premium,4,,,126.43,Billing | Invoice,Customer mentioned a previous unresolved ticket.
TKT-00558,2024-05-02 00:00:00,Finley Petrov,finley.petrov31@example.com,+5916641596,Glasgow,Orchid Plus,Subscription,High,Social,Escalated,Standard,4,,48,55.21,Feature-Request,Issue reproduced on a mobile device.
TKT-02699,2025-07-21 00:00:00,Jordan Meyer,,,Manchester,Harbor Essentials,Subscription,Urgent,Web-Form,Escalated,,2,,,113.21,Refund,No additional context provided.
TKT-01167,2024-10-12 23:31:00,Emerson Santos,emerson.santos@outlook.com,+15323924827,Toronto,Mosaic Team,Delivery,Medium,Email,Pending Customer,Premium,5,,,155.14,Billing | Invoice,Issue reproduced on a mobile device.
TKT-00677,2025-08-30 13:37:00,Robin Patel,robin.patel15@mailbox.org,,Manchester,Harbor Essentials,Account Access,Urgent,Phone,Pending Customer,Premium,2,1572.0,78,17.92,,Customer mentioned a previous unresolved ticket.
TKT-00306,2025-03-24 00:00:00,Cameron Kim,cameron.kim@mailbox.org,+12887961397,New York,Orchid Plus,Technical Issue,Urgent,Live Chat,Open,,4,1165.0,,85.45,,
TKT-01018,2025-06-02 00:00:00,Shawn Kim,shawn.kim@example.com,+447725370783,Bristol,Vertex Analytics,Account Access,Low,Social,Closed,Premium,4,,,52.39,Login | Password,Customer requested an update after the first response.
TKT-01912,2024-08-08 00:00:00,riley parker,riley.parker@gmail.com,+16555608261,Dublin,Cobalt Enterprise,Feature Request,Low,Live Chat,Resolved,,2,1107.0,,201.72,Billing | Invoice,Escalated to the specialist queue.
TKT-01332,2026-04-10 00:00:00,Rowan Brooks,rowan.brooks67@example.com,+447035393120,,Cobalt Enterprise,Technical Issue,Low,Email,Escalated,,,,48,146.03,Bug | Mobile,Follow-up required next business day.
TKT-00702,2024-10-16 00:00:00,Milan Chen,milan.chen@mailbox.org,,Berlin,Mosaic Team,Billing,Urgent,Email,Resolved,Free,3,,61,136.7,Delivery | Late,Escalated to the specialist queue.
TKT-02287,2025-11-05 16:43:00,Finley Singh,finley.singh@example.com,,Manchester,Cobalt Enterprise,Account Access,Medium,Live Chat,Closed,Free,,508.0,68,122.09,,
TKT-01920,2024-05-27 19:25:00,Reese Ahmed,reese.ahmed72@gmail.com,+447542550231,Seattle,Mosaic Team,Security,Medium,Phone,Pending Customer,Enterprise,5,270.0,40,53.04,Refund,Customer supplied screenshots.
TKT-01300,2024-01-22 00:00:00,Cameron Turner,cameron.turner@mailbox.org,,Singapore,Harbor Essentials,Delivery,Urgent,Live Chat,Open,Free,,,,96.69,Delivery | Late,Issue reproduced on a mobile device.
TKT-02706,2026-02-26 00:00:00,Parker Kim,parker.kim45@gmail.com,,London,Nimbus Basic,Technical Issue,High,Phone,Open,Premium,4,,11,136.48,Refund,Customer supplied screenshots.
TKT-00086,2024-03-17 06:55:00,Riley Novak,riley.novak@company.co,+13237486870,Berlin,Orchid Plus,Billing,High,Phone,Escalated,Free,5,,48,51.4,Feature-Request,Customer mentioned a previous unresolved ticket.
TKT-01418,2024-11-27 00:00:00,Skyler Reed,skyler.reed@example.com,+12536058601,London,Cobalt Enterprise,Billing,Low,Social,Open,Enterprise,,,48,93.77,Refund,Customer supplied screenshots.
TKT-01980,2024-07-05 00:00:00,Reese Hughes,reese.hughes@outlook.com,+11517783858,Dublin,Orchid Plus,Feature Request,Medium,Web-Form,Open,Enterprise,,409.0,13,101.39,Account | Security | Urgent,Follow-up required next business day.
TKT-01452,2024-12-06 00:00:00,Quinn Meyer,quinn.meyer54@gmail.com,,Birmingham,Cobalt Enterprise,Subscription,Urgent,Email,Open,Premium,3,12.0,81,172.62,Billing | Invoice,
TKT-00361,2026-02-13 07:09:00,Taylor Reed,taylor.reed46@company.co,+15671161118,Birmingham,Mosaic Team,Subscription,Low,Social,Resolved,Free,4,,48,107.56,Billing | Invoice,No additional context provided.
TKT-00225,2024-01-06 00:00:00,Quinn Ibrahim,quinn.ibrahim@example.com,+12764554225,Amsterdam,Nimbus Basic,Subscription,Medium,Phone,Open,Free,1,,,53.04,Feature-Request,Customer requested an update after the first response.
TKT-00276,2025-01-06 00:00:00,Micah Parker,micah.parker@outlook.com,+18112116064,Austin,Mosaic Team,Refund,High,Live Chat,Resolved,Enterprise,,,48,104.42,Feature-Request,No additional context provided.
TKT-01404,2024-04-15 00:00:00,Taylor Okafor,taylor.okafor70@mailbox.org,,Glasgow,Orchid Plus,Delivery,Medium,Web-Form,Pending Customer,Premium,5,267.0,,118.54,Login | Password,Follow-up required next business day.
TKT-00296,2025-04-11 00:00:00,Avery Singh,avery.singh@gmail.com,+11016005055,Seattle,Lumen Starter,Subscription,Low,Email,Pending Customer,Free,1,,,40.89,Billing | Invoice,No additional context provided.
TKT-02769,2026-02-24 00:00:00,Finley Carter,finley.carter@gmail.com,+13089104088,,Nimbus Basic,Feature Request,Medium,Social,Open,,,,26,50.6,Bug | Mobile,
TKT-01630,2025-10-31 19:31:00,Blake Turner,blake.turner@outlook.com,+447653561759,London,Harbor Essentials,Delivery,High,Email,Resolved,Standard,,,48,125.9,,Customer supplied screenshots.
TKT-01706,2024-09-24 11:52:00,Casey Ibrahim,casey.ibrahim@outlook.com,+11269483895,Dublin,Atlas Pro,Security,Medium,Social,Escalated,,,,,65.73,Billing | Invoice,Follow-up required next business day.
TKT-00725,2026-02-11 13:06:00,Emerson Morris,emerson.morris@company.co,+19569272003,Amsterdam,Orchid Plus,Subscription,Urgent,Phone,Pending Customer,,1,,79,88.4,,Customer supplied screenshots.
TKT-00047,2025-01-27 00:00:00,Jordan Chen,jordan.chen@mailbox.org,+17873409674,Leeds,Nimbus Basic,Subscription,High,Phone,Open,,,,48,53.66,Product Question,No additional context provided.
TKT-01301,2025-04-07 00:00:00,Arden Santos,arden.santos53@company.co,,Amsterdam,Cobalt Enterprise,Technical Issue,High,Live Chat,Resolved,Standard,4,,48,42.26,,
TKT-00624,2024-03-18 00:00:00,Parker Patel,parker.patel@gmail.com,+14806846218,Leeds,Lumen Starter,Billing,Urgent,Phone,Open,Free,3,,,153.0,Login | Password,Customer supplied screenshots.
TKT-00419,2026-03-19 17:53:00,Reese Ibrahim,reese.ibrahim64@example.com,+447615977594,London,Mosaic Team,Refund,Medium,Live Chat,Resolved,Enterprise,5,563.0,,143.86,Login | Password,Follow-up required next business day.
TKT-00591,2025-02-23 18:33:00,Milan Bennett,milan.bennett@example.com,+447341936702,London,Nimbus Basic,Security,Urgent,Phone,Pending Customer,Free,2,390.0,,82.94,Account | Security | Urgent,Customer mentioned a previous unresolved ticket.
TKT-00980,2024-07-01 00:00:00,Ellis Kim,ellis.kim@outlook.com,+19569802365,Manchester,Mosaic Team,Billing,Urgent,Social,Open,Free,5,,37,120.82,Feature-Request,No additional context provided.
TKT-00030,2026-03-20 00:00:00,Avery Sullivan,avery.sullivan@company.co,,Bristol,Nimbus Basic,Delivery,High,Live Chat,Pending Customer,Premium,2,,48,62.96,Login | Password,Customer requested an update after the first response.
TKT-01850,2024-08-15 00:00:00,Jordan Hansen,jordan.hansen@outlook.com,+271532209,Dublin,Mosaic Team,Account Access,Medium,Phone,Pending Customer,Premium,,587.0,,102.5,Bug | Mobile,Escalated to the specialist queue.
TKT-02331,2024-02-01 01:19:00,Micah Novak,micah.novak@company.co,+447345392449,Austin,Orchid Plus,Refund,High,Live Chat,Pending Customer,,4,,48,62.83,,Follow-up required next business day.
TKT-02202,2026-05-26 16:01:00,Avery Nguyen,avery.nguyen@company.co,+13515121033,Dublin,Vertex Analytics,Account Access,High,Email,Open,,4,,48,68.5,Product Question,No additional context provided.
TKT-02039,2025-03-08 00:00:00,Alexis Petrov,alexis.petrov@gmail.com,+5219182335,Birmingham,Cobalt Enterprise,Delivery,High,Live Chat,Closed,Premium,5,1527.0,65,,Product Question,No additional context provided.
TKT-02581,2025-08-08 11:28:00,Sage Santos,sage.santos@outlook.com,+17622154524,London,Vertex Analytics,Billing,Urgent,Live Chat,Resolved,Premium,,,48,99.47,Billing | Invoice,Issue reproduced on a mobile device.
TKT-02424,2025-07-01 00:00:00,Drew Nguyen,drew.nguyen@example.com,+5499456119,Melbourne,Vertex Analytics,Account Access,Medium,Live Chat,Closed,,3,,48,76.61,Account | Security | Urgent,Issue reproduced on a mobile device.
TKT-02178,2024-11-24 00:00:00,Devon Meyer,devon.meyer@outlook.com,+19578244006,Cape Town,Orchid Plus,Delivery,Urgent,Live Chat,Escalated,Premium,1,,48,89.16,Account | Security | Urgent,Issue reproduced on a mobile device.
TKT-00316,2026-06-18 00:00:00,Tatum Carter,tatum.carter61@company.co,+17895004998,Amsterdam,Orchid Plus,Feature Request,Urgent,Live Chat,Pending Customer,Premium,,,8,80.16,Product Question,Follow-up required next business day.
TKT-00633,2024-01-13 00:06:00,Alexis Ibrahim,alexis.ibrahim@mailbox.org,+14743782497,Cape Town,Lumen Starter,Product Question,Urgent,Phone,Resolved,Enterprise,4,978.0,,70.31,Billing | Invoice,Customer mentioned a previous unresolved ticket.
TKT-02440,2026-04-08 00:00:00,Quinn Petrov,quinn.petrov40@example.com,+447133484843,Leeds,Orchid Plus,Product Question,High,Phone,Closed,Standard,4,,48,0,Feature-Request,No additional context provided.
TKT-00585,2025-06-17 02:48:00,Rowan Wilson,rowan.wilson@outlook.com,+14426485908,Dublin,Mosaic Team,Account Access,Medium,Social,Closed,,1,766.0,18,89.0,Login | Password,No additional context provided.
TKT-02780,2024-03-06 12:09:00,Riley Kim,riley.kim65@outlook.com,+14022753126,Glasgow,Harbor Essentials,Product Question,Medium,Social,Escalated,Premium,,,,105.37,Billing | Invoice,Customer supplied screenshots.
TKT-02255,2024-05-02 00:00:00,Hayden Patel,hayden.patel@outlook.com,+447935837488,Leeds,Atlas Pro,Subscription,High,Phone,Closed,Premium,1,987.0,,10.12,Billing | Invoice,Escalated to the specialist queue.
TKT-01556,2025-10-11 00:00:00,Alexis Hughes,alexis.hughes@gmail.com,+11316005086,Berlin,Vertex Analytics,Delivery,Medium,Live Chat,Pending Customer,Standard,5,1167.0,48,99.21,Billing | Invoice,Issue reproduced on a mobile device.
TKT-01535,2024-12-09 00:00:00,Micah Wilson,,+8180661162,Birmingham,Cobalt Enterprise,Billing,Urgent,Web-Form,Resolved,,,1209.0,,53.37,Feature-Request,Customer supplied screenshots.
TKT-00676,2025-06-21 02:38:00,Ellis Grant,ellis.grant70@company.co,,Leeds,Atlas Pro,Subscription,High,Live Chat,Pending Customer,Standard,5,,,36.22,,Customer mentioned a previous unresolved ticket.
TKT-00431,2025-02-04 00:00:00,Hayden Nguyen,hayden.nguyen@example.com,+16079266301,Dublin,Orchid Plus,Security,Low,Email,Resolved,,3,515.0,48,13.92,Bug | Mobile,
TKT-01836,2026-05-20 00:00:00,Skyler Diaz,skyler.diaz77@company.co,+447240833533,London,Lumen Starter,Product Question,Medium,Live Chat,Escalated,,3,,71,98.88,Delivery | Late,Customer mentioned a previous unresolved ticket.
TKT-02554,2024-01-27 00:00:00,Morgan Turner,morgan.turner@company.co,+447220150001,Seattle,Nimbus Basic,Product Question,Low,Phone,Escalated,Premium,4,,,100.43,Billing | Invoice,
TKT-01062,2024-09-02 14:12:00,Reese Novak,reese.novak@gmail.com,+447921628759,Amsterdam,Vertex Analytics,Technical Issue,Urgent,Email,Open,Premium,2,105.0,,0,Bug | Mobile,Customer requested an update after the first response.
TKT-02194,2025-10-20 11:09:00,Tatum Hughes,tatum.hughes@example.com,+17596214312,Austin,Lumen Starter,Feature Request,Low,Phone,Open,Enterprise,5,,30,4.03,,Customer supplied screenshots.
TKT-00369,2025-12-09 16:37:00,Micah Okafor,micah.okafor@mailbox.org,,Amsterdam,Mosaic Team,Product Question,Medium,Phone,Open,Premium,5,,48,84.37,Billing | Invoice,
TKT-02186,2024-05-24 00:00:00,Avery Petrov,avery.petrov@gmail.com,+17355981791,,Harbor Essentials,Product Question,Low,Email,Resolved,Standard,4,,,163.34,Feature-Request,Escalated to the specialist queue.
TKT-01073,2024-02-20 00:00:00,Robin Singh,robin.singh@company.co,,Cape Town,Atlas Pro,Subscription,Medium,Phone,Open,Premium,,,44,83.23,Bug | Mobile,Customer requested an update after the first response.
TKT-02333,2025-02-24 00:00:00,Devon Okafor,devon.okafor@gmail.com,+15477106908,Leeds,Lumen Starter,Product Question,Low,Live Chat,Resolved,Standard,,255.0,72,0,Account | Security | Urgent,
TKT-02539,2024-03-09 00:00:00,Alexis Kim,alexis.kim@mailbox.org,+15233862366,Glasgow,Nimbus Basic,Feature Request,Urgent,Live Chat,Open,Free,,168.0,,10.49,Billing | Invoice,Issue reproduced on a mobile device.
TKT-00036,2025-08-04 20:21:00,Morgan Grant,morgan.grant@example.com,+16538777947,Dublin,Orchid Plus,Product Question,Low,Email,Open,Free,2,,48,11.85,Product Question,Customer requested an update after the first response.
TKT-02569,2025-12-31 06:24:00,Sage Walker,sage.walker@example.com,+447539538446,Melbourne,Mosaic Team,Billing,Medium,Email,Pending Customer,Premium,5,,,126.21,Feature-Request,Follow-up required next business day.
TKT-01936,2024-06-25 00:00:00,Arden Bennett,arden.bennett54@example.com,+17407611524,Seattle,Vertex Analytics,Product Question,Low,Email,Pending Customer,Enterprise,2,,60,0,Feature-Request,Customer requested an update after the first response.
TKT-01299,2026-04-11 00:00:00,Emerson Wilson,emerson.wilson@outlook.com,,London,Mosaic Team,Technical Issue,Medium,Phone,Resolved,Premium,2,1643.0,,93.71,Account | Security | Urgent,Customer requested an update after the first response.
TKT-01153,2025-05-21 00:00:00,Marley Ahmed,marley.ahmed53@gmail.com,+447235523978,Manchester,Vertex Analytics,Feature Request,Urgent,Web-Form,Escalated,Free,1,,,43.86,Product Question,Customer requested an update after the first response.
TKT-00274,2024-01-27 00:00:00,Emerson Meyer,emerson.meyer@example.com,+447374248140,Manchester,Atlas Pro,Account Access,High,Email,Open,,,,48,79.56,,Customer requested an update after the first response.
TKT-02463,2025-07-01 00:00:00,Rowan Santos,rowan.santos@outlook.com,,Austin,Orchid Plus,Product Question,Low,Live Chat,Resolved,Premium,2,,48,105.52,Product Question,Follow-up required next business day.
TKT-00272,2026-06-15 00:00:00,Drew Hansen,drew.hansen@gmail.com,+12514998318,London,Mosaic Team,Refund,High,Web-Form,Open,Enterprise,2,,48,0.03,,Escalated to the specialist queue.
TKT-01835,2024-11-24 00:00:00,Drew Diaz,drew.diaz@company.co,+12039018967,Dublin,Mosaic Team,Billing,Urgent,Social,Resolved,,,,,45.32,Product Question,Customer supplied screenshots.
TKT-01157,2025-03-29 00:00:00,Skyler Fischer,skyler.fischer68@example.com,,Cape Town,Orchid Plus,Technical Issue,Urgent,Phone,Pending Customer,Standard,4,364.0,,41.15,,No additional context provided.
TKT-02276,2026-06-11 20:05:00,Rowan Reed,rowan.reed@example.com,+16517696359,Berlin,Cobalt Enterprise,Refund,High,Email,Open,Enterprise,2,,48,19.28,Account | Security | Urgent,Customer mentioned a previous unresolved ticket.
TKT-01093,2024-09-29 08:40:00,Marley Ahmed,,+4813218302,Birmingham,Lumen Starter,Subscription,Medium,Email,Closed,,1,,48,119.02,Bug | Mobile,Follow-up required next business day.
TKT-00138,2026-01-11 04:35:00,Drew Grant,drew.grant63@example.com,+13947804057,Seattle,Vertex Analytics,Refund,Medium,Web-Form,Open,Standard,,,,61.29,,Customer supplied screenshots.
TKT-02315,2024-12-19 03:35:00,Riley Singh,riley.singh@example.com,+15374794447,Berlin,Cobalt Enterprise,Security,Medium,Web-Form,Closed,,,544.0,,115.63,Delivery | Late,No additional context provided.
TKT-00669,2026-02-15 00:00:00,Shawn Reed,,+6765690277,Berlin,Harbor Essentials,Product Question,Low,Phone,Escalated,Standard,5,,48,0,Refund,No additional context provided.
TKT-01733,2025-05-18 06:48:00,Morgan Morris,morgan.morris@gmail.com,+447908148392,New York,Vertex Analytics,Product Question,Medium,Social,Open,,2,,48,77.93,Login | Password,Issue reproduced on a mobile device.
TKT-02734,2026-03-23 00:00:00,Ellis Nguyen,ellis.nguyen@mailbox.org,+17703929666,Seattle,Lumen Starter,Feature Request,Low,Live Chat,Resolved,Standard,5,199.0,48,30.61,Product Question,Follow-up required next business day.
TKT-00625,2024-12-28 23:35:00,Parker Parker,parker.parker@outlook.com,+16299718235,Amsterdam,Lumen Starter,Refund,Medium,Social,Pending Customer,,,,,166.63,Delivery | Late,Customer supplied screenshots.
TKT-00551,2024-06-26 03:55:00,Marley  Reed,marley.reed@example.com,+14938457763,Leeds,Cobalt Enterprise,Technical Issue,High,Live Chat,Escalated,,1,,48,83.76,Product Question,Follow-up required next business day.
TKT-01216,2025-07-23 00:00:00,Ellis Turner,ellis.turner57@mailbox.org,+5480583028,Bristol,Harbor Essentials,Refund,High,Phone,Closed,Enterprise,2,,47,147.63,Bug | Mobile,Issue reproduced on a mobile device.
TKT-02349,2024-12-02 00:00:00,Jordan Reed,jordan.reed@example.com,,Berlin,Orchid Plus,Subscription,Urgent,Social,Resolved,Premium,3,1255.0,9,117.14,Delivery | Late,
TKT-00978,2025-07-02 12:53:00,Shawn Ahmed,shawn.ahmed1@gmail.com,+19774784732,London,Nimbus Basic,Feature Request,Medium,Web-Form,Open,Premium,2,616.0,,0,Refund,Customer supplied screenshots.
TKT-00833,2024-07-03 07:25:00,Milan Hughes,milan.hughes68@gmail.com,+14342438760,New York,Mosaic Team,Delivery,Medium,Web-Form,Pending Customer,Standard,,,,23.77,Refund,
TKT-01997,2026-04-04 00:00:00,Sage Kowalski,sage.kowalski@company.co,+447195390531,Berlin,Nimbus Basic,Delivery,Medium,Web-Form,Pending Customer,Standard,5,1658.0,48,77.54,Account | Security | Urgent,
TKT-01197,2024-10-23 00:00:00,Casey Kowalski,casey.kowalski10@mailbox.org,+5420381139,Manchester,Lumen Starter,Subscription,Medium,Live Chat,Resolved,,,875.0,48,77.92,Refund,Follow-up required next business day.
TKT-01972,2024-10-31 00:00:00,Cameron Novak,cameron.novak@outlook.com,+447981752123,Berlin,Vertex Analytics,Refund,Medium,Social,Resolved,Premium,4,,,0,,Issue reproduced on a mobile device.
TKT-01923,2024-09-06 00:00:00,Cameron Wilson,cameron.wilson86@gmail.com,+17028787330,London,Atlas Pro,Refund,Urgent,Phone,Open,,3,542.0,84,20.0,Feature-Request,Follow-up required next business day.
TKT-02384,2025-11-12 00:00:00,Taylor Hansen,taylor.hansen@mailbox.org,,Amsterdam,Mosaic Team,Technical Issue,High,Social,Resolved,Standard,1,,29,76.32,Refund,Issue reproduced on a mobile device.
TKT-00481,2025-08-13 19:20:00,Arden Chen,arden.chen@mailbox.org,+447655417926,Cape Town,Harbor Essentials,Delivery,High,Live Chat,Closed,Standard,5,,,71.96,Refund,Customer mentioned a previous unresolved ticket.
TKT-01975,2024-09-18 00:00:00,Cameron Carter,cameron.carter32@outlook.com,+19683135065,Seattle,Orchid Plus,Billing,Medium,Social,Resolved,Free,4,,,77.97,Feature-Request,No additional context provided.
TKT-00737,2025-11-08 00:00:00,Alexis Meyer,alexis.meyer@mailbox.org,+13218491256,Toronto,Atlas Pro,Refund,Urgent,Live Chat,Closed,Premium,5,,,93.08,Product Question,
TKT-01861,2025-11-22 00:00:00,Skyler Santos,skyler.santos@company.co,,Singapore,Vertex Analytics,Delivery,High,Email,Open,,,,,71.61,Billing | Invoice,Issue reproduced on a mobile device.
TKT-00854,2024-10-04 01:57:00,Devon Parker,devon.parker@outlook.com,,London,Lumen Starter,Refund,Low,Social,Pending Customer,Free,4,,,144.4,,No additional context provided.
TKT-01066,2025-05-16 04:53:00,Micah Walker,,+447472607047,Berlin,Cobalt Enterprise,Subscription,Medium,Phone,Pending Customer,Premium,4,1380.0,10,17.42,,Customer supplied screenshots.
TKT-00787,2024-06-09 00:00:00,Finley Ibrahim,finley.ibrahim96@example.com,+5357726845,Glasgow,Atlas Pro,Technical Issue,High,Web-Form,Resolved,Free,4,,,124.87,Login | Password,Follow-up required next business day.
TKT-00414,2026-03-02 02:33:00,Emerson Chen,emerson.chen@example.com,+5147692831,Birmingham,Harbor Essentials,Refund,Medium,Social,Closed,Premium,,,,149.27,Product Question,
TKT-01203,2024-07-29 00:21:00,Jamie Morris,jamie.morris@mailbox.org,,Glasgow,Cobalt Enterprise,Security,High,Email,Escalated,Enterprise,2,351.0,48,85.73,Billing | Invoice,Customer mentioned a previous unresolved ticket.
TKT-02386,2024-02-12 00:00:00,Quinn Hughes,quinn.hughes@mailbox.org,,Glasgow,Lumen Starter,Product Question,Urgent,Web-Form,Pending Customer,Premium,5,26.0,83,37.28,Bug | Mobile,Customer supplied screenshots.
TKT-01465,2025-08-29 19:39:00,Tatum Kim,tatum.kim14@company.co,+15768546931,Toronto,Nimbus Basic,Refund,High,Web-Form,Escalated,Standard,1,212.0,,47.07,Feature-Request,Customer supplied screenshots.
TKT-01558,2025-04-26 18:18:00,Casey Sullivan,casey.sullivan46@gmail.com,,Seattle,Atlas Pro,Account Access,Low,Email,Resolved,Enterprise,,,,34.83,Billing | Invoice,Customer mentioned a previous unresolved ticket.
TKT-02115,2024-11-03 00:00:00,Cameron Turner,cameron.turner70@gmail.com,+15067221807,Austin,Nimbus Basic,Billing,Urgent,Phone,Open,Premium,4,,74,119.75,Bug | Mobile,Issue reproduced on a mobile device.
TKT-01112,2025-06-24 23:35:00,Taylor Morales,taylor.morales@company.co,+447252569171,Berlin,Atlas Pro,Feature Request,Medium,Social,Resolved,Standard,,,24,,Account | Security | Urgent,
TKT-00905,2025-12-12 00:00:00,Emerson Reed,emerson.reed@outlook.com,,Berlin,Harbor Essentials,Subscription,Medium,Email,Resolved,Standard,4,,65,89.51,Account | Security | Urgent,Issue reproduced on a mobile device.
TKT-01607,2026-02-27 00:00:00,Emerson Morales,emerson.morales61@example.com,+14123756940,Dublin,Vertex Analytics,Feature Request,Low,Email,Resolved,Premium,5,,,85.75,Billing | Invoice,No additional context provided.
TKT-01737,2026-06-13 00:00:00,Arden Santos,arden.santos78@mailbox.org,+5110846190,Melbourne,Mosaic Team,Security,Medium,Social,Open,Standard,5,,48,21.05,Refund,Issue reproduced on a mobile device.
TKT-02717,2025-06-12 00:00:00,Kendall Nguyen,kendall.nguyen28@gmail.com,+19659702311,Amsterdam,Atlas Pro,Technical Issue,Medium,Email,Pending Customer,,4,566.0,,113.4,,Customer mentioned a previous unresolved ticket.
TKT-02065,2026-01-07 00:00:00,Alexis Grant,alexis.grant64@mailbox.org,+18426119639,New York,Atlas Pro,Billing,Low,Phone,Pending Customer,Free,2,,19,93.59,Billing | Invoice,Customer mentioned a previous unresolved ticket.
TKT-00424,2024-07-28 15:48:00,Riley Kowalski,riley.kowalski@example.com,+8468167592,New York,Lumen Starter,Billing,Low,Web-Form,Escalated,,,,48,132.44,Delivery | Late,Customer requested an update after the first response.
TKT-01533,2025-02-06 20:37:00,Riley Kim,riley.kim@outlook.com,+15199734211,Birmingham,Atlas Pro,Technical Issue,Urgent,Email,Open,Enterprise,,154.0,48,96.77,Billing | Invoice,
TKT-02790,2025-12-01 10:06:00,Jordan Morris,jordan.morris88@example.com,+3594218275,Austin,Cobalt Enterprise,Product Question,Low,Social,Open,,4,,,88.98,,Follow-up required next business day.
TKT-00612,2024-05-01 09:25:00,Arden Reed,arden.reed@gmail.com,+447483358769,Berlin,Orchid Plus,Security,Low,Social,Pending Customer,Standard,2,,,75.94,Product Question,
TKT-01091,2024-08-28 12:48:00,Emerson Morales,emerson.morales@mailbox.org,+447650447383,Manchester,Orchid Plus,Security,Low,Social,Open,Premium,5,157.0,48,75.06,,Customer mentioned a previous unresolved ticket.
TKT-02325,2025-12-27 00:00:00,Kendall Morris,kendall.morris80@example.com,+12146078083,Berlin,Vertex Analytics,Delivery,Urgent,Email,Closed,Premium,2,,70,78.69,Billing | Invoice,Customer mentioned a previous unresolved ticket.
TKT-02130,2025-04-23 07:39:00,Emerson Grant,emerson.grant53@example.com,+447047466400,Austin,Lumen Starter,Feature Request,Medium,Social,Closed,,,1041.0,22,118.5,Delivery | Late,Customer mentioned a previous unresolved ticket.
TKT-02302,2025-09-22 18:29:00,blake ibrahim,blake.ibrahim@outlook.com,+12324823082,Berlin,Lumen Starter,Refund,High,Email,Closed,Free,4,11.0,18,24.11,Bug | Mobile,Customer requested an update after the first response.
TKT-00119,2025-06-03 21:33:00,Avery Ahmed,avery.ahmed@company.co,+447483785672,Glasgow,Orchid Plus,Subscription,Medium,Email,Escalated,,,,,141.86,Product Question,Customer supplied screenshots.
TKT-00696,2024-08-08 13:29:00,Ellis Morris,ellis.morris65@outlook.com,+11907357717,,Atlas Pro,Technical Issue,High,Web-Form,Closed,,1,,48,61.97,Billing | Invoice,Customer mentioned a previous unresolved ticket.
TKT-00557,2025-01-03 00:00:00,Sage Kim,sage.kim@company.co,+19216986623,Birmingham,Orchid Plus,Technical Issue,High,Live Chat,Open,Free,,,,52.18,Billing | Invoice,Follow-up required next business day.
TKT-00556,2024-01-30 00:00:00,Drew Turner,drew.turner@mailbox.org,+9231883430,Berlin,Mosaic Team,Technical Issue,High,Social,Resolved,Enterprise,5,,48,56.35,Billing | Invoice,
TKT-02449,2025-09-25 00:00:00,Skyler Nguyen,skyler.nguyen6@example.com,+15194738015,Manchester,Cobalt Enterprise,Delivery,High,Live Chat,Resolved,,5,,94,35.89,Billing | Invoice,Customer supplied screenshots.
TKT-00741,2024-12-17 00:00:00,Robin Morales,robin.morales@company.co,,Cape Town,Lumen Starter,Account Access,High,Live Chat,Pending Customer,,5,387.0,,0,Refund,Customer supplied screenshots.
TKT-01724,2026-05-01 00:00:00,Morgan Morris,morgan.morris@outlook.com,+14011377969,Melbourne,Cobalt Enterprise,Security,Urgent,Web-Form,Open,Premium,4,,48,112.85,Delivery | Late,No additional context provided.
TKT-02172,2026-01-05 00:00:00,Marley Carter,marley.carter58@gmail.com,+19955312403,Berlin,Mosaic Team,Account Access,High,Social,Open,,,,81,74.82,Account | Security | Urgent,Follow-up required next business day.
TKT-02625,2024-12-14 00:00:00,Sage Larsen,,+447065140539,Singapore,Cobalt Enterprise,Security,High,Phone,Escalated,Premium,5,811.0,,101.54,Billing | Invoice,Customer requested an update after the first response.
TKT-00524,2025-09-18 23:50:00,Micah Okafor,micah.okafor10@example.com,+447901745266,Singapore,Atlas Pro,Technical Issue,High,Phone,Pending Customer,Premium,,699.0,35,110.38,,Customer requested an update after the first response.
TKT-02096,2025-08-08 00:00:00,Alexis Wilson,alexis.wilson53@outlook.com,,Cape Town,Lumen Starter,Feature Request,Medium,Live Chat,Closed,Premium,,798.0,86,74.83,Delivery | Late,
TKT-00104,2025-07-14 00:00:00,Skyler Turner,skyler.turner27@mailbox.org,,Manchester,Harbor Essentials,Delivery,Urgent,Email,Escalated,Free,2,580.0,,34.87,Bug | Mobile,Escalated to the specialist queue.
TKT-02665,2025-12-07 23:14:00,Shawn Bennett,shawn.bennett@mailbox.org,,Glasgow,Lumen Starter,Product Question,High,Web-Form,Escalated,,5,354.0,55,104.48,,Customer supplied screenshots.
TKT-00997,2026-03-09 04:46:00,Robin Singh,robin.singh@example.com,,Leeds,Lumen Starter,Product Question,Urgent,Email,Closed,Premium,5,,,177.87,Refund,No additional context provided.
TKT-01640,2024-07-15 00:00:00,Finley Morales,finley.morales@gmail.com,+15062063941,London,Nimbus Basic,Security,High,Web-Form,Resolved,Premium,,,48,20.29,Feature-Request,Follow-up required next business day.
TKT-00411,2025-05-23 12:30:00,Tatum Turner,tatum.turner3@gmail.com,+13086288760,New York,Cobalt Enterprise,Feature Request,Low,Phone,Open,,5,,,118.14,Product Question,Customer supplied screenshots.
TKT-00312,2025-09-15 11:28:00,Arden Ahmed,arden.ahmed97@outlook.com,+9517666327,Berlin,Nimbus Basic,Delivery,Low,Email,Open,Free,,,48,139.43,Bug | Mobile,Customer supplied screenshots.
TKT-02134,2024-04-23 00:00:00,Arden Larsen,arden.larsen56@example.com,,Birmingham,Cobalt Enterprise,Billing,Medium,Phone,Resolved,Enterprise,3,,48,111.55,,Customer mentioned a previous unresolved ticket.
TKT-00372,2024-07-09 00:00:00,Quinn Sullivan,quinn.sullivan@gmail.com,,Austin,Cobalt Enterprise,Security,High,Live Chat,Open,,4,1268.0,19,106.39,Billing | Invoice,Customer mentioned a previous unresolved ticket.
TKT-02674,2025-07-12 00:24:00,Robin Reed,,+16829656719,London,Vertex Analytics,Account Access,Low,Phone,Pending Customer,Enterprise,5,1757.0,59,49.36,Delivery | Late,Issue reproduced on a mobile device.
TKT-02146,2024-06-15 00:00:00,Robin Morales,robin.morales46@mailbox.org,+15081383252,Glasgow,Vertex Analytics,Subscription,High,Social,Closed,Standard,5,1750.0,,160.94,Refund,Escalated to the specialist queue.
TKT-02217,2025-02-06 00:00:00,Ellis Parker,ellis.parker@company.co,+11757006504,Melbourne,Harbor Essentials,Product Question,High,Web-Form,Pending Customer,Premium,,427.0,66,54.98,Refund,Issue reproduced on a mobile device.
TKT-02580,2025-02-07 00:00:00,Jordan Grant,jordan.grant@company.co,+12925499591,Amsterdam,Vertex Analytics,Account Access,Urgent,Live Chat,Open,Premium,,247.0,75,175.72,,
TKT-01492,2025-01-16 23:45:00,Finley Kowalski,finley.kowalski63@outlook.com,+15993724698,London,Orchid Plus,Subscription,High,Social,Pending Customer,Free,,1729.0,48,219.7,Product Question,Customer mentioned a previous unresolved ticket.
TKT-02148,2024-08-21 00:00:00,Hayden Kim,,,Melbourne,Lumen Starter,Account Access,High,Web-Form,Open,Premium,4,,,33.43,Billing | Invoice,Customer supplied screenshots.
TKT-02225,2025-10-27 00:00:00,Jordan Ibrahim,jordan.ibrahim@outlook.com,+8469436658,Bristol,Lumen Starter,Delivery,High,Social,Escalated,,,,89,43.28,,No additional context provided.
TKT-01254,2024-07-30 00:00:00,Robin Hughes,robin.hughes@example.com,+6251526888,Dublin,Vertex Analytics,Technical Issue,Medium,Web-Form,Resolved,,4,693.0,23,99.57,Billing | Invoice,
TKT-00918,2025-07-10 14:11:00,Devon Turner,devon.turner@gmail.com,+12009841424,Birmingham,Lumen Starter,Technical Issue,Urgent,Live Chat,Resolved,Free,1,,,89.26,Feature-Request,
TKT-02223,2025-03-04 00:00:00,Finley Chen,finley.chen85@company.co,+18672074560,Dublin,Mosaic Team,Delivery,High,Phone,Open,Premium,3,,,119.93,Feature-Request,
TKT-02240,2025-06-27 00:00:00,Reese Patel,,+4549672817,Manchester,Vertex Analytics,Security,High,Live Chat,Resolved,Enterprise,,,10,116.75,Refund,Customer supplied screenshots.
TKT-01824,2025-10-05 07:45:00,Taylor Nguyen,taylor.nguyen86@example.com,+447734821607,New York,Vertex Analytics,Billing,Urgent,Social,Escalated,Standard,5,1296.0,,43.25,Billing | Invoice,
TKT-02517,2024-03-25 13:27:00,Finley Diaz,finley.diaz95@mailbox.org,,Dublin,Harbor Essentials,Subscription,Medium,Live Chat,Open,Premium,,,60,83.72,,Customer requested an update after the first response.
TKT-01486,2025-08-01 00:00:00,Taylor Turner,taylor.turner@example.com,+16673453449,London,Mosaic Team,Delivery,Low,Email,Open,Premium,5,497.0,,130.29,Feature-Request,Customer requested an update after the first response.
TKT-01780,2025-08-15 23:31:00,Emerson Reed,emerson.reed@mailbox.org,+17982718029,Cape Town,Harbor Essentials,Billing,Medium,Email,Pending Customer,,,5.0,,40.92,Product Question,
TKT-00950,2025-12-10 01:06:00,Milan Kim,milan.kim@example.com,+447774964608,Dublin,Orchid Plus,Security,Low,Phone,Resolved,,5,,23,92.38,Delivery | Late,
TKT-02307,2026-01-27 00:00:00,Skyler Hansen,skyler.hansen93@gmail.com,+14864193012,Dublin,Lumen Starter,Billing,Medium,Email,Pending Customer,Enterprise,1,339.0,,112.37,Product Question,Customer requested an update after the first response.
TKT-00915,2024-12-19 02:59:00,Sage Fischer,sage.fischer@gmail.com,+19717529232,,Mosaic Team,Product Question,High,Social,Pending Customer,Premium,4,,21,73.76,Login | Password,Customer supplied screenshots.
TKT-02756,2025-12-29 00:00:00,Riley Kim,,+18268781145,Seattle,Cobalt Enterprise,Subscription,Urgent,Email,Closed,,,,48,54.16,Billing | Invoice,Customer mentioned a previous unresolved ticket.
TKT-02363,2024-01-12 00:00:00,Tatum Kowalski,tatum.kowalski@gmail.com,,Berlin,Cobalt Enterprise,Feature Request,Urgent,Web-Form,Pending Customer,Premium,4,,,0,Billing | Invoice,
TKT-00043,2024-01-29 10:52:00,Arden Patel,arden.patel@outlook.com,+447459745239,London,Atlas Pro,Feature Request,Urgent,Phone,Closed,Enterprise,,1082.0,,72.64,,
TKT-00892,2026-02-28 23:33:00,Micah Brooks,micah.brooks25@example.com,,Austin,Atlas Pro,Billing,Urgent,Live Chat,Closed,,4,,,106.9,,Customer requested an update after the first response.
TKT-00732,2025-03-10 00:00:00,Parker Novak,parker.novak@gmail.com,+11684575965,Dublin,Vertex Analytics,Billing,High,Phone,Escalated,Premium,5,1577.0,,25.19,Billing | Invoice,Customer requested an update after the first response.
TKT-02389,2025-10-07 11:57:00,Devon Meyer,devon.meyer@mailbox.org,+15869125834,Singapore,Nimbus Basic,Subscription,High,Social,Resolved,Premium,5,,,127.96,Product Question,Escalated to the specialist queue.
TKT-01937,2025-11-30 00:00:00,Morgan Kowalski,morgan.kowalski@example.com,+18257796423,,Vertex Analytics,Billing,Low,Social,Closed,Premium,,,48,92.96,Billing | Invoice,Issue reproduced on a mobile device.
TKT-01009,2025-01-04 00:00:00,Skyler Kim,skyler.kim@example.com,,Manchester,Orchid Plus,Subscription,Medium,Social,Resolved,Premium,4,922.0,,136.73,Refund,Issue reproduced on a mobile device.
TKT-01446,2024-09-06 15:29:00,Jordan Bennett,jordan.bennett@gmail.com,+5185108634,Cape Town,Mosaic Team,Feature Request,Urgent,Live Chat,Resolved,,1,251.0,73,43.18,Refund,Issue reproduced on a mobile device.
TKT-00755,2025-09-06 00:00:00,Reese Morales,reese.morales@mailbox.org,+15436276831,Seattle,Cobalt Enterprise,Subscription,High,Live Chat,Open,Enterprise,,,,26.78,Billing | Invoice,Customer supplied screenshots.
TKT-01963,2026-01-03 00:00:00,Finley Parker,finley.parker@outlook.com,,New York,Atlas Pro,Refund,Low,Email,Open,Free,5,,48,107.66,Billing | Invoice,Customer requested an update after the first response.
TKT-00727,2025-11-25 00:00:00,Milan Walker,milan.walker@gmail.com,,Seattle,Vertex Analytics,Subscription,Urgent,Phone,Pending Customer,,4,,48,80.01,Refund,Customer supplied screenshots.
TKT-01948,2024-09-12 00:00:00,Ellis Morales,ellis.morales@mailbox.org,+19289548477,Melbourne,Orchid Plus,Security,High,Phone,Open,,4,,,77.39,Product Question,Customer mentioned a previous unresolved ticket.
TKT-00341,2025-10-11 00:00:00,Alexis Wilson,alexis.wilson@gmail.com,,Manchester,Cobalt Enterprise,Product Question,High,Email,Closed,,,,,33.78,Login | Password,Issue reproduced on a mobile device.
TKT-00280,2025-12-20 00:00:00,Taylor Sullivan,taylor.sullivan5@gmail.com,+19274708046,Cape Town,Mosaic Team,Feature Request,Urgent,Social,Pending Customer,,4,,,57.81,,Issue reproduced on a mobile device.
TKT-01013,2025-08-10 00:00:00,Taylor Kowalski,taylor.kowalski@gmail.com,+9558305245,,Harbor Essentials,Feature Request,Medium,Web-Form,Pending Customer,Enterprise,2,,,193.14,Billing | Invoice,
TKT-02471,2024-02-05 00:00:00,Ellis Hughes,ellis.hughes@outlook.com,+4981779165,Berlin,Vertex Analytics,Delivery,High,Email,Open,,2,,56,138.01,Billing | Invoice,Customer supplied screenshots.
TKT-02005,2024-01-14 23:09:00,Finley Okafor,finley.okafor@gmail.com,+466845597,Berlin,Lumen Starter,Feature Request,Medium,Email,Open,Standard,4,,13,0,Refund,
TKT-01603,2024-10-01 18:02:00,Sage Larsen,sage.larsen@example.com,,Melbourne,Atlas Pro,Feature Request,Low,Phone,Open,Premium,5,869.0,48,43.47,,No additional context provided.
TKT-00154,2025-09-15 00:00:00,Drew Petrov,drew.petrov@company.co,,Dublin,Atlas Pro,Delivery,Low,Social,Open,Premium,1,954.0,,91.77,,Customer requested an update after the first response.
TKT-01570,2026-03-14 12:51:00,Hayden Brooks,hayden.brooks69@outlook.com,,Berlin,Harbor Essentials,Product Question,Medium,Phone,Open,Enterprise,,,,49.9,,Follow-up required next business day.
TKT-02272,2024-12-30 23:22:00,parker grant,parker.grant@company.co,+11563744892,Cape Town,Atlas Pro,Billing,Medium,Web-Form,Resolved,Standard,5,,,52.2,Delivery | Late,Issue reproduced on a mobile device.
TKT-00819,2025-01-09 00:00:00,Alexis Hughes,alexis.hughes@example.com,+447945970511,London,Atlas Pro,Technical Issue,Low,Phone,Escalated,Standard,2,,,83.53,Refund,
TKT-00493,2025-04-19 20:08:00,Finley Singh,finley.singh@example.com,+447221608512,Berlin,Orchid Plus,Security,High,Email,Escalated,Enterprise,3,,48,83.26,Product Question,
TKT-00266,2024-07-25 18:12:00,Kendall Hughes,kendall.hughes@example.com,+19777736690,Melbourne,Harbor Essentials,Feature Request,Medium,Phone,Pending Customer,,,1033.0,48,10.37,Login | Password,Customer requested an update after the first response.
TKT-02705,2024-10-11 17:21:00,Kendall Nguyen,kendall.nguyen@company.co,+447622113753,London,Mosaic Team,Technical Issue,Medium,Web-Form,Open,Premium,,,32,92.71,Bug | Mobile,Follow-up required next business day.
TKT-01712,2025-05-23 00:00:00,Alexis Okafor,alexis.okafor@mailbox.org,,Dublin,Lumen Starter,Feature Request,Urgent,Live Chat,Resolved,,5,,,72.38,Login | Password,Customer supplied screenshots.
TKT-00456,2024-02-10 13:52:00,Marley Carter,marley.carter11@example.com,,Berlin,Atlas Pro,Delivery,High,Email,Pending Customer,,3,429.0,96,35.39,,Issue reproduced on a mobile device.
TKT-00961,2024-12-03 00:00:00,Milan Santos,milan.santos@outlook.com,+15806719231,Glasgow,Harbor Essentials,Billing,Medium,Live Chat,Open,Premium,3,,48,114.35,Refund,Follow-up required next business day.
TKT-02599,2026-02-25 00:00:00,Alexis Kowalski,alexis.kowalski@example.com,,Singapore,Nimbus Basic,Billing,High,Phone,Pending Customer,Enterprise,3,1688.0,,145.0,Account | Security | Urgent,
TKT-02070,2024-05-11 00:00:00,Shawn Chen,,+13888185954,New York,Cobalt Enterprise,Security,Low,Email,Open,,2,1597.0,48,129.94,Product Question,Customer mentioned a previous unresolved ticket.
TKT-00622,2024-03-01 03:52:00,Alexis Grant,alexis.grant@mailbox.org,,London,Cobalt Enterprise,Feature Request,Urgent,Live Chat,Pending Customer,,4,1794.0,,104.93,,Customer supplied screenshots.
TKT-01575,2024-09-19 00:00:00,Drew Kowalski,drew.kowalski@outlook.com,,Manchester,Harbor Essentials,Product Question,Low,Web-Form,Resolved,Standard,4,833.0,,104.65,Refund,
TKT-01973,2026-01-13 00:00:00,Rowan Hughes,rowan.hughes@gmail.com,,Bristol,Nimbus Basic,Technical Issue,Urgent,Email,Escalated,Standard,1,,48,115.07,Feature-Request,
TKT-02752,2024-04-11 00:00:00,Quinn Larsen,quinn.larsen@company.co,+12892104088,Birmingham,Vertex Analytics,Billing,Urgent,Phone,Resolved,Enterprise,,,48,165.52,,No additional context provided.
TKT-01803,2025-12-08 14:26:00,Jamie Parker,jamie.parker35@gmail.com,+15023499462,Birmingham,Mosaic Team,Refund,Medium,Phone,Pending Customer,Premium,1,,44,40.04,Account | Security | Urgent,No additional context provided.
TKT-00163,2026-04-19 15:21:00,Rowan Meyer,rowan.meyer@mailbox.org,,Birmingham,Vertex Analytics,Subscription,Medium,Web-Form,Closed,Premium,5,,92,142.72,Refund,
TKT-00214,2024-07-21 00:00:00,Morgan Carter,morgan.carter@company.co,,Berlin,Cobalt Enterprise,Technical Issue,Low,Live Chat,Pending Customer,Premium,,531.0,48,114.83,Billing | Invoice,Customer requested an update after the first response.
TKT-02105,2025-03-13 00:00:00,Morgan Hansen,morgan.hansen@example.com,+447013535732,Glasgow,Lumen Starter,Product Question,Low,Email,Resolved,Enterprise,5,,48,13.58,,Follow-up required next business day.
TKT-00989,2024-06-24 00:00:00,Shawn Meyer,shawn.meyer@company.co,+447627170591,Seattle,Atlas Pro,Refund,Low,Social,Open,Enterprise,5,226.0,,66.85,Billing | Invoice,Follow-up required next business day.
TKT-01949,2024-10-04 02:11:00,Emerson Wilson,emerson.wilson@company.co,+12556554525,Singapore,Harbor Essentials,Delivery,Low,Social,Pending Customer,Premium,2,,85,140.93,Delivery | Late,
TKT-00744,2024-01-21 08:01:00,Arden Chen,arden.chen@company.co,+12469403048,Seattle,Nimbus Basic,Product Question,High,Email,Pending Customer,Premium,2,1559.0,,80.44,Account | Security | Urgent,
TKT-02401,2026-04-02 00:00:00,Shawn Santos,shawn.santos@gmail.com,+16872416595,Bristol,Vertex Analytics,Subscription,High,Live Chat,Resolved,Free,,,37,39.3,Login | Password,Customer supplied screenshots.
TKT-01398,2026-06-13 00:00:00,Hayden Chen,hayden.chen97@company.co,+9534667066,Toronto,Nimbus Basic,Security,High,Live Chat,Escalated,Free,,,48,25.56,Refund,Follow-up required next business day.
TKT-02499,2025-11-07 04:21:00,Blake Hansen,blake.hansen88@mailbox.org,+14372388240,Austin,Cobalt Enterprise,Delivery,Medium,Web-Form,Resolved,Enterprise,,626.0,25,122.47,Login | Password,Issue reproduced on a mobile device.
TKT-00665,2025-02-18 00:00:00,Tatum Petrov,tatum.petrov@outlook.com,+19462725632,Austin,Cobalt Enterprise,Billing,Low,Social,Escalated,Standard,4,,48,39.79,Billing | Invoice,No additional context provided.
TKT-02510,2024-08-21 09:32:00,Skyler Parker,skyler.parker36@example.com,+447455553623,London,Mosaic Team,Refund,Low,Social,Open,,,,,6.26,,Customer requested an update after the first response.
TKT-02063,2025-10-10 00:00:00,Finley Hughes,finley.hughes35@outlook.com,,Austin,Atlas Pro,Security,High,Email,Open,,,1255.0,,100.48,Delivery | Late,Escalated to the specialist queue.
TKT-02177,2025-05-19 03:32:00,Quinn Nguyen,quinn.nguyen@example.com,+447285797612,Austin,Lumen Starter,Delivery,Urgent,Phone,Open,Standard,,1500.0,,0,Refund,
TKT-00301,2024-09-05 19:48:00,Blake Meyer,blake.meyer80@mailbox.org,+16023287601,Berlin,Orchid Plus,Feature Request,Urgent,Phone,Escalated,,2,684.0,,33.41,Billing | Invoice,
TKT-02692,2024-07-13 00:00:00,Tatum Wilson,tatum.wilson@outlook.com,+6272518697,London,Lumen Starter,Security,Medium,Phone,Open,Enterprise,1,,,65.58,Refund,Escalated to the specialist queue.
TKT-02364,2025-05-02 00:00:00,Shawn Okafor,shawn.okafor29@mailbox.org,+13944572684,Toronto,Harbor Essentials,Account Access,Low,Live Chat,Pending Customer,Premium,4,,,140.2,Bug | Mobile,
TKT-00607,2024-04-29 00:00:00,Taylor Novak,taylor.novak@gmail.com,,Bristol,Nimbus Basic,Delivery,Urgent,Email,Escalated,Premium,1,,48,36.44,Account | Security | Urgent,Escalated to the specialist queue.
TKT-02567,2024-09-30 00:00:00,Finley Brooks,finley.brooks@example.com,+447831409254,Leeds,Harbor Essentials,Refund,Urgent,Web-Form,Escalated,,2,,,24.23,Feature-Request,
TKT-02283,2025-02-14 19:41:00,Cameron Grant,cameron.grant@example.com,,Cape Town,Atlas Pro,Billing,Medium,Web-Form,Open,Premium,,805.0,48,144.68,Login | Password,Customer mentioned a previous unresolved ticket.
TKT-02470,2026-01-10 23:13:00,Riley Ahmed,riley.ahmed86@mailbox.org,+447792612334,,Lumen Starter,Security,Medium,Phone,Open,,5,,,67.49,Bug | Mobile,
TKT-01684,2025-06-03 00:00:00,Marley Carter,marley.carter@outlook.com,+9296952905,Dublin,Atlas Pro,Refund,Medium,Web-Form,Open,Premium,5,,48,96.84,Bug | Mobile,Customer requested an update after the first response.
TKT-01343,2025-04-10 19:40:00,Casey Carter,casey.carter24@company.co,+19275963686,London,Vertex Analytics,Billing,High,Phone,Open,Enterprise,4,,,103.03,Billing | Invoice,Issue reproduced on a mobile device.
TKT-01078,2025-05-04 00:00:00,Reese Sullivan,reese.sullivan@gmail.com,+18112056598,Singapore,Orchid Plus,Refund,Low,Phone,Resolved,,,,,55.45,Delivery | Late,Customer supplied screenshots.
TKT-02795,2024-11-04 00:00:00,Emerson Parker,emerson.parker99@gmail.com,,Singapore,Harbor Essentials,Technical Issue,Urgent,Social,Pending Customer,Premium,4,,95,77.27,Billing | Invoice,Customer mentioned a previous unresolved ticket.
TKT-01094,2026-04-09 02:15:00,Casey Morris,casey.morris@company.co,+12053849317,Manchester,Cobalt Enterprise,Billing,Urgent,Web-Form,Pending Customer,Premium,5,,84,81.86,,Customer mentioned a previous unresolved ticket.
TKT-00747,2024-11-25 15:06:00,Quinn Singh,quinn.singh@gmail.com,+5796364990,New York,Atlas Pro,Delivery,Low,Email,Resolved,Standard,1,,,89.27,,
TKT-01571,2025-07-29 17:04:00,Rowan Ahmed,rowan.ahmed@outlook.com,+447003880014,Glasgow,Cobalt Enterprise,Refund,Urgent,Live Chat,Escalated,Free,4,,,122.68,Billing | Invoice,
TKT-01905,2024-02-07 00:00:00,Parker Nguyen,parker.nguyen@gmail.com,+17535487418,Toronto,Nimbus Basic,Product Question,High,Social,Open,,4,,,73.1,Feature-Request,Customer requested an update after the first response.
TKT-01636,2025-06-04 09:16:00,Alexis  Diaz,alexis.diaz@gmail.com,,Austin,Harbor Essentials,Refund,Low,Phone,Pending Customer,Premium,5,113.0,48,56.8,Product Question,
TKT-00452,2025-01-13 00:00:00,Jordan Meyer,jordan.meyer22@outlook.com,,Bristol,Atlas Pro,Product Question,Low,Phone,Pending Customer,Enterprise,1,,18,131.53,Billing | Invoice,Customer mentioned a previous unresolved ticket.
TKT-02557,2025-07-25 00:00:00,Micah Carter,micah.carter@gmail.com,+447994272195,Dublin,Atlas Pro,Account Access,Low,Live Chat,Resolved,,4,,,0,,Customer mentioned a previous unresolved ticket.
TKT-01242,2026-05-31 13:46:00,Parker Fischer,parker.fischer@outlook.com,+14139703710,London,Nimbus Basic,Technical Issue,Medium,Email,Pending Customer,Enterprise,4,,48,67.8,Account | Security | Urgent,Customer supplied screenshots.
TKT-02527,2025-01-08 13:15:00,Tatum Larsen,tatum.larsen@company.co,+13437942267,Bristol,Vertex Analytics,Technical Issue,Urgent,Live Chat,Pending Customer,Free,2,1409.0,48,102.11,Bug | Mobile,
TKT-01732,2025-03-18 00:00:00,Jamie Morris,jamie.morris57@company.co,+447841939560,Berlin,Vertex Analytics,Delivery,High,Phone,Open,Standard,,786.0,,59.79,,Customer supplied screenshots.
TKT-02119,2026-02-25 12:49:00,Riley Reed,riley.reed59@outlook.com,,Berlin,Lumen Starter,Refund,High,Web-Form,Escalated,,3,,75,0,Bug | Mobile,Escalated to the specialist queue.
TKT-01393,2025-06-10 00:00:00,kendall ahmed,kendall.ahmed61@mailbox.org,+18497903990,Dublin,Mosaic Team,Billing,Low,Phone,Resolved,Premium,1,,,189.74,Delivery | Late,
TKT-02534,2024-02-02 00:00:00,Avery Diaz,avery.diaz@company.co,+16202809775,Manchester,Orchid Plus,Security,Urgent,Live Chat,Resolved,Premium,4,,48,28.47,Billing | Invoice,
TKT-01735,2024-05-18 21:47:00,Jordan Nguyen,jordan.nguyen@company.co,+11283878029,London,Nimbus Basic,Account Access,Urgent,Email,Closed,Enterprise,,1316.0,92,123.0,Delivery | Late,Issue reproduced on a mobile device.
TKT-01008,2024-10-06 06:13:00,Quinn Chen,quinn.chen41@mailbox.org,,Berlin,Mosaic Team,Security,Medium,Web-Form,Pending Customer,Free,5,247.0,13,113.93,Billing | Invoice,No additional context provided.
TKT-02016,2025-07-04 00:00:00,Cameron Morales,cameron.morales@mailbox.org,+447395891611,Berlin,Mosaic Team,Billing,Medium,Social,Escalated,,5,,48,,Feature-Request,No additional context provided.
TKT-02274,2025-03-17 00:00:00,Taylor Petrov,taylor.petrov@company.co,,New York,Atlas Pro,Delivery,Urgent,Email,Escalated,Premium,1,,,80.88,Account | Security | Urgent,Issue reproduced on a mobile device.
TKT-02162,2026-06-08 17:42:00,Hayden Kowalski,hayden.kowalski20@outlook.com,,Singapore,Atlas Pro,Billing,Low,Social,Closed,Standard,2,,48,92.56,Billing | Invoice,Escalated to the specialist queue.
TKT-01617,2025-05-27 00:00:00,Casey Diaz,casey.diaz@example.com,+11446983956,Glasgow,Mosaic Team,Technical Issue,Medium,Social,Open,Enterprise,5,553.0,48,95.43,Billing | Invoice,No additional context provided.
TKT-00183,2024-06-16 00:00:00,Kendall Grant,kendall.grant18@gmail.com,,Toronto,Lumen Starter,Subscription,Urgent,Web-Form,Resolved,,,,,20.1,Refund,
TKT-01433,2024-08-19 00:00:00,Morgan Petrov,morgan.petrov@company.co,,London,Mosaic Team,Product Question,Urgent,Web-Form,Resolved,Premium,2,,26,126.33,Account | Security | Urgent,Follow-up required next business day.
TKT-00354,2024-07-05 16:38:00,Avery Ibrahim,avery.ibrahim@company.co,+15112968261,Dublin,Mosaic Team,Account Access,High,Social,Pending Customer,Premium,4,,,70.2,Product Question,Follow-up required next business day.
TKT-01566,2024-10-23 21:03:00,Taylor Diaz,taylor.diaz65@example.com,+15518423680,Birmingham,Mosaic Team,Subscription,Medium,Phone,Pending Customer,,,1606.0,,63.53,Bug | Mobile,Customer supplied screenshots.
TKT-01725,2024-03-12 06:13:00,Avery Ibrahim,avery.ibrahim@outlook.com,+447475903477,London,Cobalt Enterprise,Security,High,Web-Form,Resolved,Premium,3,492.0,,27.55,Bug | Mobile,
TKT-02630,2024-06-06 00:00:00,Jamie Novak,jamie.novak@mailbox.org,,Seattle,Nimbus Basic,Refund,High,Email,Escalated,Premium,2,,,52.63,Product Question,Customer requested an update after the first response.
TKT-00304,2025-01-01 00:00:00,Marley Parker,marley.parker@company.co,,Austin,Cobalt Enterprise,Security,Medium,Email,Resolved,,5,,,112.57,Account | Security | Urgent,
TKT-00174,2024-12-08 21:03:00,Tatum Grant,tatum.grant@gmail.com,+17066936340,,Harbor Essentials,Billing,High,Phone,Escalated,Premium,5,473.0,31,97.76,Bug | Mobile,Customer mentioned a previous unresolved ticket.
TKT-00719,2024-09-05 06:35:00,Finley Walker,finley.walker@mailbox.org,+11125044229,Berlin,Lumen Starter,Feature Request,Low,Phone,Open,,3,,41,59.0,Delivery | Late,Customer requested an update after the first response.
TKT-00743,2025-07-10 00:00:00,Emerson Brooks,emerson.brooks@mailbox.org,+18368393732,,Atlas Pro,Security,Urgent,Live Chat,Open,Standard,2,,48,44.63,Billing | Invoice,
TKT-02509,2024-06-04 00:00:00,Riley Meyer,riley.meyer68@gmail.com,,Austin,Mosaic Team,Feature Request,Low,Phone,Pending Customer,Enterprise,,922.0,,4.69,Billing | Invoice,Escalated to the specialist queue.
TKT-01407,2024-03-28 00:00:00,Shawn Morris,shawn.morris@example.com,+14182466910,Cape Town,Mosaic Team,Security,Urgent,Email,Pending Customer,,5,,,0.8,Login | Password,Follow-up required next business day.
TKT-02545,2025-10-13 15:33:00,Skyler Larsen,skyler.larsen@company.co,+18448359359,New York,Harbor Essentials,Product Question,High,Phone,Pending Customer,Premium,4,1669.0,48,212.47,Billing | Invoice,Follow-up required next business day.
TKT-01941,2025-03-30 00:00:00,Rowan Fischer,rowan.fischer@gmail.com,+18489078461,Seattle,Cobalt Enterprise,Subscription,Medium,Web-Form,Open,Free,,,,95.94,Refund,Customer mentioned a previous unresolved ticket.
TKT-00380,2025-07-04 01:47:00,Ellis Ahmed,ellis.ahmed95@gmail.com,+447101579444,Austin,Orchid Plus,Security,Urgent,Email,Open,Free,,1313.0,,34.54,Refund,Customer requested an update after the first response.
TKT-02714,2024-02-06 16:41:00,Robin Bennett,robin.bennett@outlook.com,+17869759231,Bristol,Vertex Analytics,Subscription,High,Phone,Pending Customer,Enterprise,5,1565.0,17,2.04,Refund,No additional context provided.
TKT-01471,2025-01-03 00:00:00,Ellis Petrov,ellis.petrov61@outlook.com,,Manchester,Mosaic Team,Account Access,Urgent,Social,Resolved,Free,5,,46,144.81,,No additional context provided.
TKT-00798,2026-04-24 00:51:00,Blake Morales,blake.morales24@outlook.com,+18054702119,New York,Orchid Plus,Refund,Low,Live Chat,Resolved,Enterprise,3,1633.0,,116.48,,Issue reproduced on a mobile device.
TKT-01109,2025-07-21 02:18:00,Parker Petrov,parker.petrov@example.com,+4359967883,New York,Harbor Essentials,Product Question,Low,Live Chat,Pending Customer,,,,,44.69,Delivery | Late,Escalated to the specialist queue.
TKT-00792,2025-09-19 00:00:00,Jamie Wilson,jamie.wilson@mailbox.org,,Manchester,Atlas Pro,Technical Issue,Medium,Email,Closed,Enterprise,,,,90.42,Bug | Mobile,Escalated to the specialist queue.
TKT-00396,2024-05-04 20:26:00,Riley Petrov,riley.petrov44@outlook.com,+447018568795,Amsterdam,Harbor Essentials,Subscription,Low,Email,Open,Enterprise,5,,48,53.2,Feature-Request,Follow-up required next business day.
TKT-01910,2026-03-22 17:35:00,Micah Nguyen,micah.nguyen@company.co,,Glasgow,Vertex Analytics,Security,Urgent,Phone,Resolved,,,1042.0,,86.86,Product Question,
TKT-00967,2024-10-15 00:00:00,Devon Ibrahim,devon.ibrahim@example.com,+9180868705,Birmingham,Cobalt Enterprise,Product Question,Low,Email,Open,Free,5,,48,41.8,Delivery | Late,Customer requested an update after the first response.
TKT-00110,2024-01-05 00:00:00,Kendall Carter,kendall.carter56@company.co,,Berlin,Lumen Starter,Feature Request,Medium,Web-Form,Escalated,Standard,4,1420.0,48,74.91,Delivery | Late,Customer supplied screenshots.
TKT-01291,2025-05-23 00:00:00,Avery Grant,avery.grant@outlook.com,+14788494427,Seattle,Harbor Essentials,Feature Request,Urgent,Web-Form,Escalated,Premium,5,,,100.37,Refund,
TKT-02244,2025-08-27 00:00:00,marley bennett,marley.bennett24@example.com,+447715249031,Dublin,Lumen Starter,Delivery,High,Web-Form,Open,Premium,,338.0,70,0,Feature-Request,Escalated to the specialist queue.
TKT-01092,2024-01-19 00:00:00,Taylor Brooks,taylor.brooks79@outlook.com,+13841741391,Glasgow,Lumen Starter,Account Access,Urgent,Web-Form,Escalated,Premium,,,,76.95,Delivery | Late,Issue reproduced on a mobile device.
TKT-01506,2024-07-25 00:00:00,Quinn Kowalski,quinn.kowalski@gmail.com,+13513299451,Cape Town,Lumen Starter,Feature Request,Urgent,Social,Open,Premium,4,,48,54.07,Feature-Request,No additional context provided.
TKT-01585,2025-07-28 04:38:00,Marley Meyer,marley.meyer74@gmail.com,+447950321958,Seattle,Atlas Pro,Security,Medium,Phone,Closed,Enterprise,5,102.0,,102.58,Bug | Mobile,
TKT-01710,2024-10-16 00:00:00,Finley Ibrahim,finley.ibrahim@gmail.com,+447071578566,Austin,Vertex Analytics,Billing,Low,Email,Open,Premium,,1174.0,,25.4,Billing | Invoice,
TKT-01852,2025-09-07 05:52:00,Blake Hansen,blake.hansen@outlook.com,+447454569067,Toronto,Cobalt Enterprise,Billing,Urgent,Email,Open,Enterprise,4,1516.0,,176.64,None,Customer mentioned a previous unresolved ticket.
TKT-01860,2024-05-02 00:00:00,Riley Chen,riley.chen26@mailbox.org,,Berlin,Cobalt Enterprise,Security,Low,Email,Escalated,Free,2,,,93.32,,Customer supplied screenshots.
TKT-01144,2025-04-23 00:00:00,Milan Kim,milan.kim@example.com,+447351766068,New York,Orchid Plus,Account Access,Urgent,Email,Open,,1,,48,85.91,Refund,Escalated to the specialist queue.
TKT-01628,2026-02-11 08:47:00,Sage Santos,sage.santos@gmail.com,+3688732769,Manchester,Harbor Essentials,Account Access,Medium,Web-Form,Closed,Standard,2,540.0,,149.46,Bug | Mobile,Customer requested an update after the first response.
TKT-02126,2025-03-04 00:00:00,Robin Singh,robin.singh@gmail.com,+13253569941,Bristol,Vertex Analytics,Product Question,High,Web-Form,Escalated,Standard,5,,48,109.09,Product Question,Issue reproduced on a mobile device.
TKT-00218,2026-03-30 21:19:00,Robin Chen,robin.chen@gmail.com,,New York,Orchid Plus,Billing,Low,Web-Form,Escalated,,,,52,65.97,,
TKT-02176,2024-12-14 07:10:00,Micah Morris,micah.morris15@mailbox.org,+447098189013,Melbourne,Orchid Plus,Product Question,Medium,Phone,Pending Customer,Premium,,,,193.92,Login | Password,Customer mentioned a previous unresolved ticket.
TKT-01098,2024-02-29 00:00:00,Marley Grant,marley.grant@gmail.com,,Austin,Harbor Essentials,Subscription,Medium,Phone,Open,Enterprise,,1282.0,,0,Login | Password,Customer supplied screenshots.
TKT-00092,2024-09-12 00:00:00,Morgan Meyer,morgan.meyer14@outlook.com,,Melbourne,Orchid Plus,Technical Issue,Medium,Email,Pending Customer,,4,335.0,77,132.28,Billing | Invoice,Issue reproduced on a mobile device.
TKT-02622,2024-09-02 22:46:00,Morgan Hansen,morgan.hansen@mailbox.org,+16858824268,Dublin,Vertex Analytics,Billing,Low,Email,Closed,Enterprise,,,48,122.4,Delivery | Late,
TKT-01543,2025-01-16 14:48:00,Riley Wilson,riley.wilson@mailbox.org,+12208624716,Cape Town,Harbor Essentials,Refund,High,Phone,Pending Customer,Premium,1,936.0,,170.37,Account | Security | Urgent,Follow-up required next business day.
TKT-00813,2024-01-05 00:00:00,Reese Nguyen,reese.nguyen23@example.com,+8410486734,Cape Town,Cobalt Enterprise,Billing,Medium,Email,Pending Customer,Enterprise,5,,,158.58,Login | Password,No additional context provided.
TKT-02473,2024-12-23 00:00:00,Finley Ibrahim,finley.ibrahim94@gmail.com,+12306709556,New York,Nimbus Basic,Product Question,Urgent,Live Chat,Pending Customer,Standard,1,1515.0,,35.77,Billing | Invoice,Customer mentioned a previous unresolved ticket.
TKT-02658,2024-11-03 00:00:00,Drew Ibrahim,drew.ibrahim9@company.co,+17618363866,Toronto,Atlas Pro,Refund,Low,Live Chat,Escalated,Standard,,,74,127.96,Product Question,No additional context provided.
TKT-02411,2024-05-14 09:33:00,Skyler Patel,skyler.patel@example.com,,Dublin,Harbor Essentials,Security,High,Web-Form,Pending Customer,Premium,,,,124.03,Billing | Invoice,No additional context provided.
TKT-02438,2025-08-24 00:00:00,Blake Walker,blake.walker82@gmail.com,+17015037282,Seattle,Atlas Pro,Feature Request,Low,Email,Pending Customer,Premium,3,,48,124.43,Account | Security | Urgent,Issue reproduced on a mobile device.
TKT-00374,2025-01-14 00:00:00,Shawn Hansen,shawn.hansen41@mailbox.org,,Singapore,Nimbus Basic,Account Access,Low,Web-Form,Pending Customer,Premium,,,,131.76,Login | Password,
TKT-01704,2025-04-24 05:16:00,Jordan Novak,jordan.novak@company.co,,,Harbor Essentials,Subscription,High,Live Chat,Resolved,Free,2,,,140.03,Login | Password,Customer requested an update after the first response.
TKT-00623,2026-03-18 09:11:00,Micah Sullivan,micah.sullivan21@example.com,+447974159183,Cape Town,Cobalt Enterprise,Technical Issue,High,Phone,Open,Enterprise,,,27,182.51,Product Question,No additional context provided.
TKT-00803,2024-06-28 04:01:00,Reese Hansen,reese.hansen9@mailbox.org,,Seattle,Vertex Analytics,Feature Request,Low,Web-Form,Open,Free,1,,48,84.29,Product Question,Follow-up required next business day.
TKT-01806,2025-12-04 04:12:00,Hayden Wilson,hayden.wilson@mailbox.org,+18599794552,Toronto,Atlas Pro,Refund,Medium,Live Chat,Escalated,Standard,4,,1,,Login | Password,Escalated to the specialist queue.
TKT-01249,2024-04-11 00:00:00,Alexis Diaz,alexis.diaz27@mailbox.org,,New York,Vertex Analytics,Technical Issue,Medium,Web-Form,Resolved,,,277.0,,91.86,,
TKT-02150,2025-04-14 06:19:00,Taylor Kim,,+447234177703,London,Nimbus Basic,Delivery,Urgent,Phone,Pending Customer,,1,607.0,,0,,Customer mentioned a previous unresolved ticket.
TKT-00027,2024-03-11 00:00:00,Jamie Singh,jamie.singh30@outlook.com,+3913885234,Leeds,Vertex Analytics,Subscription,Low,Phone,Closed,,4,,,15.7,,Follow-up required next business day.
TKT-00707,2026-02-25 00:00:00,Sage Novak,sage.novak24@outlook.com,,Birmingham,Mosaic Team,Refund,High,Phone,Open,Free,2,,,8.58,Refund,Escalated to the specialist queue.
TKT-00148,2025-12-23 17:52:00,Arden Hughes,arden.hughes@gmail.com,+12697709732,Berlin,Vertex Analytics,Delivery,Urgent,Email,Resolved,Free,4,,48,6.37,Delivery | Late,Customer supplied screenshots.
TKT-02224,2024-09-22 21:39:00,Reese Turner,reese.turner@gmail.com,+18127959155,Birmingham,Harbor Essentials,Technical Issue,High,Live Chat,Escalated,Premium,,,62,69.03,,
TKT-01295,2026-03-06 13:23:00,Emerson Singh,emerson.singh@gmail.com,,,Atlas Pro,Billing,Urgent,Social,Open,,4,25.0,,83.5,Bug | Mobile,Customer supplied screenshots.
TKT-02041,2025-07-18 00:00:00,Cameron Meyer,cameron.meyer@example.com,+16571772804,Austin,Harbor Essentials,Product Question,Medium,Social,Open,,4,,,40.79,Bug | Mobile,Customer supplied screenshots.
TKT-02286,2024-11-04 16:08:00,Ellis Nguyen,ellis.nguyen@mailbox.org,+447720610284,London,Orchid Plus,Account Access,Urgent,Social,Open,Free,5,,,104.41,Feature-Request,Escalated to the specialist queue.
TKT-00810,2025-02-14 00:00:00,Ellis Parker,,,London,Cobalt Enterprise,Delivery,Medium,Live Chat,Resolved,Premium,3,705.0,46,29.80,Refund,No additional context provided.
TKT-02719,2024-12-30 00:00:00,Finley Ibrahim,finley.ibrahim@mailbox.org,+447678171216,London,Mosaic Team,Subscription,High,Phone,Resolved,,2,,,46.42,Login | Password,Follow-up required next business day.
TKT-02764,2025-03-01 21:00:00,Quinn Ibrahim,quinn.ibrahim39@example.com,+14409746766,London,Cobalt Enterprise,Product Question,Medium,Web-Form,Resolved,,2,782.0,,44.26,Delivery | Late,No additional context provided.
TKT-01608,2024-12-07 00:06:00,Morgan Hughes,morgan.hughes@mailbox.org,,Glasgow,Lumen Starter,Technical Issue,Urgent,Live Chat,Open,,,,68,168.36,Billing | Invoice,Customer supplied screenshots.
TKT-01898,2026-05-16 00:00:00,Morgan Hansen,morgan.hansen8@company.co,+447419478010,Berlin,Vertex Analytics,Technical Issue,Urgent,Web-Form,Pending Customer,,4,46.0,,166.93,Feature-Request,Customer requested an update after the first response.
TKT-01995,2026-04-25 00:00:00,Milan Novak,milan.novak@gmail.com,,Austin,Cobalt Enterprise,Refund,Urgent,Email,Closed,Free,,,86,98.33,Login | Password,Customer requested an update after the first response.
TKT-01844,2026-04-17 21:02:00,Cameron Wilson,cameron.wilson@outlook.com,,Manchester,Orchid Plus,Account Access,Medium,Social,Resolved,Premium,1,1369.0,,84.11,Account | Security | Urgent,Customer mentioned a previous unresolved ticket.
TKT-01019,2024-09-21 00:00:00,Emerson Brooks,emerson.brooks@gmail.com,,London,Mosaic Team,Security,High,Social,Pending Customer,Enterprise,2,,,61.38,Billing | Invoice,
TICKET-02175,2024-07-15 09:44:00,Casey Larsen,casey.larsen41@gmail.com,+11029673986,Bristol,Atlas Pro,Billing,Urgent,Web-Form,Closed,,3,,48,33.07,Login | Password,Follow-up required next business day.
TKT-00767,2025-12-25 19:40:00,Tatum Kim,tatum.kim@gmail.com,+17012716425,Toronto,Nimbus Basic,Security,Urgent,Web-Form,Closed,Premium,1,,,77.08,,Customer mentioned a previous unresolved ticket.
TKT-02079,2024-05-27 00:00:00,Morgan Larsen,morgan.larsen@gmail.com,,Toronto,Nimbus Basic,Feature Request,Urgent,Email,Open,Standard,,,48,71.33,Billing | Invoice,Issue reproduced on a mobile device.
TKT-00606,2026-06-02 01:00:00,Taylor Turner,taylor.turner@gmail.com,+14457083331,Berlin,Atlas Pro,Billing,Urgent,Social,Pending Customer,,4,129.0,,182.22,Product Question,Customer requested an update after the first response.
TKT-01095,2026-02-06 00:00:00,Morgan Kim,morgan.kim@company.co,+447759892373,Seattle,Lumen Starter,Delivery,Low,Phone,Resolved,,4,,48,119.3,Billing | Invoice,Follow-up required next business day.
TKT-00539,2024-05-15 19:42:00,Emerson Santos,emerson.santos@outlook.com,,Glasgow,Cobalt Enterprise,Subscription,Urgent,Live Chat,Open,Free,5,,63,134.35,,Customer supplied screenshots.
TKT-01406,2024-03-19 00:00:00,Tatum Patel,tatum.patel@gmail.com,,Berlin,Nimbus Basic,Subscription,Urgent,Social,Closed,Standard,3,,40,37.38,Delivery | Late,
TKT-02742,2026-01-24 20:19:00,Avery Ibrahim,avery.ibrahim@mailbox.org,,Manchester,Harbor Essentials,Delivery,High,Email,Open,Free,,,,104.48,Delivery | Late,No additional context provided.
TKT-02708,2025-11-25 17:20:00,Quinn Petrov,quinn.petrov26@company.co,,London,Lumen Starter,Delivery,Urgent,Social,Resolved,Free,3,,,80.31,Feature-Request,Customer requested an update after the first response.
TKT-00394,2026-02-20 16:41:00,Reese Larsen,reese.larsen30@mailbox.org,+12458557317,Glasgow,Vertex Analytics,Technical Issue,Low,Live Chat,Pending Customer,Standard,3,,,,Billing | Invoice,Customer supplied screenshots.
TKT-00935,2024-12-26 00:00:00,Taylor Morales,taylor.morales33@mailbox.org,+8551511784,Amsterdam,Mosaic Team,Product Question,Medium,Live Chat,Open,,5,373.0,,103.2,,Customer requested an update after the first response.
TKT-01563,2024-10-13 00:00:00,Finley Carter,finley.carter@example.com,,London,Mosaic Team,Billing,Low,Live Chat,Open,Premium,3,1184.0,8,0,Delivery | Late,
TKT-01148,2024-05-10 15:03:00,Rowan Morris,rowan.morris@company.co,,London,Nimbus Basic,Security,Low,Social,Pending Customer,Enterprise,1,,,0,Billing | Invoice,Follow-up required next business day.
TKT-01685,2025-11-09 00:00:00,Hayden Kim,hayden.kim@outlook.com,,Seattle,Cobalt Enterprise,Security,Medium,Email,Pending Customer,Standard,5,,,14.15,Product Question,Follow-up required next business day.
TKT-01020,2024-02-17 19:11:00,Hayden Hughes,hayden.hughes65@example.com,+2419477065,Singapore,Nimbus Basic,Feature Request,Medium,Email,Open,Premium,,,,102.33,Refund,No additional context provided.
TKT-01645,2024-07-26 00:00:00,Reese Morris,reese.morris@mailbox.org,+447171402649,London,Vertex Analytics,Product Question,High,Social,Open,Enterprise,2,1681.0,,20.57,,
TKT-02775,2024-01-08 00:00:00,Cameron Carter,cameron.carter@company.co,,Seattle,Vertex Analytics,Subscription,Urgent,Social,Pending Customer,Standard,5,1037.0,,51.99,Bug | Mobile,Escalated to the specialist queue.
TKT-01076,2025-02-13 15:08:00,Blake Fischer,blake.fischer27@mailbox.org,+15739744084,Cape Town,Orchid Plus,Billing,High,Email,Escalated,,,,48,51.84,Account | Security | Urgent,
TKT-02744,2024-02-11 00:00:00,Emerson Hansen,emerson.hansen@gmail.com,+15692385655,Singapore,Cobalt Enterprise,Delivery,Urgent,Live Chat,Resolved,Enterprise,1,,48,109.7,Login | Password,Follow-up required next business day.
TKT-00869,2024-01-19 00:00:00,Milan Chen,milan.chen79@example.com,+18988417559,Singapore,Cobalt Enterprise,Subscription,High,Phone,Pending Customer,,2,753.0,46,115.22,Refund,Customer requested an update after the first response.
TKT-02725,2025-02-13 20:59:00,Jamie Sullivan,jamie.sullivan@outlook.com,+447957854464,Seattle,Cobalt Enterprise,Refund,Medium,Social,Open,Enterprise,4,784.0,48,186.94,Billing | Invoice,Escalated to the specialist queue.
TKT-02583,2026-04-24 00:00:00,Cameron Bennett,,+16066207042,Manchester,Lumen Starter,Delivery,Urgent,Email,Resolved,Enterprise,4,,6,76.08,Delivery | Late,
TKT-00545,2026-01-07 09:08:00,Morgan Nguyen,,,London,Nimbus Basic,Account Access,Medium,Phone,Closed,Free,1,979.0,78,0,Delivery | Late,Customer requested an update after the first response.
TKT-02759,2024-08-12 00:00:00,Milan Walker,milan.walker@outlook.com,+15985259621,Bristol,Orchid Plus,Security,Urgent,Live Chat,Open,Premium,3,420.0,,16.82,Refund,Customer mentioned a previous unresolved ticket.
TKT-00285,2024-11-21 00:00:00,Casey Kowalski,casey.kowalski13@mailbox.org,+16019805263,Amsterdam,Lumen Starter,Delivery,Urgent,Live Chat,Closed,,,,68,196.32,Delivery | Late,
TKT-02327,2026-02-21 20:36:00,Ellis Grant,ellis.grant54@example.com,+4939241863,Austin,Nimbus Basic,Technical Issue,Low,Live Chat,Resolved,Free,1,1428.0,48,18.96,Billing | Invoice,No additional context provided.
TKT-02306,2026-05-10 00:00:00,Jamie Sullivan,jamie.sullivan50@mailbox.org,+8180007150,Melbourne,Cobalt Enterprise,Refund,High,Email,Pending Customer,Free,3,,1,250.05,Bug | Mobile,Customer supplied screenshots.
TKT-01274,2024-03-16 18:17:00,Robin Hansen,robin.hansen@company.co,+447038395748,Bristol,Atlas Pro,Delivery,Urgent,Live Chat,Escalated,,4,1018.0,,61.6,Feature-Request,
TKT-01801,2024-06-02 09:01:00,Jordan Meyer,jordan.meyer65@outlook.com,,Manchester,Cobalt Enterprise,Product Question,Urgent,Phone,Open,Standard,,990.0,48,183.57,Feature-Request,No additional context provided.
TKT-00933,2024-07-09 00:00:00,marley chen,,,Cape Town,Mosaic Team,Account Access,High,Web-Form,Pending Customer,Free,,,,0.00,,Escalated to the specialist queue.
TKT-00489,2024-10-18 14:30:00,Ellis Morales,ellis.morales@mailbox.org,,Manchester,Atlas Pro,Feature Request,Medium,Email,Pending Customer,Free,1,,53,171.79,Billing | Invoice,
TKT-02288,2026-01-29 13:11:00,Avery Walker,avery.walker@outlook.com,+4411373644,Glasgow,Orchid Plus,Refund,Low,Email,Escalated,Premium,3,1023.0,,65.17,,Customer supplied screenshots.
TKT-01412,2025-08-14 00:00:00,Skyler Hansen,skyler.hansen99@example.com,+16608226184,Glasgow,Vertex Analytics,Feature Request,Low,Social,Pending Customer,Free,4,,,109.59,,Customer supplied screenshots.
TKT-01226,2024-07-28 09:03:00,Drew Carter,drew.carter@gmail.com,+13993446286,Bristol,Nimbus Basic,Account Access,High,Social,Pending Customer,Free,5,,,71.86,Billing | Invoice,Customer supplied screenshots.
TKT-02572,2025-10-23 00:00:00,Reese Grant,reese.grant@gmail.com,+13792123848,Toronto,Harbor Essentials,Product Question,High,Phone,Pending Customer,Enterprise,1,,,0,,Customer supplied screenshots.
TKT-00771,2025-05-01 00:00:00,Avery Sullivan,avery.sullivan@mailbox.org,+447305192554,Berlin,Orchid Plus,Delivery,Low,Social,Resolved,Standard,,121.0,62,117.93,Login | Password,Customer mentioned a previous unresolved ticket.
TKT-00562,2024-07-18 00:00:00,Kendall Patel,kendall.patel84@mailbox.org,+17474293572,Melbourne,Lumen Starter,Billing,Medium,Social,Open,Premium,3,,72,193.15,,
TKT-00457,2025-12-20 16:58:00,Drew Diaz,drew.diaz@outlook.com,,Singapore,Vertex Analytics,Account Access,High,Web-Form,Pending Customer,Free,2,,48,73.11,,Escalated to the specialist queue.
TKT-01283,2026-06-12 20:56:00,Parker Chen,parker.chen@example.com,+17722314741,Melbourne,Harbor Essentials,Subscription,Low,Live Chat,Escalated,Free,5,,,117.95,Product Question,Follow-up required next business day.
TKT-01738,2024-03-30 07:35:00,Casey Kim,casey.kim24@company.co,+12379222676,Berlin,Vertex Analytics,Billing,Low,Social,Resolved,,,,,20.27,Feature-Request,Issue reproduced on a mobile device.
TKT-01348,2026-04-12 00:00:00,Avery Chen,avery.chen4@company.co,,Leeds,Orchid Plus,Account Access,Urgent,Phone,Pending Customer,Enterprise,,576.0,48,130.39,,Issue reproduced on a mobile device.
TKT-01586,2024-01-14 17:16:00,Blake Grant,blake.grant@company.co,+12437619359,Bristol,Cobalt Enterprise,Billing,Urgent,Live Chat,Closed,,1,,,117.12,Refund,Issue reproduced on a mobile device.
TKT-00506,2025-10-12 05:45:00,Hayden Sullivan,hayden.sullivan@company.co,+4746017965,Leeds,Harbor Essentials,Product Question,Urgent,Social,Open,Enterprise,5,,,52.21,Billing | Invoice,Issue reproduced on a mobile device.
TKT-02300,2026-04-13 00:00:00,Riley Singh,riley.singh@example.com,,London,Nimbus Basic,Delivery,Low,Phone,Pending Customer,Standard,3,,,0,Refund,
TKT-02781,2024-12-20 00:00:00,Devon Ahmed,devon.ahmed19@gmail.com,+18427027751,Bristol,Orchid Plus,Subscription,Urgent,Social,Pending Customer,Premium,5,,,127.1,Account | Security | Urgent,Escalated to the specialist queue.
TKT-01101,2025-12-04 08:33:00,Avery Ibrahim,avery.ibrahim@gmail.com,,Berlin,Harbor Essentials,Account Access,Urgent,Live Chat,Escalated,Premium,3,,,133.89,Billing | Invoice,Customer mentioned a previous unresolved ticket.
TKT-02100,2026-05-17 19:12:00,Tatum Ahmed,tatum.ahmed@mailbox.org,,Birmingham,Harbor Essentials,Billing,Medium,Live Chat,Pending Customer,,4,,24,123.98,Feature-Request,
TKT-02038,2024-02-10 00:23:00,Jamie Hughes,jamie.hughes97@company.co,+6282928574,Leeds,Nimbus Basic,Subscription,Medium,Live Chat,Pending Customer,Enterprise,1,,48,51.01,Billing | Invoice,Customer mentioned a previous unresolved ticket.
TKT-00659,2024-07-22 00:00:00,Avery Nguyen,avery.nguyen30@gmail.com,+447055463710,Austin,Harbor Essentials,Billing,Medium,Phone,Open,Premium,5,430.0,48,89.89,,No additional context provided.
TKT-02309,2026-03-27 00:00:00,Finley Meyer,finley.meyer@gmail.com,+14694112235,Singapore,Lumen Starter,Billing,High,Web-Form,Pending Customer,Standard,,,,108.4,,Customer supplied screenshots.
TKT-01376,2026-01-28 15:43:00,Shawn Parker,shawn.parker66@company.co,+9259398923,Manchester,Orchid Plus,Billing,High,Social,Open,,5,289.0,,67.49,Account | Security | Urgent,
TKT-01683,2024-08-17 05:29:00,Casey Parker,casey.parker@company.co,,Birmingham,Cobalt Enterprise,Subscription,Low,Web-Form,Escalated,Standard,3,1692.0,,29.3,Login | Password,Customer mentioned a previous unresolved ticket.
TKT-00992,2024-03-18 00:00:00,Avery Larsen,avery.larsen@example.com,,Dublin,Lumen Starter,Product Question,High,Live Chat,Resolved,Enterprise,,981.0,,0,Billing | Invoice,No additional context provided.
TKT-00042,2026-02-26 09:37:00,Micah Santos,micah.santos@company.co,+13414561854,Melbourne,Cobalt Enterprise,Delivery,High,Live Chat,Resolved,Standard,3,,,88.43,,Escalated to the specialist queue.
TKT-00536,2025-01-14 19:15:00,Skyler Parker,skyler.parker@outlook.com,,Seattle,Mosaic Team,Security,Low,Phone,Pending Customer,Free,1,,48,81.61,Delivery | Late,Customer mentioned a previous unresolved ticket.
TKT-01470,2024-11-14 03:14:00,Jordan Parker,jordan.parker@company.co,+19803149515,London,Mosaic Team,Security,High,Social,Open,,4,,18,103.45,Billing | Invoice,Customer supplied screenshots.
TKT-01793,2025-12-12 12:52:00,Casey Nguyen,,+5425146587,Berlin,Nimbus Basic,Delivery,Urgent,Email,Escalated,Standard,,,,70.19,,Customer requested an update after the first response.
TKT-01497,2025-06-13 00:00:00,Rowan Fischer,rowan.fischer@outlook.com,+18745692344,Glasgow,Vertex Analytics,Technical Issue,Urgent,Live Chat,Open,Premium,1,,,192.38,Product Question,Follow-up required next business day.
TKT-01060,2024-10-18 14:14:00,Morgan Okafor,morgan.okafor@mailbox.org,+15623441367,Manchester,Lumen Starter,Technical Issue,Medium,Phone,Open,,,1017.0,,58.62,Product Question,Follow-up required next business day.
TKT-00654,2025-08-31 22:23:00,Rowan Carter,,+6174076489,,Cobalt Enterprise,Delivery,Low,Live Chat,Pending Customer,,1,1091.0,,18.14,Refund,Customer mentioned a previous unresolved ticket.
TKT-01496,2024-12-06 00:00:00,Micah Parker,micah.parker@gmail.com,+632640386,Bristol,Mosaic Team,Technical Issue,Low,Live Chat,Pending Customer,Premium,3,,,189.34,Refund,
TKT-00288,2025-12-26 00:00:00,Jamie Okafor,jamie.okafor@gmail.com,+447703987132,Seattle,Cobalt Enterprise,Technical Issue,Urgent,Phone,Resolved,Premium,,,48,111.36,Product Question,Customer mentioned a previous unresolved ticket.
TKT-02520,2026-01-30 02:33:00,Tatum Hansen,tatum.hansen40@outlook.com,,Manchester,Atlas Pro,Account Access,Medium,Web-Form,Resolved,Standard,3,,86,32.17,Delivery | Late,Customer supplied screenshots.
TKT-01874,2025-03-26 00:00:00,Finley Carter,finley.carter7@example.com,,Melbourne,Nimbus Basic,Technical Issue,Urgent,Web-Form,Open,Premium,,524.0,44,121.88,Billing | Invoice,
TKT-01661,2025-05-11 04:19:00,Reese Morales,reese.morales@gmail.com,,London,Nimbus Basic,Billing,Low,Phone,Resolved,Enterprise,2,1502.0,,151.44,Refund,No additional context provided.
TKT-00509,2025-09-26 00:00:00,Finley Turner,finley.turner@company.co,,Austin,Harbor Essentials,Account Access,Urgent,Live Chat,Closed,,5,,,81.67,Delivery | Late,Customer requested an update after the first response.
TKT-00760,2024-07-03 10:25:00,Riley Walker,riley.walker@mailbox.org,+447830948694,London,Orchid Plus,Product Question,Urgent,Email,Resolved,,5,,48,117.52,Account | Security | Urgent,No additional context provided.
TKT-02044,2026-02-09 07:09:00,Alexis Morris,alexis.morris@gmail.com,,Leeds,Mosaic Team,Product Question,Low,Email,Escalated,Premium,,,,87.38,Account | Security | Urgent,No additional context provided.
TKT-02669,2024-01-27 00:00:00,Taylor Ibrahim,taylor.ibrahim@mailbox.org,+9598063962,Manchester,Harbor Essentials,Technical Issue,Low,Live Chat,Resolved,,1,,48,109.38,Refund,Customer mentioned a previous unresolved ticket.
TKT-01858,2025-06-26 00:00:00,Tatum Diaz,tatum.diaz@example.com,,Birmingham,Lumen Starter,Refund,Urgent,Web-Form,Pending Customer,,5,,,65.25,Login | Password,Issue reproduced on a mobile device.
TKT-00598,2024-08-12 08:30:00,Emerson Patel,emerson.patel@example.com,,Austin,Vertex Analytics,Product Question,High,Live Chat,Resolved,Enterprise,,634.0,,25.17,Billing | Invoice,Customer requested an update after the first response.
TKT-02181,2026-02-13 00:19:00,Micah Kim,micah.kim89@mailbox.org,,New York,Atlas Pro,Feature Request,Medium,Email,Open,Enterprise,2,,,68.55,Billing | Invoice,Escalated to the specialist queue.
TKT-00284,2026-03-23 00:00:00,Emerson Hansen,emerson.hansen@gmail.com,,Melbourne,Atlas Pro,Security,High,Live Chat,Pending Customer,Enterprise,5,,48,10.92,,Follow-up required next business day.
TKT-00867,2025-07-17 15:53:00,Devon Sullivan,devon.sullivan64@gmail.com,+15698941866,Leeds,Mosaic Team,Technical Issue,High,Social,Open,Enterprise,,,,94.72,Account | Security | Urgent,Customer requested an update after the first response.
TKT-02037,2024-08-04 03:45:00,Tatum Santos,tatum.santos@example.com,+14648879762,Bristol,Lumen Starter,Delivery,Low,Phone,Resolved,Standard,,883.0,48,100.58,Account | Security | Urgent,Customer requested an update after the first response.
TKT-00831,2024-04-09 00:00:00,Quinn Bennett,quinn.bennett@mailbox.org,+12282302302,Seattle,Nimbus Basic,Feature Request,High,Phone,Pending Customer,Premium,5,,,5.06,,Customer supplied screenshots.
TKT-01424,2024-01-22 17:52:00,Jamie Morales,jamie.morales@gmail.com,,Seattle,Lumen Starter,Technical Issue,Urgent,Web-Form,Pending Customer,,,,,32.84,Billing | Invoice,Customer mentioned a previous unresolved ticket.
TKT-01370,2025-10-15 15:22:00,Micah Wilson,micah.wilson@outlook.com,+11758107495,Dublin,Lumen Starter,Account Access,Low,Email,Pending Customer,Premium,1,,48,30.34,,
TKT-01498,2025-12-16 13:54:00,Sage Morales,sage.morales45@mailbox.org,,Seattle,Mosaic Team,Refund,Urgent,Phone,Resolved,Enterprise,,,,145.46,Product Question,Customer mentioned a previous unresolved ticket.
TKT-01450,2024-11-15 20:49:00,Alexis Nguyen,alexis.nguyen33@example.com,+19693715991,Glasgow,Harbor Essentials,Delivery,High,Phone,Pending Customer,,,243.0,,80.17,Delivery | Late,
TKT-02702,2025-08-24 00:00:00,Taylor Larsen,taylor.larsen@example.com,+12683626361,Seattle,Cobalt Enterprise,Delivery,High,Phone,Open,Enterprise,5,188.0,48,139.0,Billing | Invoice,
TKT-02108,2024-12-30 00:00:00,Skyler Hughes,skyler.hughes@example.com,,Berlin,Orchid Plus,Security,Urgent,Social,Resolved,,4,481.0,68,114.11,Billing | Invoice,Follow-up required next business day.
TKT-01105,2025-07-27 23:58:00,Robin Diaz,robin.diaz@mailbox.org,+11569158047,Glasgow,Cobalt Enterprise,Security,Low,Email,Closed,Free,,,0,139.95,Login | Password,No additional context provided.
TKT-00713,2026-01-21 09:49:00,Ellis Kim,ellis.kim2@gmail.com,+16105387893,Austin,Harbor Essentials,Feature Request,Low,Live Chat,Open,,5,,,49.03,Product Question,Customer supplied screenshots.
TKT-00375,2025-10-27 01:57:00,Shawn Meyer,shawn.meyer@gmail.com,+16025413184,Manchester,Cobalt Enterprise,Technical Issue,Medium,Social,Open,Premium,,,,197.43,Billing | Invoice,Escalated to the specialist queue.
TKT-00964,2025-09-24 00:00:00,Avery Ibrahim,avery.ibrahim@mailbox.org,+11454191102,Cape Town,Lumen Starter,Refund,Urgent,Phone,Open,Premium,5,254.0,41,118.0,Delivery | Late,Issue reproduced on a mobile device.
TKT-00397,2026-02-07 00:00:00,Alexis Ibrahim,alexis.ibrahim@example.com,+19454722096,New York,Vertex Analytics,Delivery,Medium,Social,Resolved,,4,,,0,Feature-Request,
TKT-02721,2024-03-24 16:30:00,Finley Carter,finley.carter@company.co,+447136938061,Bristol,Mosaic Team,Feature Request,High,Live Chat,Pending Customer,Enterprise,5,,,,,Follow-up required next business day.
TKT-02314,2025-02-16 00:00:00,Avery Reed,avery.reed11@company.co,+6338243455,Bristol,Nimbus Basic,Technical Issue,High,Phone,Resolved,,,,51,106.38,Billing | Invoice,No additional context provided.
TKT-01182,2024-10-15 18:49:00,Milan Chen,milan.chen@mailbox.org,+12853979689,Austin,Atlas Pro,Product Question,Urgent,Live Chat,Resolved,Free,2,351.0,,155.56,Feature-Request,Customer requested an update after the first response.
TKT-02757,2024-10-08 19:11:00,Taylor Walker,taylor.walker6@gmail.com,,London,Lumen Starter,Delivery,High,Social,Open,Free,4,121.0,48,89.73,Billing | Invoice,Customer requested an update after the first response.
TKT-00038,2026-06-10 00:00:00,Kendall Ibrahim,kendall.ibrahim@mailbox.org,,Austin,Orchid Plus,Subscription,Medium,Phone,Pending Customer,,,315.0,,0,Product Question,
TKT-00313,2025-09-22 00:00:00,Hayden Sullivan,hayden.sullivan84@outlook.com,+15771376877,Berlin,Lumen Starter,Subscription,High,Web-Form,Pending Customer,Standard,,448.0,56,124.4,Feature-Request,Issue reproduced on a mobile device.
TKT-01743,2025-05-15 00:00:00,Rowan Hansen,rowan.hansen@gmail.com,,Amsterdam,Nimbus Basic,Technical Issue,High,Web-Form,Resolved,Enterprise,,624.0,,82.85,Refund,Issue reproduced on a mobile device.
TKT-00260,2026-02-02 00:14:00,Devon Kowalski,devon.kowalski@company.co,,London,Lumen Starter,Product Question,Urgent,Email,Open,Standard,,,,121.6,Billing | Invoice,Follow-up required next business day.
TKT-00501,2026-06-06 03:04:00,Reese Ibrahim,reese.ibrahim@company.co,+13389393958,Amsterdam,Mosaic Team,Account Access,Medium,Web-Form,Closed,Premium,2,,66,129.94,Account | Security | Urgent,Customer mentioned a previous unresolved ticket.
TKT-01749,2025-06-30 22:19:00,Milan Larsen,milan.larsen21@mailbox.org,+2919285283,London,Harbor Essentials,Subscription,High,Email,Closed,Standard,4,,48,89.43,,
TKT-02003,2024-08-18 20:59:00,Rowan Hughes,rowan.hughes94@outlook.com,+447492203207,New York,Vertex Analytics,Refund,Medium,Phone,Open,Free,3,,,35.42,Billing | Invoice,Customer mentioned a previous unresolved ticket.
TKT-01221,2025-02-13 04:26:00,Jamie Diaz,jamie.diaz@gmail.com,+14487819297,Manchester,Mosaic Team,Technical Issue,Medium,Phone,Open,Standard,4,1024.0,,13.68,,Issue reproduced on a mobile device.
TKT-01436,2025-08-02 15:49:00,Skyler Petrov,skyler.petrov@company.co,+11218693358,London,Vertex Analytics,Security,High,Web-Form,Resolved,Enterprise,1,1364.0,,94.54,Feature-Request,Issue reproduced on a mobile device.
TKT-01236,2024-12-05 19:40:00,jordan sullivan,jordan.sullivan@example.com,,London,Lumen Starter,Subscription,Urgent,Social,Pending Customer,Premium,,795.0,48,169.15,Delivery | Late,Customer supplied screenshots.
TKT-02141,2024-09-24 12:40:00,Skyler Kim,skyler.kim87@gmail.com,+12729759495,Manchester,Nimbus Basic,Refund,Medium,Phone,Escalated,Standard,1,,82,88.06,Bug | Mobile,Customer supplied screenshots.
TKT-02656,2024-01-22 19:07:00,Finley Grant,finley.grant79@example.com,+13656637951,Seattle,Nimbus Basic,Refund,Urgent,Web-Form,Open,Premium,3,1616.0,,126.0,,Customer supplied screenshots.
TKT-01529,2025-06-17 23:00:00,Marley Ibrahim,marley.ibrahim13@example.com,+447393147859,Amsterdam,Cobalt Enterprise,Security,Urgent,Live Chat,Open,Enterprise,,1045.0,49,52.11,Login | Password,
TICKET-01166,2025-03-07 00:00:00,Quinn Sullivan,quinn.sullivan39@mailbox.org,,Amsterdam,Cobalt Enterprise,Technical Issue,Medium,Social,Pending Customer,Standard,4,,48,213.19,Billing | Invoice,Customer mentioned a previous unresolved ticket.
TKT-01674,2025-01-22 00:44:00,Parker Wilson,parker.wilson89@company.co,+447135980458,Melbourne,Nimbus Basic,Account Access,Low,Social,Open,Premium,,1383.0,,28.27,Account | Security | Urgent,
TKT-01317,2026-03-10 00:00:00,Skyler Grant,skyler.grant@outlook.com,+6260753938,Berlin,Harbor Essentials,Feature Request,High,Live Chat,Closed,,5,,,20.42,,Customer mentioned a previous unresolved ticket.
TKT-00343,2025-06-08 00:00:00,Reese Hansen,reese.hansen@outlook.com,,Manchester,Mosaic Team,Account Access,Low,Social,Resolved,Enterprise,4,1423.0,,92.47,Refund,Customer supplied screenshots.
TKT-00945,2025-06-14 00:00:00,Parker Parker,parker.parker@example.com,+18715805416,London,Atlas Pro,Subscription,Medium,Web-Form,Open,Standard,5,1553.0,,180.57,,
TKT-01190,2024-08-17 00:00:00,Skyler Parker,skyler.parker88@gmail.com,+14947772058,Berlin,Atlas Pro,Subscription,High,Web-Form,Resolved,Enterprise,,,48,25.74,Billing | Invoice,Escalated to the specialist queue.
TKT-02578,2025-05-21 04:35:00,Riley Sullivan,riley.sullivan@outlook.com,+11254341135,,Harbor Essentials,Security,Low,Email,Resolved,,,,48,133.83,Delivery | Late,No additional context provided.
TKT-00259,2025-04-13 06:14:00,Finley Meyer,finley.meyer@gmail.com,+14345122424,Berlin,Nimbus Basic,Security,Low,Social,Escalated,,2,340.0,48,103.41,Login | Password,Customer mentioned a previous unresolved ticket.
TKT-00262,2026-04-11 00:00:00,Taylor Brooks,taylor.brooks@gmail.com,+19264032813,Melbourne,Orchid Plus,Technical Issue,Medium,Email,Pending Customer,Standard,4,,,75.73,Delivery | Late,Escalated to the specialist queue.
TKT-00166,2025-02-12 00:00:00,Cameron Reed,cameron.reed@company.co,+17436451194,Amsterdam,Vertex Analytics,Feature Request,Medium,Phone,Resolved,Premium,,,48,101.7,Billing | Invoice,No additional context provided.
TKT-00222,2024-12-16 21:40:00,Drew Novak,drew.novak@gmail.com,+18135361260,Cape Town,Nimbus Basic,Refund,High,Social,Resolved,Enterprise,3,,73,0,Billing | Invoice,
TKT-01468,2025-12-17 00:00:00,Cameron Turner,cameron.turner@outlook.com,+14336229901,Singapore,Cobalt Enterprise,Security,High,Web-Form,Pending Customer,,5,,6,100.71,Billing | Invoice,Customer mentioned a previous unresolved ticket.
TKT-02131,2024-05-12 00:00:00,Devon Kim,devon.kim@mailbox.org,,New York,Atlas Pro,Feature Request,Urgent,Web-Form,Closed,Free,,,34,103.12,Feature-Request,
TKT-01303,2025-12-02 21:28:00,Marley Kim,marley.kim@mailbox.org,+11894287694,Austin,Mosaic Team,Feature Request,Low,Web-Form,Pending Customer,Enterprise,4,,6,69.38,Bug | Mobile,No additional context provided.
TKT-02057,2025-02-23 00:00:00,Finley Ahmed,,+16143783054,Cape Town,Orchid Plus,Feature Request,Urgent,Web-Form,Open,,4,435.0,53,52.81,Product Question,Customer mentioned a previous unresolved ticket.
TKT-01524,2025-06-24 00:00:00,Ellis Meyer,ellis.meyer43@company.co,+447975136902,Amsterdam,Harbor Essentials,Account Access,Urgent,Web-Form,Pending Customer,Enterprise,,457.0,48,26.23,Bug | Mobile,
TKT-02511,2025-08-01 10:53:00,Ellis Grant,ellis.grant@gmail.com,,London,Lumen Starter,Billing,Low,Social,Resolved,Enterprise,,,48,105.5,Billing | Invoice,Follow-up required next business day.
TKT-02196,2025-10-14 05:48:00,Blake Walker,blake.walker@gmail.com,+15301292593,Amsterdam,Harbor Essentials,Billing,Low,Phone,Resolved,,,,48,42.59,Bug | Mobile,Escalated to the specialist queue.
TKT-01082,2024-07-20 00:00:00,Parker Morales,parker.morales@company.co,+16222701072,Cape Town,Harbor Essentials,Security,Urgent,Phone,Open,Premium,5,,,59.79,Billing | Invoice,
TKT-01903,2026-03-03 00:00:00,Skyler Wilson,,,,Cobalt Enterprise,Refund,Low,Social,Open,Premium,3,1149.0,,143.52,Delivery | Late,No additional context provided.
TKT-02736,2025-01-09 00:00:00,Drew Nguyen,drew.nguyen@outlook.com,+447221964278,Dublin,Orchid Plus,Feature Request,Medium,Email,Pending Customer,Premium,4,,,49.8,Account | Security | Urgent,Issue reproduced on a mobile device.
TKT-00965,2025-04-02 00:00:00,Ellis Hughes,ellis.hughes@example.com,+447435531209,Cape Town,Orchid Plus,Billing,Urgent,Live Chat,Pending Customer,,2,,,74.06,Feature-Request,Escalated to the specialist queue.
TKT-01090,2025-02-10 06:54:00,Parker Bennett,parker.bennett@company.co,,Manchester,Vertex Analytics,Technical Issue,Low,Live Chat,Open,Enterprise,5,,27,68.2,Bug | Mobile,No additional context provided.
TKT-00603,2024-01-04 00:00:00,rowan parker,rowan.parker@gmail.com,,Singapore,Nimbus Basic,Feature Request,Low,Web-Form,Pending Customer,Premium,5,,46,126.83,Billing | Invoice,Follow-up required next business day.
TKT-02155,2026-01-06 00:00:00,Marley Bennett,marley.bennett74@gmail.com,+18651913884,Glasgow,Mosaic Team,Feature Request,Medium,Email,Open,Standard,1,,48,9.69,,
TKT-00891,2026-01-09 07:01:00,Tatum Morales,tatum.morales@example.com,+16402289078,Dublin,Harbor Essentials,Feature Request,Medium,Live Chat,Resolved,Premium,,712.0,,124.13,,Follow-up required next business day.
TKT-02139,2025-07-11 00:00:00,Quinn Turner,quinn.turner75@gmail.com,+447443656219,Berlin,Orchid Plus,Feature Request,High,Social,Pending Customer,Premium,4,,48,10.85,Billing | Invoice,Customer mentioned a previous unresolved ticket.
TKT-02222,2025-02-21 00:00:00,Emerson Reed,emerson.reed@mailbox.org,+447254475187,Glasgow,Vertex Analytics,Product Question,Urgent,Live Chat,Open,,,1298.0,,43.39,Billing | Invoice,
TKT-00802,2025-08-25 20:55:00,Morgan Santos,morgan.santos42@example.com,+12205965098,New York,Orchid Plus,Security,Urgent,Email,Pending Customer,Premium,3,690.0,,50.62,Billing | Invoice,Escalated to the specialist queue.
TKT-00898,2024-01-31 00:00:00,Milan Nguyen,milan.nguyen@gmail.com,+447246388457,Bristol,Lumen Starter,Account Access,Medium,Social,Closed,Premium,,1666.0,,87.07,Product Question,Escalated to the specialist queue.
TKT-02022,2026-03-17 00:00:00,Alexis Larsen,alexis.larsen@gmail.com,,Toronto,Nimbus Basic,Account Access,Urgent,Email,Pending Customer,,4,,,94.26,Product Question,Customer mentioned a previous unresolved ticket.
TKT-02385,2025-03-11 00:53:00,Taylor Morales,taylor.morales83@gmail.com,+447168817169,Melbourne,Orchid Plus,Technical Issue,High,Social,Open,Enterprise,5,,,80.8,Feature-Request,Customer supplied screenshots.
TKT-00474,2025-09-14 23:25:00,Hayden Patel,hayden.patel@mailbox.org,+11167246250,Bristol,Harbor Essentials,Subscription,High,Email,Escalated,Premium,5,537.0,48,154.18,Billing | Invoice,
TKT-01206,2024-01-05 00:00:00,Rowan Ibrahim,rowan.ibrahim38@company.co,+447977128647,London,Lumen Starter,Product Question,Urgent,Social,Resolved,,5,,,81.23,Product Question,Follow-up required next business day.
TKT-02034,2024-02-26 00:00:00,Quinn Ahmed,,+12389984267,London,Harbor Essentials,Delivery,Medium,Phone,Open,Enterprise,,763.0,48,106.8,Login | Password,Escalated to the specialist queue.
TKT-00105,2024-01-14 22:55:00,Morgan Hansen,morgan.hansen74@example.com,+15674035327,Glasgow,Cobalt Enterprise,Refund,Urgent,Social,Closed,,3,,48,70.13,Login | Password,Customer requested an update after the first response.
TKT-02770,2025-08-03 00:00:00,Drew Walker,drew.walker@outlook.com,+18026815297,Leeds,Orchid Plus,Product Question,Urgent,Email,Pending Customer,,,,80,68.19,Account | Security | Urgent,Customer mentioned a previous unresolved ticket.
TKT-00844,2025-11-27 23:26:00,Shawn Hansen,shawn.hansen@company.co,+6472572823,Birmingham,Mosaic Team,Product Question,Medium,Phone,Open,Free,4,1242.0,12,100.03,Delivery | Late,Customer supplied screenshots.
TKT-00011,2026-06-04 00:00:00,Tatum Wilson,tatum.wilson@mailbox.org,+14919931634,Melbourne,Cobalt Enterprise,Billing,Medium,Social,Pending Customer,Premium,,627.0,,53.51,Billing | Invoice,No additional context provided.
TKT-01751,2024-12-14 00:00:00,Casey Petrov,casey.petrov51@mailbox.org,,Glasgow,Vertex Analytics,Feature Request,High,Live Chat,Open,,4,36.0,4,0,Billing | Invoice,Escalated to the specialist queue.
TKT-01029,2024-07-10 06:03:00,Jordan Ahmed,jordan.ahmed84@gmail.com,,Leeds,Orchid Plus,Subscription,High,Web-Form,Escalated,Premium,3,,,112.74,Delivery | Late,Customer requested an update after the first response.
TKT-02565,2026-05-18 00:00:00,Jordan Okafor,jordan.okafor@mailbox.org,+13138482759,Seattle,Harbor Essentials,Refund,High,Phone,Open,Standard,5,,81,29.76,Login | Password,Customer supplied screenshots.
TKT-02060,2024-08-25 00:00:00,Parker Chen,parker.chen@gmail.com,+12054008035,Birmingham,Vertex Analytics,Security,Low,Social,Escalated,Enterprise,5,,,89.65,Delivery | Late,Customer supplied screenshots.
TKT-00548,2024-11-09 00:00:00,Sage Singh,sage.singh@gmail.com,,Cape Town,Harbor Essentials,Technical Issue,Medium,Social,Resolved,Standard,1,834.0,,67.83,,No additional context provided.
TKT-00852,2025-07-27 00:00:00,Marley Chen,marley.chen54@example.com,+16368267316,Austin,Atlas Pro,Technical Issue,Medium,Live Chat,Pending Customer,Enterprise,5,519.0,,48.45,Login | Password,Customer requested an update after the first response.
TKT-00643,2024-12-26 12:06:00,Parker Turner,parker.turner33@gmail.com,,Leeds,Vertex Analytics,Security,Low,Live Chat,Open,,2,,,64.72,,Customer mentioned a previous unresolved ticket.
TKT-01582,2024-11-02 00:00:00,Kendall Carter,kendall.carter@gmail.com,+3598953832,Berlin,Harbor Essentials,Account Access,Medium,Email,Pending Customer,Free,2,,31,142.18,Product Question,
TKT-00769,2024-02-22 06:37:00,Kendall Kowalski,kendall.kowalski@mailbox.org,+16127207185,Cape Town,Lumen Starter,Product Question,Medium,Phone,Pending Customer,Enterprise,3,,,44.52,Login | Password,
TKT-01277,2025-03-17 00:00:00,Ellis Patel,ellis.patel@gmail.com,+13988107136,Seattle,Lumen Starter,Security,Low,Live Chat,Escalated,Premium,,189.0,,206.56,,
TKT-01414,2025-02-02 00:00:00,blake chen,blake.chen@company.co,,Dublin,Orchid Plus,Account Access,Medium,Phone,Pending Customer,Premium,5,,,198.08,Feature-Request,Issue reproduced on a mobile device.
TKT-00519,2025-08-30 18:57:00,Milan Fischer,milan.fischer@gmail.com,,Birmingham,Harbor Essentials,Product Question,Urgent,Email,Pending Customer,Premium,2,438.0,48,84.46,Account | Security | Urgent,Customer mentioned a previous unresolved ticket.
TKT-02538,2026-03-15 03:46:00,Emerson Sullivan,emerson.sullivan69@gmail.com,,,Harbor Essentials,Billing,Low,Live Chat,Pending Customer,Premium,,1789.0,,129.51,Bug | Mobile,Follow-up required next business day.
TKT-00617,2024-06-29 05:59:00,Jamie Hughes,jamie.hughes@gmail.com,+6324308677,,Atlas Pro,Delivery,High,Phone,Resolved,Standard,,,,85.02,Feature-Request,Customer supplied screenshots.
TKT-00567,2025-09-15 05:12:00,Taylor Singh,taylor.singh66@company.co,+15155939077,Berlin,Vertex Analytics,Technical Issue,High,Phone,Pending Customer,Enterprise,1,,,0.00,Account | Security | Urgent,
TKT-02112,2025-06-24 00:00:00,Emerson Ibrahim,emerson.ibrahim20@example.com,+16159894671,Leeds,Cobalt Enterprise,Technical Issue,Medium,Web-Form,Pending Customer,,,1771.0,,70.05,,Issue reproduced on a mobile device.
TKT-01475,2026-03-28 16:45:00,Kendall Kim,kendall.kim@mailbox.org,+447126940829,Bristol,Harbor Essentials,Account Access,Urgent,Social,Pending Customer,Free,,,48,35.83,Billing | Invoice,Customer supplied screenshots.
TKT-01392,2025-08-18 02:38:00,Rowan Chen,rowan.chen@outlook.com,+14389098838,London,Harbor Essentials,Feature Request,Urgent,Web-Form,Closed,Free,4,,48,41.73,Account | Security | Urgent,
TKT-00949,2025-01-01 13:38:00,Hayden Sullivan,hayden.sullivan@example.com,+15614811985,Melbourne,Orchid Plus,Billing,Low,Web-Form,Open,,,733.0,48,76.49,Bug | Mobile,Issue reproduced on a mobile device.
TKT-01298,2024-01-22 19:54:00,Micah Chen,micah.chen75@company.co,,Cape Town,Cobalt Enterprise,Refund,Low,Phone,Resolved,Standard,4,1798.0,,63.03,Login | Password,Customer requested an update after the first response.
TKT-00243,2025-09-12 08:29:00,Cameron Okafor,cameron.okafor58@company.co,+447171593578,Glasgow,Lumen Starter,Security,Urgent,Social,Pending Customer,Premium,,,41,106.77,Product Question,
TKT-02653,2025-05-21 00:00:00,Micah Petrov,micah.petrov76@example.com,+447962579517,Berlin,Lumen Starter,Refund,Low,Phone,Closed,Standard,,,24,107.09,Billing | Invoice,Customer mentioned a previous unresolved ticket.
TKT-00113,2024-02-11 00:00:00,Drew Larsen,drew.larsen@outlook.com,+18927405934,Amsterdam,Vertex Analytics,Refund,Medium,Email,Closed,Standard,,,,82.31,Delivery | Late,Customer mentioned a previous unresolved ticket.
TKT-00444,2024-12-15 00:00:00,Skyler Fischer,skyler.fischer14@mailbox.org,+14788004268,New York,Atlas Pro,Technical Issue,Medium,Social,Pending Customer,Standard,,,48,74.1,Account | Security | Urgent,Escalated to the specialist queue.
TKT-00710,2025-10-17 18:21:00,Arden Wilson,arden.wilson@mailbox.org,+447401292750,Amsterdam,Orchid Plus,Security,High,Social,Escalated,Enterprise,5,1231.0,80,172.31,Account | Security | Urgent,Customer supplied screenshots.
TKT-00078,2024-08-04 00:00:00,Drew Ibrahim,drew.ibrahim44@outlook.com,+11162273588,Seattle,Orchid Plus,Billing,High,Social,Escalated,Enterprise,4,1412.0,48,62.55,Refund,Issue reproduced on a mobile device.
TKT-02185,2025-10-08 18:07:00,Riley Meyer,riley.meyer@gmail.com,+12939158192,London,Cobalt Enterprise,Subscription,High,Email,Closed,,1,,,0,Login | Password,Customer requested an update after the first response.
TKT-02532,2024-05-09 03:13:00,Blake Sullivan,blake.sullivan48@company.co,,Seattle,Mosaic Team,Billing,Medium,Email,Resolved,Premium,2,,,28.05,Product Question,Customer mentioned a previous unresolved ticket.
TKT-01775,2024-04-19 00:00:00,Alexis Morris,alexis.morris81@example.com,+16111229575,,Mosaic Team,Security,Urgent,Web-Form,Resolved,Free,2,,67,38.16,,Escalated to the specialist queue.
TKT-01173,2024-10-29 00:00:00,Tatum Morales,tatum.morales@gmail.com,+447432814096,Manchester,Orchid Plus,Product Question,High,Social,Closed,Premium,2,1353.0,,84.73,Feature-Request,Follow-up required next business day.
TKT-00061,2025-11-07 00:00:00,Alexis Novak,alexis.novak@example.com,+447250876513,Berlin,Vertex Analytics,Security,Low,Social,Resolved,Premium,1,,48,52.65,Feature-Request,Follow-up required next business day.
TKT-02681,2025-05-02 11:01:00,Micah Okafor,micah.okafor@mailbox.org,+9859057107,Berlin,Atlas Pro,Product Question,High,Live Chat,Open,Free,4,,8,116.35,,Customer requested an update after the first response.
TKT-01022,2024-09-14 00:00:00,Sage Ibrahim,sage.ibrahim@outlook.com,,Melbourne,Mosaic Team,Security,Urgent,Web-Form,Resolved,,,434.0,,47.45,Billing | Invoice,Follow-up required next business day.
TKT-01531,2025-12-22 02:41:00,Devon Okafor,devon.okafor@company.co,,Singapore,Vertex Analytics,Delivery,Low,Email,Resolved,Free,5,,,86.75,Login | Password,Customer requested an update after the first response.
TKT-00995,2025-08-15 00:00:00,Rowan Novak,rowan.novak94@outlook.com,,,Cobalt Enterprise,Product Question,Low,Live Chat,Escalated,Premium,4,1477.0,48,23.91,Bug | Mobile,Customer supplied screenshots.
TKT-01992,2024-06-15 11:39:00,Sage Parker,sage.parker79@company.co,,New York,Cobalt Enterprise,Subscription,Urgent,Social,Open,Premium,,,48,120.49,Refund,Follow-up required next business day.
TKT-00336,2025-08-22 00:00:00,Riley Larsen,riley.larsen27@company.co,,Manchester,Cobalt Enterprise,Technical Issue,Medium,Email,Pending Customer,Enterprise,5,,,70.91,Feature-Request,Escalated to the specialist queue.
TKT-00785,2025-06-06 17:38:00,Rowan Ahmed,rowan.ahmed@company.co,+447376911910,Berlin,Cobalt Enterprise,Security,Low,Live Chat,Pending Customer,Enterprise,3,1470.0,73,109.79,Feature-Request,Follow-up required next business day.
TKT-01405,2025-09-26 00:00:00,Skyler Petrov,skyler.petrov@mailbox.org,+6072563890,Dublin,Mosaic Team,Security,High,Web-Form,Pending Customer,Free,4,,48,133.78,Refund,Follow-up required next business day.
TKT-01381,2024-11-25 00:00:00,Hayden Hansen,hayden.hansen@company.co,,Cape Town,Nimbus Basic,Technical Issue,Urgent,Web-Form,Closed,,,,,116.29,Billing | Invoice,Customer requested an update after the first response.
TKT-02204,2024-08-26 12:43:00,Avery Chen,avery.chen@mailbox.org,+19039403653,,Orchid Plus,Delivery,High,Web-Form,Pending Customer,,,280.0,,7.87,Bug | Mobile,Customer mentioned a previous unresolved ticket.
TKT-01337,2024-02-07 03:43:00,Riley Okafor,riley.okafor@outlook.com,+13313072842,Toronto,Vertex Analytics,Billing,High,Social,Resolved,Premium,,144.0,63,45.26,Billing | Invoice,No additional context provided.
TKT-02205,2026-01-03 09:33:00,Robin Walker,robin.walker@outlook.com,+15295391122,Amsterdam,Nimbus Basic,Account Access,Medium,Live Chat,Open,Premium,4,593.0,,26.40,Bug | Mobile,Escalated to the specialist queue.
TKT-00251,2025-02-01 00:00:00,Reese Novak,reese.novak@outlook.com,+19354034586,Dublin,Harbor Essentials,Product Question,High,Email,Resolved,Standard,3,582.0,72,9.65,Billing | Invoice,No additional context provided.
TKT-00751,2025-09-23 00:00:00,Hayden Ibrahim,hayden.ibrahim15@gmail.com,+16125253316,Dublin,Harbor Essentials,Technical Issue,Urgent,Web-Form,Pending Customer,,5,220.0,,28.22,Bug | Mobile,Customer requested an update after the first response.
TKT-00440,2026-03-24 00:00:00,Skyler Larsen,skyler.larsen@mailbox.org,+447139524170,,Orchid Plus,Technical Issue,Urgent,Phone,Resolved,Standard,2,,,75.94,Product Question,Follow-up required next business day.
TKT-02062,2024-09-08 00:00:00,Taylor Hansen,taylor.hansen@example.com,+17656662815,New York,Lumen Starter,Refund,Medium,Social,Pending Customer,,,141.0,48,71.44,,No additional context provided.
TKT-00569,2025-03-21 00:00:00,Jamie Bennett,jamie.bennett@gmail.com,+16554748785,,Lumen Starter,Security,Low,Live Chat,Escalated,,,,2,0,Refund,
TKT-02030,2026-03-27 14:39:00,Riley Sullivan,riley.sullivan75@mailbox.org,+12347777311,Singapore,Atlas Pro,Delivery,Medium,Social,Open,Enterprise,,1287.0,17,51.96,Billing | Invoice,
TKT-00775,2026-01-28 00:00:00,Reese Morales,,+18393319266,Dublin,Atlas Pro,Account Access,Medium,Web-Form,Resolved,Standard,5,,,113.2,Billing | Invoice,Follow-up required next business day.
TKT-02059,2024-07-23 00:00:00,Riley Petrov,riley.petrov95@example.com,,London,Vertex Analytics,Account Access,Urgent,Social,Open,Premium,4,,48,93.44,Bug | Mobile,
TKT-01969,2024-05-24 00:00:00,Avery Singh,avery.singh@gmail.com,+447622514601,Dublin,Nimbus Basic,Product Question,Medium,Social,Resolved,Standard,5,141.0,92,68.28,Billing | Invoice,No additional context provided.
TKT-01787,2024-01-29 00:00:00,Marley Petrov,marley.petrov@company.co,+19209316959,Cape Town,Cobalt Enterprise,Security,Urgent,Email,Open,Premium,1,186.0,70,61.99,,Escalated to the specialist queue.
TKT-01545,2025-08-04 00:00:00,Drew Santos,drew.santos@company.co,,Cape Town,Lumen Starter,Subscription,High,Web-Form,Pending Customer,,,,48,45.88,Refund,
TKT-01258,2026-06-03 10:07:00,Hayden Morris,hayden.morris@outlook.com,,Manchester,Nimbus Basic,Product Question,High,Social,Pending Customer,Free,5,,48,102.05,Login | Password,Customer requested an update after the first response.
TKT-00756,2025-09-03 10:24:00,Alexis Kowalski,alexis.kowalski63@mailbox.org,+14167381877,Amsterdam,Nimbus Basic,Subscription,Medium,Social,Resolved,,4,714.0,,223.78,Bug | Mobile,Customer mentioned a previous unresolved ticket.
TKT-01159,2025-10-06 19:35:00,Casey Diaz,casey.diaz@outlook.com,+4795701390,Bristol,Harbor Essentials,Account Access,Medium,Live Chat,Escalated,,5,,47,133.00,,Customer requested an update after the first response.
TKT-00014,2024-09-06 00:00:00,Jamie Turner,jamie.turner@example.com,,Amsterdam,Lumen Starter,Feature Request,Urgent,Web-Form,Closed,Enterprise,,,,0,Delivery | Late,
TKT-01658,2026-04-15 23:47:00,Skyler Wilson,skyler.wilson@mailbox.org,+2650171869,Birmingham,Nimbus Basic,Feature Request,High,Phone,Resolved,,5,1639.0,43,151.47,Refund,Customer mentioned a previous unresolved ticket.
TKT-02009,2024-11-10 03:08:00,Sage Wilson,sage.wilson67@example.com,+447429264380,Leeds,Vertex Analytics,Feature Request,Medium,Email,Closed,Enterprise,2,,48,115.26,,Customer mentioned a previous unresolved ticket.
TKT-01171,2024-12-06 00:00:00,Riley Grant,riley.grant@company.co,+16319716636,Dublin,Cobalt Enterprise,Subscription,Urgent,Phone,Closed,Standard,3,1413.0,48,120.74,Delivery | Late,
TKT-02437,2024-12-02 00:00:00,Jamie Turner,jamie.turner@outlook.com,,Bristol,Harbor Essentials,Refund,High,Live Chat,Resolved,Premium,,1205.0,,71.77,Billing | Invoice,Customer requested an update after the first response.
TKT-01213,2025-07-22 17:56:00,Riley Fischer,riley.fischer6@mailbox.org,+6416761335,New York,Mosaic Team,Billing,Low,Live Chat,Open,,4,285.0,,39.49,Account | Security | Urgent,Customer supplied screenshots.
TKT-02036,2026-03-30 00:00:00,Marley Bennett,marley.bennett@outlook.com,+6431138871,Austin,Nimbus Basic,Feature Request,Low,Live Chat,Resolved,Enterprise,,,52,230.78,Feature-Request,
TKT-00566,2026-04-22 15:36:00,Micah Kowalski,micah.kowalski@mailbox.org,+17138247313,Dublin,Orchid Plus,Feature Request,High,Web-Form,Escalated,,2,,,56.56,Refund,Issue reproduced on a mobile device.
TKT-02570,2025-02-11 23:00:00,Jamie Parker,jamie.parker@company.co,,New York,Vertex Analytics,Product Question,Low,Email,Escalated,Enterprise,4,,48,66.1,Feature-Request,Escalated to the specialist queue.
TKT-02048,2025-09-10 00:00:00,Micah Sullivan,micah.sullivan62@mailbox.org,+16725579210,Berlin,Harbor Essentials,Refund,Urgent,Social,Resolved,Enterprise,,,,78.49,,Customer requested an update after the first response.
TKT-00345,2025-02-03 00:00:00,Rowan Carter,rowan.carter11@company.co,+19657427048,Melbourne,Orchid Plus,Security,Medium,Live Chat,Open,Standard,,,,53.09,Refund,
TKT-00652,2026-01-26 01:21:00,Parker Petrov,parker.petrov70@outlook.com,,Dublin,Harbor Essentials,Product Question,Low,Email,Resolved,,5,,,140.96,Feature-Request,Customer mentioned a previous unresolved ticket.
TKT-00664,2025-01-05 00:00:00,Parker Santos,parker.santos43@example.com,+13388455713,London,Mosaic Team,Account Access,Low,Email,Escalated,,,,48,49.11,,Customer supplied screenshots.
TKT-01627,2025-09-23 00:00:00,Skyler Turner,skyler.turner73@outlook.com,,Manchester,Vertex Analytics,Feature Request,Medium,Live Chat,Open,Premium,4,,9,54.4,,
TKT-02733,2025-11-22 00:00:00,Shawn Chen,shawn.chen@example.com,+447574865958,Toronto,Orchid Plus,Refund,Medium,Social,Resolved,Premium,1,,,109.96,Login | Password,Follow-up required next business day.
TKT-02513,2024-09-26 00:00:00,Quinn Chen,quinn.chen@mailbox.org,+12674903402,,Lumen Starter,Account Access,Medium,Phone,Resolved,Free,,,48,109.19,Delivery | Late,Customer requested an update after the first response.
TKT-02372,2024-05-21 20:42:00,Hayden Santos,hayden.santos@gmail.com,+13876974703,Berlin,Nimbus Basic,Security,Urgent,Live Chat,Resolved,Enterprise,,,,48.84,,
TKT-02688,2024-04-26 22:49:00,Morgan Santos,morgan.santos@example.com,+14412145333,Cape Town,Mosaic Team,Security,Medium,Phone,Open,Premium,1,1500.0,,0,Billing | Invoice,
TKT-01473,2025-07-30 00:00:00,Alexis Meyer,alexis.meyer@gmail.com,,Leeds,Nimbus Basic,Delivery,Medium,Social,Resolved,Enterprise,5,651.0,,71.63,Delivery | Late,
TKT-02341,2025-02-22 21:37:00,Rowan Fischer,rowan.fischer@example.com,,London,Harbor Essentials,Subscription,High,Live Chat,Pending Customer,Premium,5,1110.0,,117.44,Billing | Invoice,Customer requested an update after the first response.
TKT-00082,2025-08-23 00:00:00,Micah Ahmed,micah.ahmed40@example.com,,Berlin,Nimbus Basic,Billing,Medium,Live Chat,Closed,Premium,3,25.0,48,98.64,Refund,Customer supplied screenshots.
TKT-01127,2024-01-11 16:11:00,Sage Novak,sage.novak@example.com,+447831583657,Cape Town,Cobalt Enterprise,Security,Low,Social,Escalated,Premium,2,,,95.64,Product Question,Customer mentioned a previous unresolved ticket.
TKT-01409,2024-11-21 00:00:00,Micah Turner,micah.turner@mailbox.org,,Toronto,Cobalt Enterprise,Security,Low,Social,Pending Customer,,5,,48,61.25,,Escalated to the specialist queue.
TKT-00026,2024-07-12 00:00:00,Parker Morris,parker.morris@gmail.com,+17044392644,Austin,Mosaic Team,Refund,Urgent,Web-Form,Resolved,Premium,,1481.0,,85.1,Refund,Escalated to the specialist queue.
TKT-01334,2025-01-10 22:03:00,Rowan Parker,rowan.parker6@outlook.com,+4327473481,Singapore,Harbor Essentials,Security,Low,Social,Closed,Free,2,1632.0,48,160.99,Billing | Invoice,No additional context provided.
TKT-00157,2024-12-01 00:00:00,Micah Parker,micah.parker67@example.com,,Austin,Harbor Essentials,Technical Issue,Low,Phone,Pending Customer,Premium,1,,48,181.62,Bug | Mobile,Follow-up required next business day.
TKT-00979,2025-09-29 21:53:00,Taylor Fischer,taylor.fischer98@mailbox.org,+6595115640,Toronto,Cobalt Enterprise,Refund,Low,Live Chat,Pending Customer,Free,1,,,0,,No additional context provided.
TKT-01728,2026-03-10 02:21:00,Reese  Kim,reese.kim@company.co,+19915125667,Seattle,Mosaic Team,Feature Request,Medium,Live Chat,Resolved,Premium,3,,48,123.44,,Issue reproduced on a mobile device.
TKT-01845,2024-01-15 04:49:00,Rowan Novak,rowan.novak@example.com,,New York,Nimbus Basic,Product Question,Urgent,Email,Resolved,,2,1277.0,48,87.79,Product Question,
TKT-02078,2026-02-11 17:21:00,Rowan Morris,rowan.morris81@company.co,+8291080371,Glasgow,Nimbus Basic,Subscription,High,Social,Resolved,,2,569.0,,145.21,Product Question,Issue reproduced on a mobile device.
TKT-02064,2024-03-28 13:43:00,Hayden Ibrahim,hayden.ibrahim@company.co,+17931571839,Berlin,Vertex Analytics,Feature Request,Low,Email,Open,Standard,1,,,73.32,,Customer requested an update after the first response.
TKT-02006,2025-02-17 16:28:00,Riley Okafor,riley.okafor3@outlook.com,,Leeds,Atlas Pro,Subscription,High,Email,Escalated,,,,48,90.73,Billing | Invoice,Customer requested an update after the first response.
TKT-01366,2026-06-14 04:03:00,Taylor Hughes,taylor.hughes28@example.com,,London,Atlas Pro,Refund,Low,Live Chat,Resolved,Free,5,1005.0,42,70.28,Account | Security | Urgent,Customer requested an update after the first response.
TKT-01659,2024-03-09 00:00:00,Sage Reed,sage.reed@company.co,,Cape Town,Mosaic Team,Product Question,Urgent,Live Chat,Open,,1,,19,23.64,Login | Password,Escalated to the specialist queue.
TKT-00840,2026-03-05 00:00:00,Avery Ahmed,avery.ahmed@mailbox.org,,Leeds,Lumen Starter,Feature Request,Urgent,Phone,Escalated,,4,,,67.23,Bug | Mobile,No additional context provided.
TKT-00660,2026-01-22 00:00:00,Micah Walker,micah.walker82@company.co,+447594325242,Birmingham,Lumen Starter,Delivery,Low,Live Chat,Pending Customer,Standard,,,44,71.06,Delivery | Late,Follow-up required next business day.
TKT-00711,2026-05-29 00:10:00,Rowan Kim,rowan.kim@mailbox.org,+12892541738,London,Atlas Pro,Billing,High,Social,Resolved,Enterprise,,,,90.61,,
TKT-02644,2024-04-04 14:38:00,Alexis Turner,alexis.turner@outlook.com,+16947877824,Dublin,Harbor Essentials,Account Access,Low,Social,Resolved,Enterprise,4,,,43.14,Login | Password,Customer supplied screenshots.
TKT-02726,2024-11-18 00:00:00,Skyler Kowalski,skyler.kowalski@example.com,+11197411140,Dublin,Nimbus Basic,Product Question,Low,Social,Closed,Premium,2,1125.0,48,79.2,Bug | Mobile,
TKT-01939,2025-10-30 07:50:00,Sage Kowalski,sage.kowalski@outlook.com,+12744521465,,Orchid Plus,Product Question,High,Live Chat,Escalated,,5,1423.0,12,138.72,Login | Password,Customer requested an update after the first response.
TKT-02399,2024-02-24 00:00:00,avery carter,avery.carter@company.co,+16168919062,Glasgow,Mosaic Team,Billing,Urgent,Phone,Resolved,,3,,26,90.4,Billing | Invoice,Follow-up required next business day.
TKT-00137,2025-10-10 14:49:00,Reese Bennett,,+447704725173,New York,Cobalt Enterprise,Subscription,Urgent,Email,Open,Premium,,695.0,,35.92,Delivery | Late,
TKT-00212,2025-03-28 00:00:00,Skyler Diaz,skyler.diaz20@example.com,,Leeds,Mosaic Team,Security,High,Phone,Resolved,Free,3,,,141.46,Delivery | Late,
TKT-01315,2024-01-26 23:58:00,Devon Larsen,devon.larsen55@outlook.com,+447130918305,Berlin,Mosaic Team,Billing,Medium,Phone,Pending Customer,Standard,5,1609.0,48,79.57,,
TKT-00095,2026-05-24 00:00:00,Blake Morris,blake.morris74@company.co,+11435332283,London,Mosaic Team,Technical Issue,High,Phone,Pending Customer,Premium,3,,31,57.43,Account | Security | Urgent,Escalated to the specialist queue.
TKT-01413,2024-08-18 00:00:00,Skyler Walker,skyler.walker@outlook.com,,Austin,Vertex Analytics,Product Question,Low,Phone,Closed,Premium,5,484.0,,104.07,Account | Security | Urgent,Customer supplied screenshots.
TKT-01079,2024-02-03 00:00:00,Reese Petrov,reese.petrov@example.com,+15238228648,Amsterdam,Atlas Pro,Feature Request,Low,Live Chat,Escalated,Free,,,,161.54,Refund,Follow-up required next business day.
TKT-00940,2025-11-25 00:00:00,Taylor Ahmed,taylor.ahmed@gmail.com,,Dublin,Mosaic Team,Product Question,Low,Phone,Resolved,Standard,2,,,47.98,,
TKT-02231,2024-04-26 00:00:00,Taylor Walker,taylor.walker@company.co,+447734143903,Glasgow,Harbor Essentials,Delivery,Low,Web-Form,Pending Customer,Free,4,,,41.35,,Customer requested an update after the first response.
TKT-01085,2024-09-12 00:00:00,Sage Parker,sage.parker@outlook.com,+447061793128,Toronto,Cobalt Enterprise,Security,Urgent,Web-Form,Escalated,,4,,,100.01,,Escalated to the specialist queue.
TKT-02360,2024-08-29 15:33:00,Jordan Kim,jordan.kim92@company.co,,Bristol,Atlas Pro,Refund,Urgent,Email,Pending Customer,,,,42,101.48,,Escalated to the specialist queue.
TKT-01553,2025-06-28 10:34:00,Emerson Sullivan,emerson.sullivan@mailbox.org,+447830370051,Dublin,Nimbus Basic,Account Access,Medium,Phone,Resolved,Premium,5,,,30.71,Feature-Request,Customer mentioned a previous unresolved ticket.
TKT-00782,2024-01-30 00:00:00,Tatum Hansen,tatum.hansen@mailbox.org,+5291468439,Seattle,Mosaic Team,Account Access,Urgent,Web-Form,Pending Customer,Premium,,,,5.56,Login | Password,Issue reproduced on a mobile device.
TKT-02660,2025-06-11 00:21:00,Hayden Walker,hayden.walker31@outlook.com,+13373607050,Leeds,Vertex Analytics,Account Access,High,Live Chat,Open,Premium,5,,,109.43,,No additional context provided.
TKT-01050,2024-09-28 00:00:00,Drew Okafor,drew.okafor@company.co,+447735413820,Toronto,Orchid Plus,Feature Request,Urgent,Phone,Closed,Enterprise,5,,,154.91,Product Question,Customer supplied screenshots.
TKT-01071,2025-12-27 00:00:00,Quinn Parker,quinn.parker@mailbox.org,+447311828512,,Cobalt Enterprise,Feature Request,High,Phone,Open,Premium,4,,,76.42,Account | Security | Urgent,Customer requested an update after the first response.
TKT-01722,2024-11-23 13:22:00,Casey  Nguyen,casey.nguyen@company.co,+3729658223,Melbourne,Mosaic Team,Billing,Medium,Web-Form,Open,,4,,,64.72,Login | Password,
TKT-01811,2024-10-06 12:21:00,Kendall Singh,kendall.singh@mailbox.org,,Cape Town,Orchid Plus,Account Access,High,Web-Form,Resolved,Premium,,,,52.43,Billing | Invoice,No additional context provided.
TKT-00899,2026-02-05 00:00:00,Emerson Morris,emerson.morris@outlook.com,+16879126795,Amsterdam,Cobalt Enterprise,Technical Issue,High,Web-Form,Escalated,,2,851.0,,145.36,Product Question,No additional context provided.
TKT-02459,2024-09-25 00:00:00,Kendall Grant,kendall.grant@gmail.com,,Berlin,Vertex Analytics,Product Question,Low,Email,Closed,,,1616.0,23,106.48,,Follow-up required next business day.
TKT-02541,2024-11-15 00:00:00,Marley Singh,marley.singh@company.co,+447310394192,London,Cobalt Enterprise,Account Access,High,Web-Form,Open,Enterprise,,71.0,48,39.97,Billing | Invoice,Issue reproduced on a mobile device.
TKT-02519,2024-02-12 20:28:00,Sage Hansen,sage.hansen@company.co,+13724397157,Leeds,Nimbus Basic,Subscription,High,Social,Escalated,,,,,66.36,Account | Security | Urgent,
TKT-01494,2024-07-04 17:34:00,Finley Sullivan,finley.sullivan@mailbox.org,+16026239707,Berlin,Vertex Analytics,Feature Request,Medium,Phone,Open,Premium,,,,89.15,Feature-Request,Customer requested an update after the first response.
TKT-01193,2026-01-06 00:00:00,Parker Okafor,parker.okafor@company.co,+19483838349,Berlin,Vertex Analytics,Subscription,High,Live Chat,Pending Customer,,5,,,45.92,Delivery | Late,No additional context provided.
TKT-00213,2025-03-29 04:58:00,Micah Bennett,micah.bennett@company.co,,Cape Town,Vertex Analytics,Feature Request,Urgent,Email,Open,,4,,48,,Refund,
TKT-02594,2026-05-22 07:56:00,Casey Hughes,casey.hughes@company.co,+12168951879,Cape Town,Lumen Starter,Refund,High,Email,Pending Customer,Enterprise,4,,48,82.19,Refund,Customer supplied screenshots.
TKT-00170,2024-02-10 00:00:00,Robin Fischer,robin.fischer@outlook.com,+12971254907,Manchester,Mosaic Team,Technical Issue,Urgent,Web-Form,Pending Customer,,,,,,Feature-Request,Customer requested an update after the first response.
TKT-00189,2024-10-17 15:35:00,Alexis Diaz,alexis.diaz@outlook.com,+16383932140,Dublin,Cobalt Enterprise,Delivery,High,Live Chat,Escalated,,,1350.0,,32.43,Billing | Invoice,Customer supplied screenshots.
TKT-01121,2026-02-05 00:00:00,Cameron Brooks,cameron.brooks89@outlook.com,+18705861917,Singapore,Harbor Essentials,Product Question,High,Phone,Pending Customer,Premium,4,1209.0,,139.8,Delivery | Late,Escalated to the specialist queue.
TKT-00090,2025-05-17 00:00:00,Morgan Carter,morgan.carter@mailbox.org,,Leeds,Orchid Plus,Security,Urgent,Email,Pending Customer,,3,,83,107.23,,Issue reproduced on a mobile device.
TKT-02547,2024-10-04 00:00:00,Morgan Okafor,morgan.okafor24@outlook.com,+13757691506,Melbourne,Nimbus Basic,Product Question,Low,Web-Form,Resolved,Premium,,,48,3.23,Billing | Invoice,
TKT-00277,2026-01-29 00:00:00,Taylor Petrov,taylor.petrov4@mailbox.org,+447155815520,Melbourne,Vertex Analytics,Delivery,Medium,Phone,Pending Customer,Free,3,1473.0,48,89.95,Refund,Escalated to the specialist queue.
TKT-00172,2026-05-06 00:00:00,Micah Carter,micah.carter@company.co,+13729137060,London,Orchid Plus,Delivery,High,Social,Pending Customer,Enterprise,,1594.0,,,Billing | Invoice,No additional context provided.
TKT-01328,2024-02-20 05:15:00,Sage Santos,sage.santos@example.com,+9927663256,Dublin,Orchid Plus,Subscription,High,Web-Form,Pending Customer,Premium,5,1219.0,,71.08,Delivery | Late,Customer requested an update after the first response.
TKT-02157,2026-03-30 00:00:00,Micah Petrov,micah.petrov35@example.com,,London,Orchid Plus,Security,Urgent,Social,Closed,Premium,5,651.0,62,58.36,Bug | Mobile,Escalated to the specialist queue.
TKT-01154,2025-10-31 00:00:00,Tatum Singh,tatum.singh@example.com,,Bristol,Cobalt Enterprise,Subscription,Urgent,Social,Open,,,,92,6.23,Billing | Invoice,Follow-up required next business day.
TKT-00636,2026-02-17 11:14:00,Robin Chen,robin.chen@example.com,+6574636286,Melbourne,Harbor Essentials,Billing,High,Live Chat,Escalated,Standard,5,284.0,,0,Account | Security | Urgent,Customer mentioned a previous unresolved ticket.
TKT-00041,2024-12-15 00:00:00,Quinn Kim,quinn.kim@mailbox.org,+447038794083,Amsterdam,Lumen Starter,Subscription,Urgent,Email,Pending Customer,Enterprise,,,48,119.62,,No additional context provided.
TKT-00948,2025-05-19 17:43:00,Reese Diaz,reese.diaz@company.co,+13042901551,Melbourne,Mosaic Team,Delivery,Urgent,Email,Pending Customer,Standard,5,,15,40.95,Bug | Mobile,Customer requested an update after the first response.
TKT-01663,2025-05-03 00:00:00,Reese Petrov,reese.petrov88@gmail.com,+447740147330,Manchester,Orchid Plus,Technical Issue,Medium,Live Chat,Escalated,Premium,5,98.0,,0,Feature-Request,Follow-up required next business day.
TKT-01386,2024-09-01 05:29:00,Taylor Diaz,taylor.diaz@company.co,+13832607135,London,Atlas Pro,Account Access,Low,Web-Form,Open,Enterprise,5,,48,95.46,Product Question,No additional context provided.
TKT-00158,2024-04-27 00:00:00,Alexis Larsen,alexis.larsen@company.co,+19214905011,Dublin,Nimbus Basic,Subscription,High,Live Chat,Pending Customer,Free,,1385.0,37,105.06,Product Question,
TKT-02512,2026-03-10 00:00:00,Robin Wilson,robin.wilson@company.co,+11887667598,Dublin,Mosaic Team,Account Access,Medium,Social,Pending Customer,Enterprise,2,,48,109.1,Billing | Invoice,Follow-up required next business day.
TKT-00705,2026-02-23 21:57:00,Blake Morris,blake.morris@mailbox.org,,Berlin,Lumen Starter,Subscription,High,Phone,Closed,,2,50.0,48,0,Feature-Request,Customer supplied screenshots.
TKT-02072,2025-05-30 00:00:00,Jamie Morales,jamie.morales@example.com,+19113766334,Seattle,Mosaic Team,Account Access,Urgent,Live Chat,Escalated,Free,3,458.0,,146.99,Bug | Mobile,Customer requested an update after the first response.
TKT-01983,2024-04-13 09:43:00,Jamie Patel,jamie.patel@company.co,+447112520872,Toronto,Cobalt Enterprise,Refund,High,Social,Resolved,,5,1316.0,48,44.53,Feature-Request,Issue reproduced on a mobile device.
TKT-01340,2024-12-22 00:00:00,Taylor Parker,taylor.parker@example.com,,London,Vertex Analytics,Technical Issue,Medium,Social,Resolved,Free,,1061.0,,88.37,Bug | Mobile,Follow-up required next business day.
TKT-00223,2024-06-30 23:47:00,Avery Patel,,+447196194336,,Harbor Essentials,Account Access,Urgent,Social,Pending Customer,Free,5,,,116.74,Billing | Invoice,Customer mentioned a previous unresolved ticket.
TKT-00268,2024-04-28 00:02:00,Jamie Meyer,jamie.meyer@company.co,+3853571790,Amsterdam,Cobalt Enterprise,Product Question,Urgent,Social,Open,Standard,5,363.0,52,0.34,Billing | Invoice,No additional context provided.
TKT-00238,2024-01-11 08:33:00,Taylor Turner,taylor.turner42@mailbox.org,+447730558986,Glasgow,Vertex Analytics,Billing,Urgent,Phone,Resolved,,,,,89.25,Login | Password,No additional context provided.
TKT-00467,2024-03-17 00:00:00,Sage Okafor,sage.okafor34@outlook.com,+11449372548,Glasgow,Orchid Plus,Technical Issue,Low,Phone,Open,Enterprise,1,927.0,66,112.78,Delivery | Late,
TKT-02528,2025-06-27 01:54:00,Parker Kowalski,parker.kowalski@mailbox.org,+17956042853,Amsterdam,Orchid Plus,Billing,Medium,Email,Pending Customer,,2,,,112.38,Billing | Invoice,
TKT-02667,2025-10-06 00:18:00,Blake Nguyen,blake.nguyen@company.co,+16295919999,Singapore,Vertex Analytics,Refund,Medium,Social,Escalated,Standard,1,700.0,,125.65,Delivery | Late,
TKT-02577,2024-10-13 09:09:00,Emerson Okafor,emerson.okafor67@mailbox.org,+19215483709,,Nimbus Basic,Delivery,Urgent,Web-Form,Resolved,Enterprise,,595.0,48,159.53,Refund,Follow-up required next business day.
TKT-00407,2025-07-17 00:00:00,Casey Diaz,casey.diaz88@mailbox.org,+15827617471,Dublin,Nimbus Basic,Delivery,Low,Email,Resolved,Premium,,1710.0,69,20.28,Refund,Follow-up required next business day.
TKT-00969,2024-04-23 06:16:00,Reese Turner,reese.turner22@company.co,+14178428711,Birmingham,Atlas Pro,Refund,Medium,Social,Open,,,912.0,34,76.79,Product Question,Follow-up required next business day.
TKT-02273,2024-06-24 00:00:00,Micah Grant,micah.grant@example.com,+447283548804,Amsterdam,Cobalt Enterprise,Feature Request,Low,Email,Closed,Free,1,,,41.84,Billing | Invoice,Escalated to the specialist queue.
TKT-02339,2025-04-10 23:45:00,Skyler Kim,skyler.kim@mailbox.org,+2770723656,Dublin,Orchid Plus,Account Access,Urgent,Social,Closed,,4,,65,79.39,Bug | Mobile,Issue reproduced on a mobile device.
TKT-00770,2024-06-26 00:00:00,Emerson Grant,emerson.grant@mailbox.org,,London,Vertex Analytics,Subscription,High,Phone,Open,Premium,5,,48,178.68,Bug | Mobile,
TKT-00005,2026-06-18 00:00:00,Parker Carter,parker.carter@mailbox.org,,Amsterdam,Nimbus Basic,Refund,Low,Social,Escalated,Premium,4,1548.0,,66.12,,
TKT-01070,2025-09-12 03:05:00,Milan Ahmed,,+447231951762,Berlin,Lumen Starter,Technical Issue,Low,Social,Resolved,,4,,48,98.06,Product Question,No additional context provided.
TKT-02049,2025-10-22 00:00:00,Jamie Fischer,jamie.fischer69@mailbox.org,+18907874853,Amsterdam,Vertex Analytics,Security,Urgent,Web-Form,Escalated,Premium,3,,48,60.97,Product Question,
TKT-00593,2024-10-05 00:00:00,Kendall Ahmed,kendall.ahmed@gmail.com,+15815182292,Manchester,Orchid Plus,Technical Issue,Medium,Social,Open,Premium,5,1476.0,,105.34,Feature-Request,
TKT-02151,2025-09-30 07:23:00,Blake Santos,blake.santos@outlook.com,,Austin,Lumen Starter,Delivery,Medium,Web-Form,Pending Customer,,5,,24,69.33,Product Question,No additional context provided.
TKT-02073,2024-02-05 00:00:00,Skyler Santos,skyler.santos99@mailbox.org,,Toronto,Atlas Pro,Technical Issue,Urgent,Social,Pending Customer,,3,18.0,48,83.88,Refund,Issue reproduced on a mobile device.
TKT-01067,2024-10-22 22:06:00,Casey Turner,casey.turner92@company.co,+14637961855,Singapore,Lumen Starter,Billing,Urgent,Live Chat,Escalated,Enterprise,4,1069.0,,7.79,,Customer mentioned a previous unresolved ticket.
TKT-02015,2024-05-25 00:00:00,Hayden Fischer,hayden.fischer@mailbox.org,+447154936237,Amsterdam,Cobalt Enterprise,Security,Urgent,Social,Closed,,4,1237.0,48,124.62,Delivery | Late,Issue reproduced on a mobile device.
TKT-00872,2025-03-30 14:27:00,Tatum Novak,tatum.novak95@gmail.com,+14516082448,Austin,Mosaic Team,Account Access,Low,Email,Resolved,Enterprise,1,,,35.09,Refund,Customer requested an update after the first response.
TKT-00878,2025-04-12 12:01:00,Emerson Fischer,emerson.fischer@example.com,,London,Orchid Plus,Feature Request,High,Email,Pending Customer,Free,5,,,91.31,Feature-Request,No additional context provided.
TKT-02434,2025-12-05 00:00:00,Avery Morris,avery.morris@outlook.com,+17902285135,Toronto,Mosaic Team,Technical Issue,Medium,Phone,Pending Customer,Enterprise,2,,,69.41,,
TKT-02367,2026-03-26 00:00:00,Riley Morales,riley.morales74@company.co,,Austin,Harbor Essentials,Product Question,Urgent,Social,Pending Customer,Premium,5,,35,49.53,Feature-Request,No additional context provided.
TKT-00757,2026-05-18 01:32:00,Cameron Turner,cameron.turner@company.co,+447795449079,Austin,Nimbus Basic,Subscription,Low,Live Chat,Pending Customer,Premium,,1124.0,48,106.13,Billing | Invoice,Customer supplied screenshots.
TKT-00845,2025-10-15 00:00:00,Jamie Turner,jamie.turner@mailbox.org,+17407242083,New York,Orchid Plus,Security,Urgent,Live Chat,Pending Customer,Enterprise,4,32.0,14,88.15,Billing | Invoice,Customer supplied screenshots.
TKT-01862,2024-03-24 00:00:00,Micah Turner,micah.turner32@example.com,,London,Lumen Starter,Account Access,Low,Web-Form,Resolved,,,,48,123.59,Delivery | Late,
TKT-02133,2025-06-20 00:00:00,Quinn Singh,quinn.singh@outlook.com,+11453852629,Berlin,Atlas Pro,Delivery,Urgent,Live Chat,Pending Customer,Free,,682.0,,116.01,Billing | Invoice,Customer mentioned a previous unresolved ticket.
TKT-02529,2024-08-22 23:00:00,Hayden Grant,hayden.grant@outlook.com,,Bristol,Mosaic Team,Billing,Low,Social,Open,Enterprise,5,771.0,48,192.11,Account | Security | Urgent,Customer supplied screenshots.
TKT-00746,2025-10-30 00:00:00,Robin Morris,,+13508992879,Leeds,Orchid Plus,Technical Issue,Urgent,Live Chat,Open,,4,,,39.08,Login | Password,
TKT-01069,2026-02-10 00:00:00,Jamie Chen,jamie.chen@gmail.com,+447642153425,London,Nimbus Basic,Subscription,High,Web-Form,Open,,,,,53.28,,No additional context provided.
TKT-02740,2025-05-18 00:00:00,Alexis Grant,alexis.grant@mailbox.org,+17545024749,Birmingham,Cobalt Enterprise,Product Question,Urgent,Web-Form,Resolved,Free,5,47.0,,125.97,Delivery | Late,Follow-up required next business day.
TKT-00278,2026-04-04 00:00:00,Riley Novak,riley.novak@outlook.com,+11911723935,Melbourne,Mosaic Team,Account Access,Urgent,Email,Resolved,Premium,,,,45.99,,Customer requested an update after the first response.
TKT-02004,2026-03-07 00:00:00,Riley Okafor,riley.okafor@outlook.com,+17678986539,Austin,Orchid Plus,Account Access,Urgent,Social,Open,Free,4,,29,62.06,,
TKT-01610,2025-12-02 06:46:00,Emerson Diaz,emerson.diaz@outlook.com,,Seattle,Cobalt Enterprise,Refund,Urgent,Phone,Open,Enterprise,2,,48,65.12,,Customer supplied screenshots.
TKT-02001,2024-06-19 00:00:00,Arden Ibrahim,,,Singapore,Cobalt Enterprise,Feature Request,Low,Email,Escalated,,1,,76,41.87,,Customer supplied screenshots.
TKT-02610,2024-11-07 09:03:00,Reese Hughes,reese.hughes@gmail.com,+447896385828,Manchester,Orchid Plus,Security,High,Web-Form,Escalated,Standard,,,,149.12,Billing | Invoice,No additional context provided.
TKT-02144,2026-02-09 00:00:00,Marley Walker,marley.walker@gmail.com,,London,Cobalt Enterprise,Product Question,Low,Web-Form,Resolved,Standard,3,,11,92.42,Bug | Mobile,
TKT-00329,2025-09-20 12:40:00,Blake Chen,blake.chen@outlook.com,+447732969697,New York,Vertex Analytics,Refund,Low,Web-Form,Closed,Premium,1,1438.0,19,113.33,Login | Password,
TKT-02421,2026-02-18 08:39:00,Skyler Carter,skyler.carter@example.com,+17825914648,London,Lumen Starter,Delivery,Low,Phone,Open,,4,,48,136.6,Delivery | Late,Follow-up required next business day.
TKT-00292,2024-09-27 00:00:00,Devon Chen,devon.chen35@gmail.com,,Seattle,Vertex Analytics,Delivery,Medium,Live Chat,Pending Customer,Free,,,48,51.88,Billing | Invoice,No additional context provided.
TKT-00483,2024-07-11 00:00:00,Jordan Grant,jordan.grant34@example.com,,,Cobalt Enterprise,Technical Issue,Urgent,Live Chat,Resolved,,4,,89,0,Refund,Follow-up required next business day.
TKT-00709,2024-01-05 01:05:00,Drew Nguyen,drew.nguyen@gmail.com,+15693881471,Austin,Lumen Starter,Refund,High,Web-Form,Open,Premium,,,48,0,Bug | Mobile,Follow-up required next business day.
TKT-02193,2024-04-30 04:09:00,Alexis Chen,alexis.chen50@example.com,+447816422834,Leeds,Orchid Plus,Billing,High,Live Chat,Escalated,Premium,5,,48,190.34,Product Question,No additional context provided.
TKT-02556,2025-05-23 18:36:00,Taylor Patel,taylor.patel36@gmail.com,+14402967465,New York,Orchid Plus,Technical Issue,Urgent,Live Chat,Escalated,Standard,4,,,108.4,Feature-Request,
TKT-02700,2024-10-24 11:54:00,quinn santos,quinn.santos@outlook.com,,,Vertex Analytics,Billing,Urgent,Phone,Closed,,4,,,152.09,Login | Password,Customer mentioned a previous unresolved ticket.
TKT-01765,2025-01-03 00:00:00,Quinn Chen,quinn.chen@mailbox.org,+14249354517,Leeds,Atlas Pro,Billing,Urgent,Phone,Escalated,Free,5,1479.0,48,65.47,Feature-Request,
TKT-01616,2026-01-27 06:57:00,Casey Ibrahim,casey.ibrahim@example.com,+3586720483,London,Mosaic Team,Technical Issue,Low,Phone,Escalated,,2,1520.0,5,254.62,,No additional context provided.
TKT-00983,2025-06-09 00:00:00,Devon Turner,devon.turner74@gmail.com,+16225293520,Toronto,Nimbus Basic,Feature Request,High,Phone,Pending Customer,,,,,25.82,Account | Security | Urgent,Customer mentioned a previous unresolved ticket.
TKT-00273,2025-07-16 16:58:00,Sage Larsen,sage.larsen69@gmail.com,+3158547818,Amsterdam,Atlas Pro,Account Access,Medium,Phone,Open,,3,,,142.97,Account | Security | Urgent,Customer mentioned a previous unresolved ticket.
TKT-01378,2024-10-15 08:28:00,Finley Walker,finley.walker65@gmail.com,+11247763078,,Mosaic Team,Product Question,Medium,Live Chat,Escalated,Premium,5,,,136.19,Account | Security | Urgent,
TKT-00017,2024-03-11 00:00:00,Jordan Novak,jordan.novak@example.com,,Dublin,Nimbus Basic,Delivery,Medium,Social,Open,,2,1679.0,93,23.29,Product Question,Customer mentioned a previous unresolved ticket.
TKT-00694,2025-11-15 19:43:00,Avery Kowalski,avery.kowalski51@example.com,,London,Orchid Plus,Billing,Medium,Social,Open,,4,1057.0,67,112.88,Bug | Mobile,
TKT-01644,2024-06-04 18:19:00,Arden Nguyen,arden.nguyen@example.com,+6678643782,Birmingham,Orchid Plus,Account Access,Medium,Email,Escalated,Premium,,803.0,,103.88,Delivery | Late,No additional context provided.
TKT-01778,2024-05-29 05:44:00,Kendall Sullivan,kendall.sullivan@example.com,+14028488625,,Cobalt Enterprise,Delivery,Urgent,Live Chat,Pending Customer,Free,1,,,76.96,Product Question,Customer supplied screenshots.
TKT-00619,2024-10-13 12:51:00,Milan Kim,milan.kim@example.com,,Glasgow,Harbor Essentials,Account Access,Medium,Phone,Open,,5,,48,105.46,Product Question,Follow-up required next business day.
TKT-00535,2025-11-13 00:00:00,Hayden Larsen,hayden.larsen@mailbox.org,+19064462270,Melbourne,Lumen Starter,Refund,Urgent,Email,Escalated,Enterprise,5,,,43.15,Refund,
TKT-01530,2026-04-16 00:00:00,Rowan Carter,rowan.carter@mailbox.org,,London,Atlas Pro,Account Access,High,Live Chat,Escalated,Free,,,,17.42,Billing | Invoice,Customer requested an update after the first response.
TKT-01805,2026-04-01 23:37:00,Skyler Singh,skyler.singh@example.com,+16283082588,Dublin,Nimbus Basic,Technical Issue,High,Social,Resolved,,,1656.0,48,0,Login | Password,
TKT-00649,2024-03-04 00:00:00,Emerson Nguyen,emerson.nguyen98@company.co,+18369622162,New York,Mosaic Team,Account Access,Urgent,Email,Open,Free,3,,,66.3,Refund,
TKT-02253,2024-04-30 00:00:00,Jordan Diaz,jordan.diaz@outlook.com,,London,Cobalt Enterprise,Product Question,Medium,Web-Form,Resolved,Premium,,548.0,,0,Product Question,Escalated to the specialist queue.
TKT-02650,2025-07-04 19:16:00,Arden Carter,arden.carter@company.co,+14855027922,Glasgow,Orchid Plus,Billing,Medium,Email,Pending Customer,Premium,5,1781.0,,128.63,Product Question,Customer supplied screenshots.
TKT-01797,2025-06-13 10:39:00,Quinn Novak,quinn.novak32@company.co,+447401833882,Bristol,Mosaic Team,Feature Request,High,Email,Pending Customer,Enterprise,,,,61.45,Feature-Request,Customer mentioned a previous unresolved ticket.
TKT-01889,2024-02-26 20:06:00,Skyler Kim,skyler.kim@company.co,+14467042760,Toronto,Vertex Analytics,Refund,Medium,Phone,Pending Customer,Premium,,1029.0,48,52.94,Product Question,Escalated to the specialist queue.
TKT-00728,2024-03-31 19:46:00,Morgan Novak,morgan.novak32@outlook.com,+14916894985,Leeds,Mosaic Team,Refund,Urgent,Social,Pending Customer,Premium,5,78.0,,98.12,,Customer requested an update after the first response.
TKT-02368,2025-05-06 12:38:00,Emerson Okafor,emerson.okafor@mailbox.org,+18125881897,New York,Lumen Starter,Delivery,Urgent,Phone,Pending Customer,Premium,3,,48,0,,Escalated to the specialist queue.
TKT-02474,2024-06-21 00:00:00,Drew Novak,drew.novak@gmail.com,+447192310749,London,Nimbus Basic,Feature Request,Medium,Email,Open,Enterprise,5,,48,3.04,Delivery | Late,Escalated to the specialist queue.
TKT-01599,2025-09-18 07:08:00,Devon Carter,devon.carter@mailbox.org,+6630930226,Birmingham,Harbor Essentials,Technical Issue,Low,Social,Resolved,,2,,10,80.14,Bug | Mobile,No additional context provided.
TKT-01883,2025-11-03 00:00:00,Jordan Carter,jordan.carter@company.co,+15724508222,Toronto,Cobalt Enterprise,Technical Issue,High,Social,Escalated,,,,48,11.11,Billing | Invoice,Issue reproduced on a mobile device.
TKT-00376,2025-02-27 05:30:00,Kendall Fischer,kendall.fischer@mailbox.org,+18178017347,Melbourne,Vertex Analytics,Delivery,Medium,Live Chat,Resolved,Enterprise,,,48,36.8,Refund,
TKT-00141,2024-12-11 22:26:00,Casey Larsen,casey.larsen@company.co,+447845861127,Toronto,Atlas Pro,Product Question,Urgent,Web-Form,Resolved,Free,,,,,Login | Password,No additional context provided.
TKT-02355,2024-05-20 00:00:00,Robin Patel,robin.patel@company.co,+5745158638,Dublin,Vertex Analytics,Subscription,High,Live Chat,Resolved,Enterprise,,,,145.66,Delivery | Late,Issue reproduced on a mobile device.
TKT-00308,2024-03-01 00:00:00,Quinn Larsen,quinn.larsen97@outlook.com,,Amsterdam,Atlas Pro,Billing,Low,Web-Form,Open,,3,556.0,,46.46,,
TKT-02537,2024-10-27 00:00:00,Riley Carter,riley.carter@mailbox.org,+17252594004,New York,Cobalt Enterprise,Subscription,Low,Web-Form,Escalated,Free,4,1563.0,48,132.67,Feature-Request,
TKT-02710,2026-06-01 22:28:00,Skyler Santos,skyler.santos2@company.co,+18888641222,London,Mosaic Team,Technical Issue,High,Phone,Open,Premium,1,,48,164.99,,
TKT-01919,2024-08-15 00:00:00,Skyler Hansen,skyler.hansen96@outlook.com,+447446849558,Bristol,Harbor Essentials,Billing,Medium,Web-Form,Open,Free,,954.0,48,69.75,Account | Security | Urgent,Follow-up required next business day.
TKT-01709,2026-04-12 06:36:00,Casey Walker,casey.walker94@gmail.com,,Toronto,Orchid Plus,Technical Issue,Medium,Social,Pending Customer,,,,,71.71,,
TKT-01322,2024-02-05 16:55:00,Blake Kim,blake.kim@gmail.com,+447175872357,Glasgow,Harbor Essentials,Product Question,Urgent,Email,Open,,5,1421.0,,108.13,,Issue reproduced on a mobile device.
TKT-01004,2026-01-29 22:55:00,Finley Meyer,finley.meyer@outlook.com,,Singapore,Atlas Pro,Delivery,High,Social,Pending Customer,Free,5,960.0,48,43.42,Bug | Mobile,Customer mentioned a previous unresolved ticket.
TKT-02374,2026-05-26 03:49:00,Alexis Kim,alexis.kim@company.co,,Melbourne,Mosaic Team,Billing,Medium,Web-Form,Resolved,Premium,1,66.0,,106.6,Delivery | Late,No additional context provided.
TKT-01641,2025-02-18 11:15:00,Morgan Patel,morgan.patel71@company.co,+8270745662,Seattle,Mosaic Team,Product Question,Urgent,Phone,Pending Customer,,5,,2,80.33,Feature-Request,Escalated to the specialist queue.
TKT-01882,2026-05-06 07:35:00,Shawn Reed,shawn.reed@gmail.com,,Singapore,Orchid Plus,Subscription,Low,Live Chat,Open,Free,1,,48,167.86,,Customer requested an update after the first response.
TKT-01761,2025-06-25 18:37:00,Avery Parker,avery.parker26@gmail.com,,Manchester,Cobalt Enterprise,Technical Issue,Urgent,Social,Closed,Free,1,,46,169.2,,
TKT-00368,2024-05-23 13:42:00,Taylor Diaz,taylor.diaz@company.co,+447533426275,Berlin,Nimbus Basic,Subscription,High,Social,Pending Customer,,5,,,79.69,Feature-Request,No additional context provided.
TKT-01839,2024-02-06 07:52:00,Casey Walker,casey.walker31@example.com,+447550423790,Berlin,Orchid Plus,Account Access,Low,Social,Open,Standard,4,,32,77.17,Delivery | Late,Customer requested an update after the first response.
TKT-00406,2025-11-19 00:00:00,Robin Larsen,robin.larsen@gmail.com,+447461890315,Berlin,Atlas Pro,Feature Request,Medium,Social,Resolved,Premium,,1705.0,,113.26,,Issue reproduced on a mobile device.
TKT-02555,2024-07-24 07:35:00,Shawn Parker,shawn.parker@mailbox.org,+19477291293,Austin,Harbor Essentials,Feature Request,High,Web-Form,Pending Customer,,5,1300.0,48,31.24,Billing | Invoice,Customer requested an update after the first response.
TKT-01947,2026-01-02 03:42:00,Blake Reed,blake.reed80@company.co,+14268153616,Amsterdam,Orchid Plus,Billing,Low,Email,Open,,2,737.0,48,99.74,Bug | Mobile,Customer mentioned a previous unresolved ticket.
TKT-00357,2026-01-20 00:00:00,Ellis Hughes,ellis.hughes@mailbox.org,+15357869955,Cape Town,Cobalt Enterprise,Refund,Urgent,Social,Closed,Premium,2,,48,77.98,Bug | Mobile,Customer supplied screenshots.
TKT-01217,2025-08-31 00:00:00,Drew Diaz,drew.diaz@outlook.com,+16604311639,Singapore,Mosaic Team,Account Access,Medium,Social,Pending Customer,Premium,1,,,,Billing | Invoice,Escalated to the specialist queue.
TKT-01128,2026-06-07 00:00:00,Milan Ibrahim,milan.ibrahim81@example.com,+14222162010,Berlin,Nimbus Basic,Technical Issue,Urgent,Email,Escalated,,2,798.0,,37.51,Billing | Invoice,Customer requested an update after the first response.
TKT-01601,2024-08-21 00:00:00,Robin Diaz,robin.diaz95@mailbox.org,+14242363649,Bristol,Nimbus Basic,Subscription,Urgent,Live Chat,Resolved,Free,1,,,68.94,,Customer mentioned a previous unresolved ticket.
TKT-02118,2024-06-29 00:00:00,Casey Fischer,casey.fischer@outlook.com,+2762927406,Bristol,Cobalt Enterprise,Product Question,Urgent,Live Chat,Pending Customer,Free,4,1039.0,48,24.31,Account | Security | Urgent,
TKT-01314,2026-01-26 00:00:00,Drew Morris,drew.morris@outlook.com,+19987297518,Leeds,Orchid Plus,Refund,Medium,Email,Open,Premium,,1308.0,34,109.68,Refund,Follow-up required next business day.
TKT-01734,2025-01-26 09:24:00,Rowan Bennett,rowan.bennett@gmail.com,,Seattle,Harbor Essentials,Subscription,Low,Live Chat,Closed,Premium,,,48,62.33,Delivery | Late,Customer requested an update after the first response.
TKT-00913,2026-03-24 00:00:00,Quinn Diaz,quinn.diaz22@mailbox.org,+17774182070,Cape Town,Vertex Analytics,Subscription,Medium,Social,Resolved,,5,,38,92.72,Delivery | Late,Customer mentioned a previous unresolved ticket.
TKT-00253,2025-12-13 16:28:00,Cameron Grant,cameron.grant@mailbox.org,+15709432670,Amsterdam,Mosaic Team,Subscription,Low,Social,Pending Customer,,,369.0,48,195.72,Billing | Invoice,Customer mentioned a previous unresolved ticket.
TKT-01888,2025-08-26 00:00:00,Morgan Nguyen,,+15808423021,Berlin,Orchid Plus,Security,Urgent,Email,Escalated,Premium,3,,6,102.32,Account | Security | Urgent,
TKT-01723,2024-08-11 21:03:00,Devon Reed,devon.reed@company.co,+6234888857,Bristol,Orchid Plus,Product Question,Urgent,Phone,Closed,,,640.0,,119.63,Billing | Invoice,Customer supplied screenshots.
TKT-01816,2024-11-02 23:35:00,Sage Novak,sage.novak@outlook.com,+447025998087,Cape Town,Lumen Starter,Account Access,Medium,Phone,Resolved,Enterprise,4,,,29.98,Bug | Mobile,
TKT-02732,2025-02-06 06:39:00,Hayden Chen,,+15576558724,Berlin,Harbor Essentials,Feature Request,Urgent,Email,Open,Premium,1,,,171.68,Account | Security | Urgent,No additional context provided.
TKT-00140,2025-01-12 00:00:00,Ellis Chen,ellis.chen@outlook.com,,Singapore,Nimbus Basic,Account Access,High,Web-Form,Open,Premium,,,,11.3,Product Question,Escalated to the specialist queue.
TKT-01313,2025-12-15 21:43:00,Riley Morris,riley.morris@gmail.com,+18928245876,Bristol,Harbor Essentials,Account Access,Low,Email,Closed,Premium,,,66,155.46,Account | Security | Urgent,Issue reproduced on a mobile device.
TKT-00687,2026-04-29 06:45:00,Riley Meyer,riley.meyer@example.com,,New York,Harbor Essentials,Delivery,Medium,Social,Escalated,Premium,,,,65.78,Feature-Request,
TKT-00642,2024-03-24 06:05:00,Avery Diaz,avery.diaz85@outlook.com,+14206171304,Toronto,Vertex Analytics,Security,Medium,Phone,Closed,Free,5,,79,170.8,,Customer requested an update after the first response.
TKT-01261,2024-09-24 00:00:00,Jordan Diaz,jordan.diaz@example.com,+16922749431,Amsterdam,Orchid Plus,Feature Request,High,Email,Open,Premium,3,,74,109.71,Delivery | Late,Escalated to the specialist queue.
TKT-02250,2024-02-27 12:00:00,Parker Carter,parker.carter@outlook.com,+14697351822,,Atlas Pro,Delivery,Urgent,Live Chat,Open,,1,,,129.69,Bug | Mobile,Escalated to the specialist queue.
TKT-01228,2026-01-26 16:45:00,Jordan Reed,jordan.reed80@company.co,+447679444783,Seattle,Harbor Essentials,Account Access,High,Live Chat,Pending Customer,,2,,48,70.91,Product Question,
TKT-02456,2024-09-25 00:00:00,Arden Reed,arden.reed@outlook.com,,London,Orchid Plus,Refund,Urgent,Phone,Escalated,Free,,,48,160.8,Product Question,Follow-up required next business day.
TKT-00427,2025-08-31 00:00:00,Parker Ahmed,parker.ahmed@example.com,,Glasgow,Harbor Essentials,Technical Issue,Medium,Email,Open,Enterprise,4,952.0,48,25.93,Product Question,Escalated to the specialist queue.
TKT-01808,2025-07-16 19:19:00,Riley Parker,riley.parker48@gmail.com,,Seattle,Harbor Essentials,Security,Medium,Social,Open,Standard,1,,,106.98,,Customer requested an update after the first response.
TKT-02487,2025-06-25 00:00:00,Emerson Ahmed,,+447409282452,London,Atlas Pro,Technical Issue,High,Social,Open,Free,5,,87,57.71,Refund,
TKT-01588,2025-11-18 00:00:00,Skyler Carter,skyler.carter@example.com,,Bristol,Lumen Starter,Delivery,Urgent,Email,Open,Free,,,48,58.81,Feature-Request,
TKT-00265,2024-07-08 08:36:00,Skyler Meyer,skyler.meyer@outlook.com,+447759949383,Bristol,Nimbus Basic,Feature Request,Medium,Social,Pending Customer,,4,1198.0,,65.11,Login | Password,Follow-up required next business day.
TKT-01783,2025-02-21 09:30:00,Finley Nguyen,finley.nguyen@gmail.com,+15052547672,Manchester,Harbor Essentials,Security,High,Live Chat,Resolved,Premium,1,207.0,48,0,Account | Security | Urgent,Issue reproduced on a mobile device.
TKT-01802,2025-09-06 17:12:00,Robin Turner,robin.turner@company.co,+447029984824,Seattle,Nimbus Basic,Security,High,Phone,Open,Premium,2,,48,75.66,,Customer mentioned a previous unresolved ticket.
TKT-00805,2025-02-24 17:04:00,finley hansen,finley.hansen@example.com,+447095511209,Berlin,Vertex Analytics,Product Question,Medium,Social,Pending Customer,,4,1146.0,,55.1,,Customer mentioned a previous unresolved ticket.
TKT-01990,2026-03-12 06:38:00,Taylor Kowalski,taylor.kowalski93@mailbox.org,,Berlin,Mosaic Team,Security,Urgent,Live Chat,Open,Premium,,,48,102.76,,No additional context provided.
TKT-01040,2024-05-16 16:28:00,Riley Larsen,riley.larsen@mailbox.org,+447009671805,Seattle,Orchid Plus,Subscription,High,Phone,Resolved,Standard,3,233.0,,136.59,Account | Security | Urgent,Follow-up required next business day.
TKT-01951,2025-06-02 07:58:00,Quinn Turner,quinn.turner88@company.co,+17924197877,Austin,Mosaic Team,Refund,Urgent,Social,Escalated,Enterprise,3,,7,0,Delivery | Late,
TKT-02746,2026-03-27 11:19:00,Morgan Bennett,morgan.bennett15@outlook.com,,Bristol,Cobalt Enterprise,Security,Low,Email,Pending Customer,Premium,3,,,62.69,Delivery | Late,
TKT-02067,2025-09-15 00:00:00,Robin Novak,robin.novak23@mailbox.org,+447338640390,Amsterdam,Atlas Pro,Feature Request,Medium,Live Chat,Resolved,,2,278.0,,,Refund,
TKT-01043,2025-07-14 09:56:00,Emerson Hansen,emerson.hansen@gmail.com,+16628249063,Glasgow,Harbor Essentials,Account Access,Urgent,Social,Pending Customer,Standard,4,,48,138.33,Feature-Request,Customer requested an update after the first response.
TKT-01114,2024-09-21 00:00:00,Blake Patel,blake.patel91@mailbox.org,,Seattle,Harbor Essentials,Technical Issue,High,Live Chat,Resolved,Enterprise,5,155.0,,106.26,Refund,Customer mentioned a previous unresolved ticket.
TKT-02624,2025-09-21 00:00:00,Hayden Patel,hayden.patel@company.co,+442684330,Glasgow,Nimbus Basic,Security,High,Email,Open,Premium,4,,89,156.58,Login | Password,Customer mentioned a previous unresolved ticket.
TKT-00542,2024-04-11 00:28:00,Skyler Patel,skyler.patel@mailbox.org,+6499418620,Glasgow,Atlas Pro,Technical Issue,Low,Social,Pending Customer,Premium,5,,,16.87,Bug | Mobile,Follow-up required next business day.
TKT-02798,2024-11-24 01:46:00,Jamie Fischer,jamie.fischer52@gmail.com,+11075905921,Berlin,Harbor Essentials,Subscription,High,Live Chat,Escalated,Free,,826.0,48,0,Billing | Invoice,
TKT-01379,2024-01-16 15:17:00,Devon  Kowalski,devon.kowalski80@outlook.com,+16123944567,London,Atlas Pro,Product Question,High,Phone,Resolved,Premium,5,1024.0,48,45.69,Billing | Invoice,Issue reproduced on a mobile device.
TKT-00002,2024-12-18 20:36:00,Drew Wilson,drew.wilson@example.com,+9119335534,Glasgow,Vertex Analytics,Account Access,Urgent,Live Chat,Closed,,4,,48,71.4,Billing | Invoice,No additional context provided.
TKT-00695,2025-05-08 18:54:00,Shawn Turner,shawn.turner@example.com,+18864048242,Dublin,Nimbus Basic,Subscription,High,Social,Closed,Free,5,,,111.62,Feature-Request,Customer mentioned a previous unresolved ticket.
TKT-02334,2026-06-15 00:00:00,Shawn Turner,shawn.turner@example.com,+13303462270,Seattle,Atlas Pro,Delivery,Urgent,Social,Open,Enterprise,,1706.0,5,59.36,Refund,Customer requested an update after the first response.
TKT-02290,2025-08-28 07:34:00,Marley Parker,marley.parker@company.co,,Leeds,Harbor Essentials,Subscription,Urgent,Live Chat,Resolved,,2,,,157.23,,Issue reproduced on a mobile device.
TKT-01993,2026-02-14 17:36:00,Shawn Turner,shawn.turner@gmail.com,,New York,Atlas Pro,Feature Request,High,Social,Escalated,Premium,5,,,144.39,Login | Password,Escalated to the specialist queue.
TKT-00246,2025-08-09 11:45:00,Ellis Hughes,ellis.hughes@outlook.com,+16375265724,Glasgow,Vertex Analytics,Product Question,High,Phone,Open,,5,1443.0,,60.6,Product Question,Follow-up required next business day.
TKT-01890,2026-06-15 00:00:00,Emerson Diaz,emerson.diaz@mailbox.org,,Seattle,Cobalt Enterprise,Feature Request,Medium,Live Chat,Resolved,Premium,,,48,78.21,Billing | Invoice,Customer mentioned a previous unresolved ticket.
TKT-00353,2025-03-28 00:00:00,Skyler Fischer,skyler.fischer70@example.com,+17956402827,Amsterdam,Cobalt Enterprise,Product Question,Low,Phone,Open,,4,,48,126.17,Billing | Invoice,No additional context provided.
TKT-00543,2025-07-27 00:00:00,Marley Diaz,marley.diaz20@company.co,+447414159936,London,Lumen Starter,Technical Issue,Urgent,Email,Pending Customer,,1,,,108.14,Account | Security | Urgent,Customer requested an update after the first response.
TKT-01146,2024-10-05 00:00:00,jamie parker,jamie.parker81@company.co,+12369881665,,Mosaic Team,Technical Issue,Urgent,Email,Pending Customer,Standard,,,,79.86,Feature-Request,Issue reproduced on a mobile device.
TKT-01021,2024-06-23 20:18:00,Ellis Larsen,ellis.larsen@gmail.com,+447819602218,Birmingham,Nimbus Basic,Technical Issue,Low,Email,Open,Premium,4,334.0,25,107.76,Bug | Mobile,Follow-up required next business day.
TKT-02239,2025-08-24 00:00:00,Micah Turner,micah.turner@mailbox.org,+15083906301,Seattle,Lumen Starter,Feature Request,High,Live Chat,Resolved,Free,5,823.0,12,56.61,,No additional context provided.
TKT-00416,2024-09-08 13:22:00,Skyler Turner,skyler.turner@outlook.com,+11682935174,Melbourne,Cobalt Enterprise,Technical Issue,High,Phone,Open,Premium,,,,37.83,,
TKT-00463,2025-11-07 00:00:00,Morgan Wilson,morgan.wilson49@company.co,,Manchester,Atlas Pro,Account Access,Urgent,Web-Form,Resolved,Free,2,1729.0,,40.52,Refund,
TKT-01771,2024-09-20 00:00:00,Emerson Parker,emerson.parker@outlook.com,+19965813082,Berlin,Orchid Plus,Delivery,High,Web-Form,Resolved,Free,,,,81.4,Account | Security | Urgent,
TKT-00072,2024-09-21 00:00:00,Blake Diaz,blake.diaz72@company.co,+16749909199,Toronto,Atlas Pro,Technical Issue,Low,Email,Open,,3,,,163.59,Billing | Invoice,
TKT-02675,2025-12-09 00:00:00,Tatum Hughes,tatum.hughes@mailbox.org,,Seattle,Vertex Analytics,Security,High,Live Chat,Open,,5,,48,23.53,Account | Security | Urgent,
TKT-00517,2026-04-27 04:38:00,Drew Parker,drew.parker23@gmail.com,+447059193280,Manchester,Cobalt Enterprise,Feature Request,Low,Live Chat,Open,Premium,5,928.0,,106.55,Account | Security | Urgent,Escalated to the specialist queue.
TKT-00522,2024-12-02 10:04:00,Devon Brooks,,+19348357077,Bristol,Cobalt Enterprise,Delivery,High,Email,Closed,Enterprise,3,,48,108.88,Delivery | Late,Customer mentioned a previous unresolved ticket.
TKT-00417,2026-02-17 01:51:00,Jordan Parker,jordan.parker@example.com,,Austin,Vertex Analytics,Account Access,High,Web-Form,Resolved,Standard,5,882.0,48,164.31,Bug | Mobile,Customer supplied screenshots.
TKT-00584,2025-10-10 00:00:00,Finley Singh,finley.singh12@mailbox.org,+14883975032,Melbourne,Mosaic Team,Billing,Medium,Web-Form,Closed,Standard,,1353.0,,203.89,Login | Password,Customer supplied screenshots.
TKT-02593,2024-12-23 00:04:00,Reese Okafor,reese.okafor@gmail.com,+447800537435,Birmingham,Harbor Essentials,Technical Issue,Urgent,Email,Pending Customer,,,,,76.64,Billing | Invoice,No additional context provided.
TKT-02179,2024-04-12 01:29:00,Finley Fischer,finley.fischer@company.co,+14175707950,Bristol,Cobalt Enterprise,Technical Issue,Urgent,Email,Resolved,Enterprise,5,,48,190.3,Account | Security | Urgent,Customer requested an update after the first response.
TKT-00168,2025-03-13 23:37:00,Shawn Singh,shawn.singh@outlook.com,+447264952283,Birmingham,Lumen Starter,Subscription,Low,Phone,Pending Customer,,3,1323.0,,183.32,,No additional context provided.
TKT-01329,2025-11-09 00:00:00,Reese Carter,reese.carter63@company.co,,Seattle,Vertex Analytics,Security,Medium,Social,Resolved,Premium,,,48,12.47,Product Question,
TKT-00804,2025-02-22 00:00:00,Finley Kim,finley.kim@outlook.com,+447125127261,London,Nimbus Basic,Subscription,Low,Web-Form,Resolved,Premium,4,,,,Bug | Mobile,Escalated to the specialist queue.
TKT-01565,2025-12-03 00:00:00,Taylor Singh,taylor.singh41@gmail.com,,New York,Harbor Essentials,Refund,High,Web-Form,Closed,,,1176.0,48,119.53,Login | Password,Follow-up required next business day.
TKT-00293,2024-08-05 00:26:00,Robin Fischer,robin.fischer@gmail.com,,,Nimbus Basic,Account Access,Urgent,Live Chat,Open,Standard,3,,,46.58,Refund,Customer mentioned a previous unresolved ticket.
TKT-01696,2024-04-24 00:00:00,Taylor Okafor,taylor.okafor@gmail.com,+18898699835,Melbourne,Mosaic Team,Subscription,Urgent,Email,Pending Customer,Free,4,103.0,48,185.64,,No additional context provided.
TKT-02018,2024-06-04 00:26:00,Arden Brooks,arden.brooks@gmail.com,+18844035440,Singapore,Nimbus Basic,Account Access,Low,Social,Resolved,Premium,,,,0,,Customer mentioned a previous unresolved ticket.
TKT-00822,2024-01-20 09:27:00,Reese Parker,reese.parker95@mailbox.org,+447480685038,Amsterdam,Mosaic Team,Product Question,Medium,Phone,Pending Customer,Premium,,455.0,,156.51,Billing | Invoice,Follow-up required next business day.
TKT-02436,2025-03-28 08:08:00,Milan Bennett,milan.bennett@example.com,,Seattle,Cobalt Enterprise,Refund,Medium,Email,Pending Customer,Standard,4,,27,58.68,Product Question,Customer supplied screenshots.
TKT-01199,2026-06-04 08:54:00,Micah Carter,micah.carter@gmail.com,+18566303610,Austin,Cobalt Enterprise,Subscription,Low,Web-Form,Pending Customer,Enterprise,2,,54,91.32,Account | Security | Urgent,Customer requested an update after the first response.
TKT-01615,2024-09-04 00:00:00,Drew Hansen,drew.hansen@gmail.com,+16294108262,New York,Orchid Plus,Refund,High,Web-Form,Closed,,,,,69.07,Billing | Invoice,Customer mentioned a previous unresolved ticket.
TKT-01604,2024-06-10 00:00:00,Casey Fischer,casey.fischer@outlook.com,+4699234933,Manchester,Harbor Essentials,Technical Issue,Urgent,Web-Form,Open,Premium,2,539.0,48,35.04,Product Question,Issue reproduced on a mobile device.
TKT-01876,2024-12-02 14:47:00,Blake Ibrahim,,+447948417287,Berlin,Harbor Essentials,Billing,Medium,Phone,Open,,,602.0,,155.76,Delivery | Late,Follow-up required next business day.
TKT-01391,2026-04-26 00:00:00,Parker Brooks,parker.brooks@mailbox.org,+11876991513,Bristol,Orchid Plus,Refund,High,Phone,Pending Customer,,4,483.0,,104.3,Billing | Invoice,Issue reproduced on a mobile device.
TKT-01639,2025-10-16 09:15:00,Milan Morales,milan.morales@mailbox.org,,Berlin,Vertex Analytics,Refund,Medium,Phone,Resolved,Premium,4,1275.0,89,192.44,Login | Password,
TKT-01297,2024-03-02 15:40:00,Casey Wilson,casey.wilson4@company.co,+15671626649,Cape Town,Cobalt Enterprise,Product Question,Urgent,Social,Open,,4,,,129.55,Login | Password,Follow-up required next business day.
TKT-00426,2024-02-15 00:00:00,Avery Hughes,avery.hughes54@mailbox.org,,Berlin,Cobalt Enterprise,Refund,High,Social,Closed,,2,961.0,,154.27,Feature-Request,Escalated to the specialist queue.
TKT-01072,2024-12-08 00:00:00,Arden Walker,arden.walker@example.com,+17525007945,Berlin,Cobalt Enterprise,Billing,Urgent,Web-Form,Pending Customer,Premium,4,,,105.24,Delivery | Late,Customer mentioned a previous unresolved ticket.
TKT-01165,2026-06-16 01:15:00,Taylor Patel,taylor.patel@mailbox.org,+442801557,Manchester,Harbor Essentials,Feature Request,High,Social,Open,Free,4,533.0,6,135.24,Feature-Request,No additional context provided.
TKT-02076,2024-12-16 00:00:00,Rowan Fischer,rowan.fischer@gmail.com,+447421227557,Glasgow,Harbor Essentials,Billing,Medium,Social,Closed,Premium,4,,,61.62,Account | Security | Urgent,No additional context provided.
TKT-01205,2024-02-25 00:00:00,Micah Meyer,micah.meyer49@mailbox.org,+19246621321,New York,Vertex Analytics,Product Question,Medium,Email,Resolved,,1,,,81.69,Billing | Invoice,
TKT-00401,2026-01-01 00:00:00,Emerson Larsen,emerson.larsen@example.com,,Berlin,Mosaic Team,Technical Issue,Low,Phone,Resolved,Enterprise,,,,0,Product Question,No additional context provided.
TKT-01671,2026-03-03 00:00:00,Kendall Morris,kendall.morris@outlook.com,,Berlin,Lumen Starter,Technical Issue,High,Live Chat,Pending Customer,Standard,,,,65.86,Billing | Invoice,
TKT-01117,2025-01-25 20:55:00,Quinn Morales,quinn.morales86@outlook.com,+11849253851,Leeds,Atlas Pro,Technical Issue,Urgent,Phone,Open,,5,1092.0,48,211.19,,
TKT-01559,2026-04-22 06:48:00,Riley Diaz,riley.diaz8@gmail.com,,Toronto,Atlas Pro,Billing,Low,Email,Open,Standard,4,,48,161.1,Billing | Invoice,No additional context provided.
TKT-01721,2024-06-18 22:09:00,Morgan Kim,morgan.kim@mailbox.org,+17029323449,Amsterdam,Nimbus Basic,Account Access,Medium,Web-Form,Resolved,Standard,5,,,107.22,,Issue reproduced on a mobile device.
TKT-00893,2024-02-19 00:00:00,Emerson Fischer,emerson.fischer@mailbox.org,,Leeds,Cobalt Enterprise,Feature Request,Medium,Social,Resolved,Premium,3,,58,137.67,Delivery | Late,
TKT-02576,2026-04-24 00:00:00,Jamie Bennett,jamie.bennett48@example.com,+17447835250,London,Cobalt Enterprise,Security,Low,Phone,Resolved,Standard,,1760.0,,17.84,Product Question,Issue reproduced on a mobile device.
TKT-01224,2026-03-04 00:00:00,Parker Kim,parker.kim76@mailbox.org,+447899841729,Birmingham,Atlas Pro,Billing,Urgent,Web-Form,Closed,Premium,4,,,101.76,Product Question,Customer requested an update after the first response.
TKT-00241,2025-11-13 00:00:00,Morgan Ibrahim,morgan.ibrahim78@example.com,+447238122243,Austin,Atlas Pro,Feature Request,High,Social,Resolved,Standard,1,,,35.41,Bug | Mobile,
TKT-01360,2024-11-10 14:59:00,Tatum Brooks,tatum.brooks@example.com,+447910526389,Bristol,Mosaic Team,Security,High,Live Chat,Open,Standard,,177.0,,89.08,Billing | Invoice,Follow-up required next business day.
TKT-01703,2025-02-23 00:00:00,Marley Santos,marley.santos@outlook.com,+447202806266,Austin,Lumen Starter,Billing,Urgent,Email,Resolved,Premium,,,48,113.91,Refund,Customer supplied screenshots.
TKT-01857,2026-05-01 00:00:00,Finley Parker,finley.parker@outlook.com,+14642565858,London,Atlas Pro,Refund,Urgent,Social,Pending Customer,Premium,1,,48,155.59,Billing | Invoice,Customer requested an update after the first response.
TKT-01897,2025-04-28 19:32:00,Hayden Turner,hayden.turner41@gmail.com,+447376116477,New York,Nimbus Basic,Subscription,Urgent,Live Chat,Escalated,Premium,,,,64.77,Billing | Invoice,Escalated to the specialist queue.
TKT-01900,2024-03-03 00:00:00,Finley Diaz,finley.diaz71@mailbox.org,,London,Harbor Essentials,Security,Low,Live Chat,Escalated,Free,3,,,62.75,Billing | Invoice,Follow-up required next business day.
TKT-02279,2024-07-04 08:33:00,Hayden Santos,hayden.santos88@example.com,,New York,Nimbus Basic,Account Access,Medium,Social,Open,,4,767.0,,115.65,Refund,
TKT-01048,2024-05-18 23:07:00,Finley Kim,finley.kim@company.co,+15267778437,Bristol,Mosaic Team,Security,Urgent,Web-Form,Closed,,3,,,0,Login | Password,Customer mentioned a previous unresolved ticket.
TKT-00386,2025-11-12 00:00:00,Riley Diaz,riley.diaz@company.co,+447921585884,Singapore,Orchid Plus,Subscription,Low,Web-Form,Open,Premium,,,,87.27,Account | Security | Urgent,Customer supplied screenshots.
TICKET-02404,2024-07-19 00:00:00,Jamie Bennett,jamie.bennett@outlook.com,+447943873052,Bristol,Orchid Plus,Subscription,Medium,Email,Resolved,,1,211.0,,64.06,Delivery | Late,
TKT-02598,2024-05-09 00:00:00,Quinn Patel,quinn.patel69@mailbox.org,,London,Mosaic Team,Account Access,Low,Social,Pending Customer,Premium,5,1550.0,48,90.62,Refund,
TKT-02251,2025-06-09 00:00:00,Robin Morris,robin.morris@company.co,,Birmingham,Harbor Essentials,Delivery,Low,Web-Form,Open,Free,1,,,71.98,Billing | Invoice,
TKT-00521,2025-03-30 09:26:00,Devon Carter,devon.carter@gmail.com,,Birmingham,Nimbus Basic,Subscription,High,Live Chat,Resolved,Standard,5,,48,0,Product Question,Issue reproduced on a mobile device.
TKT-01681,2025-12-07 16:00:00,Arden Kowalski,arden.kowalski57@company.co,+12205083787,Seattle,Nimbus Basic,Technical Issue,Urgent,Live Chat,Pending Customer,,2,1412.0,5,101.21,Feature-Request,Customer supplied screenshots.
TKT-00393,2025-10-17 00:00:00,Quinn Kowalski,quinn.kowalski45@outlook.com,+18994575611,Austin,Harbor Essentials,Refund,Urgent,Email,Pending Customer,Premium,4,,1,6.39,Feature-Request,Issue reproduced on a mobile device.
TKT-02784,2026-03-04 00:00:00,Skyler Walker,skyler.walker@mailbox.org,+447674753000,London,Atlas Pro,Delivery,High,Web-Form,Closed,,5,,48,21.69,Bug | Mobile,Follow-up required next business day.
TKT-01265,2026-04-09 00:00:00,Morgan Morris,morgan.morris@example.com,,Leeds,Mosaic Team,Technical Issue,Medium,Live Chat,Closed,Enterprise,4,,19,88.31,,Issue reproduced on a mobile device.
TKT-00959,2025-09-16 00:00:00,Casey Okafor,casey.okafor@gmail.com,,,Mosaic Team,Security,High,Web-Form,Open,Free,4,1340.0,48,110.34,,Customer requested an update after the first response.
TKT-02182,2026-04-01 00:00:00,Alexis Wilson,alexis.wilson@mailbox.org,+12247612600,Toronto,Lumen Starter,Feature Request,Urgent,Live Chat,Escalated,Premium,,321.0,48,59.34,,No additional context provided.
TKT-01103,2024-07-16 00:00:00,Devon Kim,devon.kim@example.com,+16049413019,Manchester,Orchid Plus,Delivery,Medium,Email,Open,Premium,5,524.0,48,193.86,Refund,Customer requested an update after the first response.
TKT-02322,2024-08-16 21:58:00,Riley Turner,riley.turner54@company.co,,London,Lumen Starter,Refund,Medium,Phone,Pending Customer,Premium,5,,,121.84,Account | Security | Urgent,Customer requested an update after the first response.
TKT-02017,2025-04-09 00:00:00,Tatum Grant,tatum.grant@mailbox.org,,Dublin,Nimbus Basic,Product Question,High,Social,Pending Customer,Free,2,940.0,48,64.45,,No additional context provided.
TKT-01183,2025-03-25 00:00:00,Micah Reed,micah.reed10@outlook.com,+447899297856,Berlin,Mosaic Team,Security,Low,Email,Pending Customer,Premium,2,,,129.51,Billing | Invoice,Customer mentioned a previous unresolved ticket.
TKT-02793,2024-01-19 18:24:00,Rowan Ahmed,rowan.ahmed@gmail.com,+16089999612,Dublin,Nimbus Basic,Technical Issue,High,Social,Pending Customer,,,,,56.29,Account | Security | Urgent,Customer mentioned a previous unresolved ticket.
TKT-00486,2024-07-02 00:00:00,Jamie Grant,jamie.grant@outlook.com,+8862986971,Seattle,Mosaic Team,Technical Issue,Low,Web-Form,Resolved,Standard,,670.0,48,,Product Question,Follow-up required next business day.
TKT-02649,2024-12-28 00:00:00,Micah Petrov,micah.petrov@mailbox.org,+447070217409,Leeds,Atlas Pro,Product Question,Urgent,Live Chat,Closed,,2,,,79.86,Bug | Mobile,No additional context provided.
TKT-02647,2025-05-12 00:00:00,Finley Hansen,finley.hansen@gmail.com,,London,Cobalt Enterprise,Billing,High,Social,Escalated,Premium,4,,,58.62,,
TKT-00656,2025-03-20 00:00:00,Hayden Carter,hayden.carter94@mailbox.org,+447601226545,Seattle,Vertex Analytics,Technical Issue,High,Live Chat,Resolved,Free,4,61.0,35,82.26,Bug | Mobile,
TKT-02121,2024-09-07 11:33:00,Skyler Nguyen,skyler.nguyen56@gmail.com,+447022648686,Toronto,Mosaic Team,Product Question,Low,Web-Form,Pending Customer,Premium,,317.0,,211.69,Billing | Invoice,No additional context provided.
TKT-00097,2024-11-03 15:07:00,Micah Ahmed,micah.ahmed35@outlook.com,+14166168937,Manchester,Cobalt Enterprise,Delivery,Low,Email,Pending Customer,Premium,,,84,95.29,Bug | Mobile,Customer requested an update after the first response.
TKT-01809,2025-10-09 08:19:00,Alexis Diaz,alexis.diaz33@outlook.com,+447336576652,London,Nimbus Basic,Technical Issue,Urgent,Phone,Open,,4,,48,0,Billing | Invoice,Customer requested an update after the first response.
TKT-02751,2024-08-07 00:00:00,Alexis Brooks,alexis.brooks@outlook.com,+16854022982,Austin,Atlas Pro,Delivery,Urgent,Web-Form,Resolved,Free,5,,77,175.55,Feature-Request,Customer supplied screenshots.
TKT-01238,2026-01-19 17:48:00,Morgan Sullivan,morgan.sullivan@example.com,+16155152950,Bristol,Nimbus Basic,Refund,Medium,Web-Form,Open,,3,1661.0,48,48.55,Bug | Mobile,
TKT-00837,2024-08-22 00:00:00,Kendall Chen,kendall.chen@outlook.com,,Bristol,Orchid Plus,Refund,Urgent,Live Chat,Resolved,Enterprise,,814.0,66,164.28,Product Question,Customer mentioned a previous unresolved ticket.
TKT-02659,2024-07-27 00:00:00,Morgan Meyer,morgan.meyer@mailbox.org,+19485456981,London,Vertex Analytics,Refund,Low,Live Chat,Open,Standard,5,1664.0,48,88.45,Bug | Mobile,Customer mentioned a previous unresolved ticket.
TKT-01991,2025-06-29 00:00:00,Alexis Kowalski,alexis.kowalski76@example.com,,Dublin,Orchid Plus,Product Question,Urgent,Live Chat,Resolved,,5,,,123.02,Login | Password,Issue reproduced on a mobile device.
TKT-00423,2024-09-14 17:52:00,Arden Kowalski,arden.kowalski@mailbox.org,+4960458379,Cape Town,Lumen Starter,Subscription,High,Phone,Pending Customer,Premium,1,893.0,,65.31,Bug | Mobile,Customer supplied screenshots.
TKT-01431,2024-03-25 16:14:00,Arden Larsen,arden.larsen@outlook.com,+17303198990,London,Vertex Analytics,Feature Request,Urgent,Social,Open,Standard,3,,48,95.91,Refund,Issue reproduced on a mobile device.
TKT-00927,2026-01-05 04:13:00,Avery Chen,avery.chen19@example.com,,Toronto,Atlas Pro,Account Access,Medium,Live Chat,Open,Premium,,,,48.26,,
TKT-01500,2024-09-08 16:48:00,Devon Meyer,devon.meyer@mailbox.org,+447388818150,,Cobalt Enterprise,Subscription,Medium,Social,Resolved,Free,,,48,111.59,Billing | Invoice,Customer requested an update after the first response.
TKT-00518,2025-01-15 00:00:00,Alexis Morales,alexis.morales14@gmail.com,+447232956624,Austin,Lumen Starter,Delivery,High,Social,Pending Customer,Enterprise,,,57,25.23,Billing | Invoice,Issue reproduced on a mobile device.
TKT-02585,2025-01-12 00:00:00,Quinn Novak,quinn.novak@gmail.com,+13205584441,Melbourne,Lumen Starter,Refund,High,Live Chat,Open,,,,1,139.31,Refund,Customer mentioned a previous unresolved ticket.
TKT-01708,2025-09-05 03:25:00,Riley Walker,riley.walker62@gmail.com,+447340179537,Berlin,Atlas Pro,Billing,Low,Live Chat,Closed,,5,,44,183.49,,
TKT-02696,2024-01-31 00:00:00,Ellis Meyer,ellis.meyer@mailbox.org,,Leeds,Harbor Essentials,Subscription,Urgent,Web-Form,Resolved,,3,,48,157.73,Product Question,Customer supplied screenshots.
TKT-00094,2026-03-14 00:00:00,Skyler Reed,skyler.reed12@outlook.com,,Singapore,Harbor Essentials,Delivery,Urgent,Social,Open,Enterprise,2,,,60.98,Account | Security | Urgent,Customer requested an update after the first response.
TKT-00832,2024-06-07 15:26:00,Micah Ibrahim,micah.ibrahim@gmail.com,+447391879677,Singapore,Mosaic Team,Security,Low,Web-Form,Open,,5,1064.0,79,28.47,Delivery | Late,
TKT-02232,2024-02-25 00:00:00,Robin Carter,robin.carter@mailbox.org,,Manchester,Nimbus Basic,Security,High,Social,Pending Customer,Premium,,987.0,48,122.48,Delivery | Late,Customer mentioned a previous unresolved ticket.
TKT-00377,2026-02-08 00:00:00,Blake Sullivan,blake.sullivan@example.com,+13722019669,Cape Town,Orchid Plus,Feature Request,High,Phone,Resolved,Premium,4,,,126.98,Billing | Invoice,Customer supplied screenshots.
TKT-02158,2024-11-22 00:00:00,Hayden Ahmed,hayden.ahmed@company.co,+15237475150,Singapore,Nimbus Basic,Account Access,Low,Phone,Pending Customer,Enterprise,2,787.0,,61.53,,
TKT-01440,2024-02-23 12:48:00,Drew Kim,drew.kim11@gmail.com,+12409114097,Austin,Lumen Starter,Account Access,Low,Email,Open,Premium,1,,,119.42,Feature-Request,Customer supplied screenshots.
TKT-01935,2025-04-14 23:45:00,Blake Hansen,blake.hansen@company.co,+12824699642,,Orchid Plus,Product Question,Low,Live Chat,Open,Enterprise,1,1708.0,,224.44,Billing | Invoice,
TKT-00863,2025-01-14 12:37:00,Reese Wilson,reese.wilson@outlook.com,+447511622630,Amsterdam,Mosaic Team,Security,High,Live Chat,Resolved,Standard,3,841.0,55,164.11,Login | Password,Customer requested an update after the first response.
TKT-02066,2024-11-30 00:00:00,Reese Reed,reese.reed3@example.com,+16962604050,Leeds,Cobalt Enterprise,Refund,Low,Web-Form,Escalated,Premium,2,,90,46.95,Feature-Request,Customer supplied screenshots.
TKT-01847,2025-01-06 13:39:00,Drew Ibrahim,drew.ibrahim@company.co,,London,Cobalt Enterprise,Product Question,Medium,Email,Closed,Premium,,1580.0,48,148.61,Billing | Invoice,No additional context provided.
TKT-01739,2025-06-06 00:00:00,Rowan Singh,rowan.singh24@gmail.com,+447089688609,Berlin,Mosaic Team,Refund,Low,Web-Form,Closed,Free,2,,,131.27,Delivery | Late,Customer supplied screenshots.
TKT-01717,2024-10-05 10:34:00,Jamie Hansen,jamie.hansen@company.co,+19142741299,Melbourne,Atlas Pro,Subscription,Urgent,Phone,Pending Customer,Free,4,,,97.26,Billing | Invoice,Escalated to the specialist queue.
TKT-02019,2025-05-20 16:57:00,Micah Kowalski,micah.kowalski93@gmail.com,,Melbourne,Orchid Plus,Product Question,Low,Social,Open,Enterprise,2,,,113.95,Billing | Invoice,
TKT-02379,2024-09-20 00:00:00,Devon Novak,devon.novak@example.com,,Berlin,Vertex Analytics,Subscription,Medium,Live Chat,Open,Free,,855.0,96,56.26,,Customer supplied screenshots.
TKT-01788,2025-01-22 22:31:00,Emerson Reed,emerson.reed@gmail.com,,Melbourne,Nimbus Basic,Billing,Low,Social,Escalated,Premium,3,,,37.63,Refund,No additional context provided.
TKT-00323,2025-12-14 00:00:00,Devon Hughes,devon.hughes63@gmail.com,+13677916203,Amsterdam,Orchid Plus,Feature Request,Urgent,Live Chat,Resolved,Standard,,,48,34.0,Billing | Invoice,Customer requested an update after the first response.
TKT-00994,2026-01-23 14:56:00,Arden Meyer,arden.meyer28@example.com,+14188219798,Cape Town,Vertex Analytics,Product Question,Medium,Web-Form,Resolved,Enterprise,,,48,41.49,,
TKT-01846,2026-01-30 14:49:00,Cameron Chen,cameron.chen@gmail.com,+447097428851,Glasgow,Atlas Pro,Feature Request,Medium,Phone,Resolved,,4,1254.0,,22.48,Bug | Mobile,Issue reproduced on a mobile device.
TKT-01162,2025-09-04 12:35:00,Morgan Reed,morgan.reed@gmail.com,+15902001890,,Atlas Pro,Refund,Urgent,Live Chat,Pending Customer,Premium,4,,,205.0,,No additional context provided.
TKT-00708,2024-08-16 00:00:00,Robin Larsen,robin.larsen39@example.com,,Amsterdam,Orchid Plus,Product Question,High,Web-Form,Closed,Premium,5,,,175.51,Login | Password,
TKT-00337,2025-05-01 11:25:00,Reese Walker,reese.walker@example.com,+447607703943,Berlin,Mosaic Team,Billing,High,Web-Form,Pending Customer,Premium,5,,48,33.6,Bug | Mobile,
TKT-00044,2024-01-02 00:00:00,Hayden Kim,hayden.kim@company.co,+12697389914,Seattle,Cobalt Enterprise,Account Access,Urgent,Phone,Pending Customer,,5,521.0,34,62.44,Billing | Invoice,Issue reproduced on a mobile device.
TKT-01448,2024-06-09 02:51:00,marley petrov,marley.petrov@mailbox.org,+13577663266,London,Mosaic Team,Technical Issue,Urgent,Social,Pending Customer,Free,5,369.0,48,111.25,Billing | Invoice,Follow-up required next business day.
TKT-02587,2024-05-12 03:30:00,Taylor Singh,taylor.singh@mailbox.org,+14674775809,Dublin,Cobalt Enterprise,Delivery,Low,Live Chat,Escalated,,5,,,6.44,Feature-Request,Customer mentioned a previous unresolved ticket.
TKT-00132,2024-03-14 00:00:00,Casey Ibrahim,casey.ibrahim@mailbox.org,+447799480805,London,Mosaic Team,Feature Request,Medium,Live Chat,Closed,Premium,1,1492.0,64,82.77,Billing | Invoice,Issue reproduced on a mobile device.
TKT-01904,2024-09-16 16:14:00,Casey Brooks,casey.brooks@gmail.com,,Seattle,Cobalt Enterprise,Product Question,Urgent,Live Chat,Pending Customer,Free,,,,99.33,Login | Password,No additional context provided.
TKT-00325,2025-05-11 00:00:00,Casey Okafor,casey.okafor@outlook.com,+19673267190,Singapore,Atlas Pro,Product Question,Low,Phone,Escalated,Free,4,,,23.67,,Follow-up required next business day.
TKT-01495,2025-10-12 00:00:00,Skyler Brooks,skyler.brooks@company.co,,Melbourne,Mosaic Team,Security,Medium,Social,Resolved,,4,,33,163.82,,Escalated to the specialist queue.
TKT-00286,2024-02-22 00:00:00,Morgan Hansen,morgan.hansen@mailbox.org,+12841952267,Austin,Harbor Essentials,Account Access,High,Social,Resolved,Standard,4,,,0,Billing | Invoice,Follow-up required next business day.
TKT-02122,2025-07-08 00:00:00,Skyler Kim,skyler.kim15@gmail.com,+15513525433,Austin,Orchid Plus,Technical Issue,Medium,Phone,Open,,2,,,122.15,Product Question,Escalated to the specialist queue.
TKT-00700,2024-05-15 18:12:00,Finley Parker,finley.parker@outlook.com,+16024895826,Toronto,Orchid Plus,Delivery,High,Live Chat,Resolved,Premium,2,491.0,,68.83,Billing | Invoice,Customer mentioned a previous unresolved ticket.
TKT-00421,2026-06-10 06:20:00,Parker Kowalski,parker.kowalski22@outlook.com,+447295674555,Glasgow,Vertex Analytics,Billing,Medium,Phone,Closed,Premium,2,139.0,,192.34,Account | Security | Urgent,Escalated to the specialist queue.
TKT-00498,2025-05-29 00:00:00,Tatum Novak,tatum.novak35@mailbox.org,,Glasgow,Vertex Analytics,Security,Medium,Web-Form,Escalated,Enterprise,4,47.0,9,68.53,Product Question,Follow-up required next business day.
TKT-00526,2024-10-19 00:00:00,Finley Larsen,finley.larsen24@outlook.com,,Amsterdam,Atlas Pro,Account Access,Medium,Live Chat,Open,Enterprise,1,,81,,Account | Security | Urgent,
TKT-01129,2025-12-05 16:15:00,Kendall Walker,kendall.walker@mailbox.org,+13679836192,New York,Orchid Plus,Subscription,Low,Email,Pending Customer,Premium,5,,69,75.47,Product Question,Customer mentioned a previous unresolved ticket.
TKT-00868,2024-01-28 00:00:00,Reese Fischer,reese.fischer10@gmail.com,+11768067576,Seattle,Vertex Analytics,Refund,Low,Live Chat,Open,,,,,97.4,Billing | Invoice,Customer supplied screenshots.
TKT-00957,2025-02-19 09:43:00,Jordan Carter,jordan.carter@company.co,,Singapore,Harbor Essentials,Security,High,Web-Form,Closed,,,1064.0,,97.85,,
TKT-00907,2025-04-21 13:38:00,Kendall Reed,kendall.reed@outlook.com,,Berlin,Vertex Analytics,Subscription,High,Web-Form,Pending Customer,,4,,48,4.21,Feature-Request,Customer mentioned a previous unresolved ticket.
TKT-01491,2025-06-26 16:06:00,Jordan Ibrahim,jordan.ibrahim@gmail.com,+12485807430,Seattle,Atlas Pro,Refund,Low,Web-Form,Resolved,,2,1722.0,88,48.65,,Customer mentioned a previous unresolved ticket.
TKT-00985,2026-01-13 00:00:00,Rowan Morales,rowan.morales@gmail.com,+12623479796,Singapore,Mosaic Team,Subscription,Low,Email,Pending Customer,Enterprise,1,,48,78.8,Bug | Mobile,
TKT-01884,2024-09-06 00:00:00,Jamie Morris,jamie.morris17@company.co,+19709359981,Dublin,Atlas Pro,Subscription,Medium,Email,Pending Customer,,3,,,46.41,Account | Security | Urgent,
TKT-02164,2026-03-19 00:00:00,Jordan Patel,jordan.patel8@company.co,+11181253644,London,Orchid Plus,Feature Request,High,Email,Escalated,,,,48,141.71,Delivery | Late,No additional context provided.
TKT-00847,2025-12-25 00:00:00,Avery Ibrahim,avery.ibrahim@company.co,+18985939694,Singapore,Orchid Plus,Security,High,Email,Escalated,Standard,1,,,94.90,,Follow-up required next business day.
TKT-00479,2024-08-11 05:54:00,Devon Larsen,devon.larsen@example.com,+13468601116,Glasgow,Orchid Plus,Refund,Urgent,Phone,Resolved,Premium,4,1004.0,,248.34,,Customer mentioned a previous unresolved ticket.
TKT-00074,2025-02-01 20:51:00,Rowan Morris,rowan.morris@example.com,+447688240454,Leeds,Orchid Plus,Refund,Urgent,Social,Resolved,,3,,,165.06,Account | Security | Urgent,Customer supplied screenshots.
TKT-00302,2025-10-17 00:00:00,Cameron Walker,cameron.walker@outlook.com,,Cape Town,Nimbus Basic,Security,High,Email,Pending Customer,Standard,,910.0,48,48.19,Bug | Mobile,
TKT-01275,2024-06-14 20:06:00,Cameron Bennett,cameron.bennett66@mailbox.org,,Dublin,Nimbus Basic,Delivery,High,Social,Closed,Free,2,,75,145.72,Login | Password,
TKT-00034,2026-04-27 00:00:00,Rowan Kowalski,rowan.kowalski@example.com,+447093972176,Seattle,Nimbus Basic,Feature Request,Urgent,Phone,Pending Customer,Standard,,,,20.83,,Customer requested an update after the first response.
TKT-02387,2026-05-13 00:00:00,Arden Meyer,arden.meyer65@gmail.com,+447494145078,London,Orchid Plus,Feature Request,High,Web-Form,Open,Free,,,,66.33,Login | Password,Escalated to the specialist queue.
TKT-02093,2025-01-28 00:00:00,Hayden Turner,hayden.turner@mailbox.org,+9834661948,Glasgow,Lumen Starter,Product Question,Medium,Phone,Closed,,1,1260.0,48,113.22,Account | Security | Urgent,Issue reproduced on a mobile device.
TKT-01892,2025-03-15 20:38:00,Avery Carter,avery.carter@company.co,,Amsterdam,Vertex Analytics,Delivery,Low,Social,Closed,Free,4,1235.0,,79.35,Feature-Request,Issue reproduced on a mobile device.
TKT-00763,2025-10-31 21:32:00,Marley Hughes,marley.hughes@outlook.com,+447206945103,New York,Orchid Plus,Security,High,Web-Form,Resolved,Premium,,,48,219.8,Feature-Request,No additional context provided.
TKT-01451,2025-01-21 00:00:00,Reese Sullivan,reese.sullivan@company.co,+447705420186,Dublin,Orchid Plus,Delivery,High,Web-Form,Closed,,1,59.0,48,95.99,Product Question,No additional context provided.
TKT-00513,2025-02-03 00:00:00,Drew Nguyen,drew.nguyen2@example.com,,Toronto,Orchid Plus,Security,High,Phone,Open,Premium,,,45,65.86,Bug | Mobile,Customer mentioned a previous unresolved ticket.
TKT-02697,2024-05-17 06:53:00,Arden Kowalski,arden.kowalski@example.com,,Bristol,Nimbus Basic,Product Question,Low,Phone,Escalated,Free,2,,,138.5,Delivery | Late,Follow-up required next business day.
TKT-02138,2024-02-24 00:00:00,Micah Chen,micah.chen@outlook.com,+447339585571,Manchester,Harbor Essentials,Product Question,High,Social,Pending Customer,,1,,48,164.2,Account | Security | Urgent,No additional context provided.
TICKET-00454,2024-10-24 00:00:00,Casey Santos,casey.santos93@mailbox.org,+6160636474,Leeds,Harbor Essentials,Billing,Medium,Email,Closed,,,48.0,48,106.72,Account | Security | Urgent,Customer supplied screenshots.
TKT-00433,2024-09-28 10:14:00,Shawn Walker,shawn.walker30@example.com,+17434341664,,Vertex Analytics,Feature Request,Low,Live Chat,Escalated,Enterprise,5,,90,64.18,Billing | Invoice,No additional context provided.
TKT-00093,2024-02-01 14:43:00,Jamie Morales,jamie.morales@company.co,+13431981813,Dublin,Orchid Plus,Product Question,Medium,Phone,Open,Premium,,,1,40.39,Product Question,
TKT-02533,2025-05-31 00:00:00,Cameron Singh,cameron.singh75@gmail.com,,Glasgow,Vertex Analytics,Security,High,Email,Closed,,1,,57,109.55,Billing | Invoice,Customer requested an update after the first response.
TKT-02125,2025-04-16 00:00:00,Jordan Walker,jordan.walker56@gmail.com,,Seattle,Vertex Analytics,Technical Issue,Urgent,Email,Resolved,Premium,4,,39,80.24,Login | Password,
TKT-02195,2025-10-17 22:04:00,Milan Turner,milan.turner54@mailbox.org,+13748887545,Dublin,Vertex Analytics,Subscription,Medium,Social,Open,Free,5,1350.0,48,,Refund,Customer requested an update after the first response.
TKT-00693,2024-08-01 00:00:00,Milan Turner,milan.turner17@gmail.com,+9162111008,Toronto,Mosaic Team,Feature Request,Medium,Web-Form,Open,Standard,,,,19.54,Account | Security | Urgent,Follow-up required next business day.
TKT-02074,2025-07-28 10:32:00,Casey Chen,casey.chen31@outlook.com,,Manchester,Lumen Starter,Technical Issue,High,Social,Resolved,,,844.0,,89.85,Delivery | Late,Issue reproduced on a mobile device.
TKT-01572,2025-06-08 00:00:00,Sage Fischer,sage.fischer@gmail.com,,Melbourne,Harbor Essentials,Technical Issue,Medium,Phone,Pending Customer,Premium,5,603.0,,10.01,Login | Password,
TKT-02103,2024-09-13 00:00:00,Finley Petrov,finley.petrov@outlook.com,,Toronto,Orchid Plus,Security,Low,Social,Pending Customer,,1,1567.0,48,31.17,Bug | Mobile,Customer requested an update after the first response.
TKT-00383,2025-09-03 01:24:00,Robin Hansen,robin.hansen@company.co,+15733051924,Berlin,Lumen Starter,Feature Request,High,Phone,Resolved,Free,5,132.0,,0,Login | Password,
TKT-01562,2025-05-25 00:00:00,Finley Ibrahim,finley.ibrahim@example.com,+6317277308,New York,Lumen Starter,Account Access,Urgent,Phone,Open,,4,,,37.9,Account | Security | Urgent,Escalated to the specialist queue.
TKT-00975,2025-08-14 03:02:00,Milan Kowalski,milan.kowalski@company.co,+13211406258,Berlin,Harbor Essentials,Product Question,Urgent,Web-Form,Open,Free,,,,54.46,,Customer supplied screenshots.
TKT-01702,2024-01-13 16:58:00,Skyler Parker,skyler.parker85@company.co,+447424840518,Singapore,Cobalt Enterprise,Technical Issue,Urgent,Email,Open,Enterprise,1,270.0,,105.91,,Customer mentioned a previous unresolved ticket.
TKT-02113,2024-10-30 00:00:00,Casey Kim,casey.kim@example.com,+19744223806,Bristol,Harbor Essentials,Delivery,Medium,Phone,Resolved,Standard,2,,48,81.25,Delivery | Late,
TKT-02428,2024-11-19 20:08:00,Avery Ibrahim,avery.ibrahim35@mailbox.org,+8157868744,Berlin,Mosaic Team,Product Question,Urgent,Email,Pending Customer,Free,5,,,75.58,Billing | Invoice,No additional context provided.
TKT-00029,2025-10-13 00:00:00,Alexis Sullivan,alexis.sullivan@mailbox.org,+447749237795,Cape Town,Nimbus Basic,Account Access,Urgent,Live Chat,Resolved,Free,,,48,45.96,,No additional context provided.
TKT-02400,2026-04-20 00:00:00,Sage Reed,sage.reed48@mailbox.org,+14595826058,,Atlas Pro,Billing,Medium,Phone,Open,Premium,1,,,82.81,,Escalated to the specialist queue.
TKT-00663,2025-03-29 00:00:00,Emerson Morris,emerson.morris@company.co,+17892584019,Toronto,Harbor Essentials,Billing,Urgent,Email,Escalated,Premium,3,,,77.2,Account | Security | Urgent,Customer requested an update after the first response.
TKT-01065,2024-10-27 10:11:00,Emerson Sullivan,emerson.sullivan@outlook.com,+9580641323,Toronto,Mosaic Team,Subscription,Low,Social,Escalated,Enterprise,,21.0,,59.07,Feature-Request,Customer requested an update after the first response.
TKT-02668,2024-03-14 02:00:00,Alexis Larsen,alexis.larsen@outlook.com,,Bristol,Harbor Essentials,Account Access,Urgent,Live Chat,Closed,,,1068.0,34,11.21,,
TKT-01715,2026-03-18 13:14:00,Milan Novak,milan.novak74@example.com,+18593352725,Melbourne,Harbor Essentials,Subscription,Low,Email,Pending Customer,Premium,,1023.0,5,,Product Question,Follow-up required next business day.
TKT-02124,2025-10-17 07:23:00,Emerson Sullivan,emerson.sullivan24@gmail.com,+19016963725,Austin,Lumen Starter,Security,Low,Email,Pending Customer,Premium,3,,,64.54,Billing | Invoice,Follow-up required next business day.
TKT-01667,2026-02-20 00:00:00,Morgan Morales,morgan.morales73@outlook.com,,Glasgow,Atlas Pro,Feature Request,Urgent,Live Chat,Open,,5,,48,24.04,,Follow-up required next business day.
TKT-00077,2025-11-02 04:19:00,Devon Parker,devon.parker@mailbox.org,+17425247146,Cape Town,Cobalt Enterprise,Technical Issue,High,Web-Form,Open,,2,,48,83.79,Product Question,Customer requested an update after the first response.
TKT-02639,2025-08-19 23:17:00,Robin Larsen,robin.larsen40@example.com,,Bristol,Lumen Starter,Feature Request,Urgent,Phone,Pending Customer,,,79.0,,22.21,Login | Password,Issue reproduced on a mobile device.
TKT-02777,2026-02-02 00:00:00,Jamie Hansen,jamie.hansen76@outlook.com,,Berlin,Orchid Plus,Security,High,Social,Resolved,Premium,,1247.0,15,64.91,Delivery | Late,Escalated to the specialist queue.
TKT-00790,2025-06-27 00:00:00,emerson brooks,emerson.brooks@mailbox.org,,New York,Atlas Pro,Subscription,Medium,Live Chat,Open,Premium,3,,48,0,Refund,No additional context provided.
TKT-02086,2025-12-31 03:03:00,Avery Kim,avery.kim@example.com,+17305737533,London,Mosaic Team,Account Access,High,Email,Resolved,Premium,4,529.0,57,11.86,,Customer mentioned a previous unresolved ticket.
TKT-01155,2024-11-21 19:47:00,Tatum Nguyen,tatum.nguyen@example.com,+447361162499,Singapore,Nimbus Basic,Delivery,Medium,Email,Open,Standard,5,,,169.31,Feature-Request,Issue reproduced on a mobile device.
TKT-01187,2026-03-16 07:15:00,Tatum Grant,tatum.grant84@company.co,+11344638377,New York,Cobalt Enterprise,Subscription,Medium,Phone,Resolved,Enterprise,1,278.0,48,24.96,Product Question,No additional context provided.
TKT-02773,2026-01-16 00:00:00,Jamie Ahmed,jamie.ahmed@example.com,,Cape Town,Mosaic Team,Technical Issue,High,Web-Form,Open,Free,,1641.0,48,69.28,Refund,Customer supplied screenshots.
TKT-00010,2026-05-16 01:44:00,Morgan Walker,morgan.walker@gmail.com,+447564839945,Bristol,Cobalt Enterprise,Feature Request,High,Social,Pending Customer,Standard,5,1133.0,41,108.84,Login | Password,Escalated to the specialist queue.
TKT-02214,2025-07-19 09:04:00,Finley Chen,finley.chen92@example.com,+447308371446,Austin,Nimbus Basic,Refund,High,Email,Closed,Premium,2,,96,54.14,,No additional context provided.
TKT-01634,2024-11-28 03:29:00,Alexis Fischer,alexis.fischer@mailbox.org,+14954974765,Berlin,Nimbus Basic,Account Access,Low,Phone,Open,,2,,,135.65,Delivery | Late,Customer requested an update after the first response.
TKT-00534,2025-02-24 22:42:00,Riley Hansen,riley.hansen84@outlook.com,,Austin,Vertex Analytics,Account Access,Low,Phone,Pending Customer,Premium,3,,87,12.39,,No additional context provided.
TKT-00889,2025-03-01 00:00:00,Casey Reed,,+13698342414,Seattle,Orchid Plus,Delivery,Medium,Social,Open,,,,4,111.49,Billing | Invoice,Customer mentioned a previous unresolved ticket.
TKT-01189,2024-11-30 22:56:00,Blake Grant,blake.grant@company.co,+13619537985,Manchester,Atlas Pro,Subscription,High,Live Chat,Open,Premium,3,,48,109.25,Product Question,No additional context provided.
TKT-00127,2024-04-29 17:31:00,Drew Grant,drew.grant@company.co,+17009821448,Berlin,Vertex Analytics,Product Question,Medium,Live Chat,Resolved,Free,2,1299.0,,24.52,Feature-Request,
TKT-00704,2024-12-25 22:30:00,Casey Hughes,casey.hughes19@mailbox.org,,London,Cobalt Enterprise,Delivery,Medium,Phone,Pending Customer,Standard,2,,26,1.53,Billing | Invoice,Issue reproduced on a mobile device.
TKT-02634,2025-06-13 03:50:00,Marley Ahmed,marley.ahmed28@mailbox.org,,Austin,Nimbus Basic,Subscription,Urgent,Live Chat,Escalated,,1,,3,96.12,Billing | Invoice,Customer mentioned a previous unresolved ticket.
TKT-02663,2026-02-03 00:00:00,Cameron Brooks,cameron.brooks49@outlook.com,+18939555307,Manchester,Atlas Pro,Feature Request,Medium,Live Chat,Closed,Enterprise,1,,48,111.85,Account | Security | Urgent,Escalated to the specialist queue.
TKT-02280,2025-12-29 00:00:00,Jamie Ahmed,jamie.ahmed@gmail.com,+15588218120,Cape Town,Cobalt Enterprise,Technical Issue,Medium,Phone,Resolved,Free,2,559.0,,104.44,Bug | Mobile,No additional context provided.
TKT-01384,2024-08-03 00:00:00,Avery Nguyen,avery.nguyen@gmail.com,+17416676855,Seattle,Mosaic Team,Refund,High,Live Chat,Closed,Standard,3,,,45.69,,
TKT-02029,2025-07-30 00:00:00,Quinn Patel,quinn.patel@example.com,,Toronto,Mosaic Team,Account Access,Urgent,Phone,Open,,4,1166.0,,90.53,Login | Password,Escalated to the specialist queue.
TKT-00850,2024-06-24 21:43:00,Finley Kim,,+14022419925,Austin,Cobalt Enterprise,Refund,Medium,Email,Resolved,Premium,2,1398.0,,49.8,,Escalated to the specialist queue.
TKT-01296,2026-01-26 00:00:00,Shawn Santos,shawn.santos@outlook.com,+13172335926,Berlin,Orchid Plus,Technical Issue,Low,Live Chat,Open,Free,5,577.0,4,73.56,,Follow-up required next business day.
TKT-01842,2024-10-27 00:00:00,Marley Kim,marley.kim16@outlook.com,+13258398673,Birmingham,Lumen Starter,Technical Issue,Low,Social,Pending Customer,,,1671.0,48,0,Billing | Invoice,Customer mentioned a previous unresolved ticket.
TKT-00900,2024-06-15 00:00:00,Drew Hansen,drew.hansen@company.co,+6084649979,Toronto,Orchid Plus,Delivery,Medium,Email,Pending Customer,,2,1514.0,48,34.07,Product Question,No additional context provided.
TKT-00890,2025-08-12 20:08:00,Jordan Petrov,jordan.petrov9@mailbox.org,+18785417532,London,Lumen Starter,Billing,Medium,Email,Open,Standard,5,1459.0,88,139.98,Account | Security | Urgent,Issue reproduced on a mobile device.
TKT-00324,2025-09-11 18:25:00,Avery Diaz,avery.diaz@example.com,+447670151605,Manchester,Atlas Pro,Feature Request,Medium,Web-Form,Open,,4,1472.0,,194.08,Bug | Mobile,
TKT-00319,2024-02-19 00:00:00,Blake Grant,blake.grant75@company.co,,Bristol,Vertex Analytics,Product Question,High,Live Chat,Escalated,Premium,5,,48,96.83,Delivery | Late,No additional context provided.
TKT-00726,2026-02-12 00:00:00,Taylor Grant,taylor.grant@company.co,+447001918133,London,Harbor Essentials,Subscription,Medium,Social,Open,Free,3,,48,68.88,Billing | Invoice,Customer requested an update after the first response.
TKT-02694,2025-03-01 00:00:00,Kendall Diaz,,+447480119682,,Atlas Pro,Product Question,High,Live Chat,Open,,,711.0,,71.6,Login | Password,Customer mentioned a previous unresolved ticket.
TKT-01164,2024-11-08 00:00:00,Finley Fischer,finley.fischer@example.com,+8865011424,Birmingham,Harbor Essentials,Billing,High,Live Chat,Escalated,,5,,34,,Billing | Invoice,Issue reproduced on a mobile device.
TKT-02652,2026-01-01 00:00:00,Marley Morales,marley.morales@example.com,+447661769227,London,Vertex Analytics,Technical Issue,Low,Email,Escalated,,3,761.0,,162.56,Billing | Invoice,Customer mentioned a previous unresolved ticket.
TKT-01010,2024-06-01 00:00:00,Sage Turner,,+9726272372,Bristol,Harbor Essentials,Refund,Urgent,Social,Resolved,Standard,,,55,49.56,Feature-Request,
TKT-02106,2025-03-20 00:00:00,cameron brooks,cameron.brooks66@company.co,+6358664514,Bristol,Lumen Starter,Refund,High,Web-Form,Pending Customer,Standard,,,14,169.35,,Follow-up required next business day.
TKT-01014,2024-02-23 00:00:00,Casey Sullivan,casey.sullivan@company.co,,Glasgow,Mosaic Team,Account Access,Low,Web-Form,Pending Customer,Enterprise,1,,48,41.09,,Escalated to the specialist queue.
TKT-02215,2025-11-26 00:00:00,Riley Wilson,riley.wilson@gmail.com,+3532524746,Berlin,Atlas Pro,Feature Request,High,Web-Form,Escalated,,5,1077.0,1,,Account | Security | Urgent,
TKT-02745,2024-10-25 00:00:00,Emerson Morris,emerson.morris@outlook.com,+3986048515,New York,Cobalt Enterprise,Billing,Medium,Web-Form,Resolved,,4,1033.0,,0,Login | Password,Customer requested an update after the first response.
TKT-01389,2025-06-26 00:00:00,Hayden Hansen,hayden.hansen@mailbox.org,,,Vertex Analytics,Delivery,Urgent,Email,Pending Customer,Free,1,572.0,,80.76,Feature-Request,Escalated to the specialist queue.
TKT-00838,2024-10-22 00:43:00,Jordan Sullivan,jordan.sullivan38@gmail.com,+15879939500,Amsterdam,Harbor Essentials,Refund,Low,Social,Escalated,,4,832.0,3,24.09,,Customer requested an update after the first response.
TKT-01227,2025-11-06 17:26:00,Morgan Ibrahim,morgan.ibrahim@outlook.com,+16758508466,Cape Town,Orchid Plus,Billing,Urgent,Social,Resolved,Premium,1,825.0,,81.41,Refund,Follow-up required next business day.
TKT-00035,2026-05-17 03:41:00,Hayden Parker,hayden.parker@company.co,,Cape Town,Cobalt Enterprise,Account Access,Medium,Social,Resolved,,5,373.0,,124.24,Login | Password,Issue reproduced on a mobile device.
TKT-02574,2025-05-28 17:32:00,Skyler Kim,skyler.kim@example.com,+447137321022,Manchester,Atlas Pro,Technical Issue,Medium,Phone,Closed,,3,72.0,,76.24,Refund,Follow-up required next business day.
TKT-01891,2025-04-06 16:13:00,Morgan Reed,morgan.reed@example.com,+447059992235,Cape Town,Atlas Pro,Billing,Urgent,Web-Form,Open,Free,1,,48,109.05,Delivery | Late,
TKT-01305,2024-11-15 11:53:00,Drew Petrov,drew.petrov@mailbox.org,+447098236980,Leeds,Lumen Starter,Security,High,Web-Form,Resolved,,5,,48,108.51,,Escalated to the specialist queue.
TKT-00647,2025-09-27 22:09:00,Riley Carter,riley.carter@company.co,+447623939279,Birmingham,Harbor Essentials,Refund,Urgent,Email,Pending Customer,Premium,,,88,0,,
TKT-01662,2026-06-15 00:00:00,Drew Morales,drew.morales@mailbox.org,+447534539770,London,Vertex Analytics,Delivery,Low,Phone,Open,Standard,5,1737.0,,72.51,,No additional context provided.
TKT-00244,2025-01-19 19:11:00,Alexis Reed,alexis.reed@example.com,+4875961801,Berlin,Cobalt Enterprise,Feature Request,Urgent,Email,Resolved,,5,1314.0,39,126.62,Product Question,Customer supplied screenshots.
TKT-01711,2024-10-04 04:13:00,Marley  Brooks,marley.brooks@mailbox.org,+17025375304,London,Lumen Starter,Refund,Low,Web-Form,Open,Free,5,,,139.89,Billing | Invoice,Follow-up required next business day.
TKT-00437,2025-06-17 00:00:00,Micah Patel,micah.patel@company.co,+13514199799,Toronto,Lumen Starter,Security,Low,Email,Closed,Premium,2,616.0,,168.57,,Issue reproduced on a mobile device.
TKT-02284,2024-03-11 00:00:00,Casey Bennett,casey.bennett@example.com,+17076606834,Bristol,Lumen Starter,Account Access,High,Phone,Escalated,Enterprise,3,208.0,48,25.04,Refund,Issue reproduced on a mobile device.
TKT-02362,2025-06-15 00:00:00,Blake Brooks,blake.brooks@company.co,+447974308132,Birmingham,Cobalt Enterprise,Feature Request,High,Email,Open,Free,,,,4.6,Feature-Request,Issue reproduced on a mobile device.
TKT-01156,2024-03-07 02:03:00,Blake Okafor,blake.okafor@example.com,,Birmingham,Mosaic Team,Feature Request,High,Live Chat,Closed,Free,,726.0,,134.54,Feature-Request,Customer requested an update after the first response.
TKT-00326,2024-09-27 00:00:00,Milan Reed,milan.reed@gmail.com,+4912310226,Birmingham,Nimbus Basic,Feature Request,High,Web-Form,Pending Customer,Premium,2,,,12.22,,Issue reproduced on a mobile device.
TKT-00387,2025-11-14 05:52:00,Drew Diaz,drew.diaz@company.co,,Seattle,Vertex Analytics,Account Access,Urgent,Social,Open,Premium,,1088.0,65,,Login | Password,Escalated to the specialist queue.
TKT-00902,2026-01-15 00:00:00,Taylor Patel,taylor.patel@gmail.com,,Glasgow,Vertex Analytics,Subscription,Urgent,Social,Pending Customer,Enterprise,3,,,57.37,Billing | Invoice,
TKT-00398,2024-07-18 00:00:00,Tatum Petrov,,+14674093360,Cape Town,Lumen Starter,Account Access,High,Email,Resolved,Free,3,,,153.46,Refund,
TKT-00993,2025-01-04 02:15:00,Marley Carter,marley.carter@example.com,+14043244840,Birmingham,Harbor Essentials,Feature Request,Urgent,Phone,Open,Enterprise,3,1396.0,48,65.41,,Customer supplied screenshots.
TKT-02188,2025-12-08 00:00:00,Devon Okafor,devon.okafor@example.com,,,Vertex Analytics,Technical Issue,Low,Web-Form,Resolved,Premium,3,,48,64.33,Billing | Invoice,No additional context provided.
TKT-02575,2024-02-25 00:00:00,Ellis Diaz,ellis.diaz@gmail.com,,Berlin,Atlas Pro,Product Question,Medium,Social,Open,Enterprise,3,,48,223.14,Delivery | Late,Issue reproduced on a mobile device.
TKT-00391,2024-03-26 15:21:00,Arden Singh,,+13319802753,Manchester,Orchid Plus,Delivery,Medium,Phone,Open,,1,,84,29.59,,Escalated to the specialist queue.
TKT-01976,2025-04-23 07:14:00,Riley Meyer,riley.meyer@gmail.com,,London,Lumen Starter,Billing,Urgent,Email,Pending Customer,Standard,,,,57.63,Login | Password,Issue reproduced on a mobile device.
TKT-01691,2025-08-07 15:58:00,Sage Wilson,sage.wilson@gmail.com,+4338625278,Cape Town,Nimbus Basic,Refund,Low,Phone,Escalated,,1,1056.0,,111.27,Billing | Invoice,Customer mentioned a previous unresolved ticket.
TKT-01829,2025-06-17 00:00:00,Marley Meyer,,,Leeds,Mosaic Team,Delivery,High,Social,Resolved,,4,1476.0,,73.58,Feature-Request,
TKT-02111,2024-04-07 00:00:00,Alexis Singh,alexis.singh46@outlook.com,,Berlin,Vertex Analytics,Technical Issue,High,Social,Resolved,Standard,2,,48,49.07,Refund,Escalated to the specialist queue.
TKT-02358,2024-09-18 18:02:00,Avery Carter,avery.carter60@outlook.com,+447313745765,Manchester,Nimbus Basic,Feature Request,High,Live Chat,Open,Standard,4,1626.0,48,86.89,Account | Security | Urgent,Customer supplied screenshots.
TKT-02226,2025-01-19 02:50:00,Finley Ibrahim,finley.ibrahim2@company.co,+12756712817,Birmingham,Mosaic Team,Billing,High,Phone,Escalated,Enterprise,5,,28,151.67,Login | Password,Issue reproduced on a mobile device.
TKT-02102,2024-10-14 18:25:00,avery kowalski,avery.kowalski8@mailbox.org,+17068286478,Dublin,Lumen Starter,Refund,High,Web-Form,Open,Standard,,391.0,76,29.39,Account | Security | Urgent,Customer supplied screenshots.
TKT-02393,2024-05-11 19:49:00,Sage Wilson,sage.wilson@company.co,+15303047222,Amsterdam,Atlas Pro,Billing,Low,Live Chat,Escalated,Premium,3,420.0,,0.00,,Escalated to the specialist queue.
TKT-02618,2025-01-15 04:47:00,Milan Diaz,milan.diaz57@gmail.com,+447316741754,Amsterdam,Mosaic Team,Product Question,Urgent,Email,Closed,Premium,,,,83.51,,Customer mentioned a previous unresolved ticket.
TKT-02536,2024-07-10 00:00:00,Devon Grant,devon.grant73@example.com,+16278216977,Toronto,Cobalt Enterprise,Account Access,Low,Phone,Open,Standard,2,1008.0,38,62.77,Account | Security | Urgent,Escalated to the specialist queue.
TKT-00871,2025-10-25 00:00:00,Robin Turner,robin.turner@outlook.com,,Seattle,Nimbus Basic,Delivery,Urgent,Phone,Escalated,,5,1330.0,6,69.27,Bug | Mobile,
TKT-02796,2025-06-28 00:00:00,Riley Okafor,riley.okafor17@company.co,+447166826154,Austin,Orchid Plus,Subscription,Medium,Social,Resolved,Premium,5,,7,32.34,Login | Password,Escalated to the specialist queue.
TKT-00297,2026-04-27 00:00:00,Cameron Turner,cameron.turner67@outlook.com,+447745770879,New York,Harbor Essentials,Feature Request,High,Social,Resolved,Premium,1,,35,128.48,Billing | Invoice,Issue reproduced on a mobile device.
TKT-01528,2024-06-28 14:08:00,Marley Diaz,marley.diaz@outlook.com,+17464159624,Manchester,Nimbus Basic,Billing,High,Social,Open,Premium,2,,,163.88,,Issue reproduced on a mobile device.
TKT-00673,2025-01-06 20:48:00,Hayden Patel,hayden.patel9@outlook.com,,Singapore,Atlas Pro,Refund,High,Social,Closed,Standard,,,48,60.15,Bug | Mobile,Follow-up required next business day.
TKT-00788,2026-02-15 00:00:00,milan reed,milan.reed@mailbox.org,,Dublin,Vertex Analytics,Product Question,Low,Live Chat,Resolved,,,,63,104.25,Account | Security | Urgent,Customer requested an update after the first response.
TKT-01281,2024-05-15 00:00:00,Ellis Chen,ellis.chen@outlook.com,+18546413265,,Mosaic Team,Billing,Urgent,Web-Form,Open,Standard,,,,86.34,Refund,
TKT-02104,2025-05-18 00:00:00,Skyler Bennett,skyler.bennett@mailbox.org,+16832056844,London,Orchid Plus,Account Access,Low,Email,Open,,,,11,140.9,Product Question,Customer requested an update after the first response.
TKT-00602,2026-01-12 01:34:00,Shawn Okafor,shawn.okafor@mailbox.org,+447636192392,Austin,Nimbus Basic,Account Access,Urgent,Phone,Open,Enterprise,5,1733.0,48,28.28,,Customer mentioned a previous unresolved ticket.
TKT-02419,2025-11-28 04:21:00,Milan Diaz,milan.diaz@mailbox.org,+14308617296,Berlin,Vertex Analytics,Refund,Urgent,Social,Pending Customer,Premium,4,,15,100.49,Login | Password,Customer supplied screenshots.
TKT-02495,2025-01-05 02:53:00,Drew Hughes,drew.hughes@outlook.com,+447535824344,Glasgow,Cobalt Enterprise,Delivery,Urgent,Phone,Escalated,,5,,48,9.89,Feature-Request,
TKT-02475,2025-06-29 22:54:00,Finley Reed,finley.reed@example.com,+16405009456,Melbourne,Nimbus Basic,Feature Request,Medium,Phone,Escalated,Free,4,,,95.71,Delivery | Late,Escalated to the specialist queue.
TKT-02761,2025-02-15 21:25:00,Morgan Singh,morgan.singh58@mailbox.org,+17135904565,Glasgow,Vertex Analytics,Feature Request,Urgent,Social,Resolved,,3,,12,113.62,Bug | Mobile,Issue reproduced on a mobile device.
TKT-01423,2024-01-31 00:00:00,Rowan Nguyen,rowan.nguyen@gmail.com,+2760986270,Bristol,Cobalt Enterprise,Security,Low,Social,Resolved,Enterprise,5,,45,58.93,Delivery | Late,Customer supplied screenshots.
TKT-01003,2025-12-03 00:00:00,ellis brooks,ellis.brooks@mailbox.org,+6176080843,,Orchid Plus,Security,Low,Web-Form,Open,Standard,5,,,82.28,Login | Password,Customer requested an update after the first response.
TKT-02329,2025-05-22 00:00:00,Taylor Okafor,taylor.okafor@company.co,+15259121488,Singapore,Nimbus Basic,Account Access,High,Social,Resolved,,2,,48,117.25,Account | Security | Urgent,Customer supplied screenshots.
TKT-00575,2026-06-08 02:19:00,Arden Turner,arden.turner31@gmail.com,,Austin,Harbor Essentials,Refund,Medium,Phone,Open,Free,3,,48,124.62,Billing | Invoice,Customer mentioned a previous unresolved ticket.
TKT-00568,2024-04-29 00:00:00,Arden Petrov,arden.petrov46@example.com,+447358792837,Toronto,Orchid Plus,Refund,Medium,Web-Form,Closed,,4,,,23.56,Billing | Invoice,Customer supplied screenshots.
TKT-01614,2025-08-28 00:00:00,Arden Walker,arden.walker59@mailbox.org,,Melbourne,Harbor Essentials,Subscription,Low,Live Chat,Open,Premium,,,45,74.72,Billing | Invoice,Customer supplied screenshots.
TKT-01854,2025-05-26 00:00:00,Arden Chen,arden.chen@mailbox.org,+17968941725,Singapore,Mosaic Team,Refund,Urgent,Live Chat,Open,Premium,,1015.0,,129.55,,Issue reproduced on a mobile device.
TKT-00333,2024-06-26 16:09:00,Kendall Parker,kendall.parker@company.co,+19229533898,,Cobalt Enterprise,Feature Request,Low,Live Chat,Open,,1,,,83.17,Feature-Request,Escalated to the specialist queue.
TKT-02646,2025-10-02 00:00:00,Sage Sullivan,sage.sullivan49@example.com,+16711628925,Glasgow,Vertex Analytics,Security,Medium,Live Chat,Open,Enterprise,2,471.0,92,35.84,Billing | Invoice,No additional context provided.
TKT-02233,2024-12-29 23:04:00,Shawn Meyer,shawn.meyer29@outlook.com,+447162283473,Leeds,Lumen Starter,Security,High,Email,Closed,Enterprise,4,,,0,Product Question,Customer mentioned a previous unresolved ticket.
TKT-00384,2024-04-24 00:00:00,Morgan Kowalski,morgan.kowalski@company.co,,Melbourne,Harbor Essentials,Delivery,Urgent,Social,Closed,Premium,4,1576.0,82,50.08,Billing | Invoice,
TKT-00531,2026-01-04 14:58:00,Skyler Meyer,skyler.meyer@mailbox.org,+11485165152,Birmingham,Atlas Pro,Account Access,Medium,Live Chat,Open,Enterprise,1,,,114.12,Product Question,Issue reproduced on a mobile device.
TKT-01956,2024-09-10 00:00:00,Casey Patel,casey.patel@outlook.com,+19332635631,Glasgow,Mosaic Team,Security,High,Social,Escalated,,2,,,154.59,Billing | Invoice,Escalated to the specialist queue.
TKT-00434,2025-07-28 11:12:00,Casey Larsen,casey.larsen2@mailbox.org,,Bristol,Atlas Pro,Delivery,Medium,Social,Pending Customer,Free,4,1495.0,48,118.46,Account | Security | Urgent,Issue reproduced on a mobile device.
TKT-01561,2025-04-17 18:23:00,Emerson Ahmed,,+12667595393,Austin,Cobalt Enterprise,Refund,Low,Email,Pending Customer,Premium,4,442.0,92,77.82,Product Question,Customer mentioned a previous unresolved ticket.
TKT-00118,2025-04-06 00:00:00,Alexis Singh,alexis.singh89@outlook.com,+447320358133,Leeds,Vertex Analytics,Product Question,Medium,Live Chat,Resolved,,5,,48,14.72,Billing | Invoice,Issue reproduced on a mobile device.
TKT-01791,2026-03-31 00:00:00,Rowan Wilson,rowan.wilson16@example.com,,New York,Nimbus Basic,Technical Issue,Medium,Social,Open,Premium,2,,94,0,Billing | Invoice,Customer mentioned a previous unresolved ticket.
TKT-02515,2024-04-29 00:00:00,Hayden Patel,hayden.patel66@gmail.com,+14178548409,Singapore,Atlas Pro,Subscription,High,Web-Form,Closed,Premium,1,,,72.1,Feature-Request,
TKT-01292,2025-08-17 00:00:00,Quinn Nguyen,quinn.nguyen75@example.com,,,Lumen Starter,Security,Low,Phone,Closed,Premium,3,,,,Billing | Invoice,
TKT-00438,2024-07-08 00:00:00,Marley Hughes,marley.hughes78@company.co,+447325229737,Toronto,Nimbus Basic,Security,Low,Social,Open,Free,5,,72,3.09,Product Question,
TKT-02269,2024-04-13 20:35:00,Cameron Parker,cameron.parker@outlook.com,,Dublin,Lumen Starter,Security,High,Phone,Pending Customer,Standard,5,303.0,,51.27,Refund,Customer requested an update after the first response.
TKT-01726,2026-06-02 00:00:00,Hayden Walker,hayden.walker21@example.com,+17796254589,Manchester,Cobalt Enterprise,Account Access,Low,Web-Form,Open,Premium,1,,76,138.73,,Customer requested an update after the first response.
TKT-00811,2024-06-19 12:21:00,Hayden Okafor,hayden.okafor@mailbox.org,,Birmingham,Harbor Essentials,Billing,Medium,Social,Resolved,Premium,,1116.0,65,68.72,Delivery | Late,Customer supplied screenshots.
TKT-02431,2025-01-13 00:00:00,Jamie Patel,,+17049955509,,Orchid Plus,Account Access,Medium,Live Chat,Escalated,Standard,4,,,110.05,,Follow-up required next business day.
TKT-01926,2025-07-22 00:00:00,Finley  Wilson,finley.wilson@company.co,+19254488779,Melbourne,Orchid Plus,Billing,Urgent,Phone,Open,Free,4,1056.0,48,28.43,Bug | Mobile,Follow-up required next business day.
TKT-00496,2024-06-18 20:28:00,Robin Kowalski,robin.kowalski@company.co,,New York,Vertex Analytics,Refund,High,Email,Open,,2,,,108.64,Billing | Invoice,Follow-up required next business day.
TKT-01886,2026-01-09 00:00:00,Robin Bennett,robin.bennett@mailbox.org,+17432653781,Leeds,Vertex Analytics,Billing,Medium,Web-Form,Pending Customer,,,,,94.41,,Follow-up required next business day.
TKT-01637,2025-09-23 08:28:00,Shawn Turner,shawn.turner@example.com,+447693916837,Cape Town,Harbor Essentials,Feature Request,Urgent,Social,Resolved,Enterprise,,,48,26.47,,Customer supplied screenshots.
TKT-00621,2024-02-15 18:37:00,Avery Singh,avery.singh@example.com,,Birmingham,Atlas Pro,Account Access,Medium,Email,Resolved,,1,463.0,48,35.52,Delivery | Late,Customer requested an update after the first response.
TKT-01770,2026-06-19 00:00:00,Cameron Nguyen,cameron.nguyen45@outlook.com,,Toronto,Mosaic Team,Delivery,Low,Live Chat,Closed,Enterprise,5,,,109.33,,Follow-up required next business day.
TKT-00505,2026-06-14 00:00:00,Casey Morris,casey.morris@company.co,+14796563210,,Mosaic Team,Feature Request,Low,Phone,Resolved,,2,111.0,,43.21,Feature-Request,Follow-up required next business day.
TKT-00998,2025-07-15 14:08:00,Skyler Nguyen,,+14483606346,Manchester,Lumen Starter,Delivery,Medium,Phone,Pending Customer,Premium,3,,,114.25,Billing | Invoice,Customer requested an update after the first response.
TKT-01871,2025-10-11 21:50:00,Quinn Meyer,quinn.meyer8@outlook.com,,Austin,Vertex Analytics,Account Access,Low,Live Chat,Escalated,,,,,18.19,Account | Security | Urgent,
TKT-00550,2024-03-15 00:00:00,Alexis Patel,alexis.patel73@gmail.com,,Glasgow,Nimbus Basic,Billing,Urgent,Phone,Resolved,,,301.0,48,45.78,,Follow-up required next business day.
TKT-01851,2025-12-17 00:00:00,Robin Santos,robin.santos@example.com,,Singapore,Orchid Plus,Delivery,Low,Social,Escalated,Enterprise,,239.0,,43.46,Bug | Mobile,Customer supplied screenshots.
TKT-00200,2025-04-18 00:00:00,Drew Turner,drew.turner@mailbox.org,+15763742922,Dublin,Mosaic Team,Account Access,High,Phone,Resolved,Premium,4,,,16.14,Bug | Mobile,Follow-up required next business day.
TKT-00740,2024-10-02 13:41:00,Finley Morales,finley.morales@example.com,+447580147897,Seattle,Nimbus Basic,Refund,Low,Phone,Resolved,Premium,,,64,134.79,Billing | Invoice,Customer mentioned a previous unresolved ticket.
TKT-00185,2024-10-06 00:00:00,Emerson Walker,emerson.walker@outlook.com,,Glasgow,Nimbus Basic,Delivery,High,Web-Form,Escalated,,5,,,66.71,Feature-Request,
TKT-01321,2024-03-24 00:00:00,Emerson Walker,emerson.walker21@outlook.com,+19532371453,Seattle,Nimbus Basic,Account Access,High,Web-Form,Open,Standard,,129.0,48,82.12,Account | Security | Urgent,
TKT-02455,2024-11-26 00:00:00,Micah Nguyen,micah.nguyen@company.co,,Austin,Orchid Plus,Subscription,High,Live Chat,Resolved,Standard,,682.0,38,116.51,Login | Password,
TKT-02347,2025-07-06 10:17:00,Robin Petrov,,+18636351403,Berlin,Cobalt Enterprise,Security,Low,Phone,Pending Customer,Premium,,1004.0,,52.66,,Issue reproduced on a mobile device.
TKT-01814,2025-01-12 07:37:00,Devon Brooks,devon.brooks53@gmail.com,+447601511399,Singapore,Orchid Plus,Security,High,Web-Form,Pending Customer,Enterprise,,,,128.33,Billing | Invoice,Customer supplied screenshots.
TKT-00233,2026-02-02 23:19:00,Marley Sullivan,marley.sullivan91@mailbox.org,+19424547616,New York,Harbor Essentials,Subscription,Medium,Live Chat,Resolved,,1,,,81.51,Bug | Mobile,
TKT-01521,2026-04-20 14:06:00,Arden Okafor,arden.okafor@mailbox.org,+15985289350,Dublin,Vertex Analytics,Account Access,Urgent,Social,Pending Customer,,4,,,146.16,Bug | Mobile,Customer requested an update after the first response.
TKT-01248,2024-11-09 23:41:00,Casey Reed,casey.reed48@company.co,+447649113072,New York,Mosaic Team,Billing,Medium,Live Chat,Resolved,Enterprise,1,,59,36.65,Account | Security | Urgent,
TKT-02779,2024-04-06 00:40:00,Tatum Nguyen,tatum.nguyen@mailbox.org,+447629946951,London,Nimbus Basic,Product Question,Urgent,Web-Form,Closed,,3,,,75.6,Delivery | Late,No additional context provided.
TKT-01527,2025-12-24 00:00:00,Drew Walker,drew.walker@outlook.com,,Toronto,Nimbus Basic,Billing,Urgent,Phone,Open,Standard,2,,,182.65,Login | Password,Escalated to the specialist queue.
TKT-00632,2024-10-20 19:07:00,Parker Brooks,parker.brooks@outlook.com,,Cape Town,Orchid Plus,Delivery,High,Social,Open,,1,,48,163.13,Delivery | Late,Customer mentioned a previous unresolved ticket.
TKT-01341,2026-04-10 20:18:00,Alexis Singh,alexis.singh@company.co,,Berlin,Orchid Plus,Subscription,Urgent,Web-Form,Open,,5,,48,87.83,Feature-Request,Customer requested an update after the first response.
TKT-00472,2025-06-12 00:00:00,Quinn Reed,quinn.reed83@example.com,+11307796904,Berlin,Lumen Starter,Account Access,High,Phone,Open,Standard,,,55,0,Account | Security | Urgent,Customer supplied screenshots.
TKT-02425,2025-02-23 15:35:00,Cameron Brooks,cameron.brooks@example.com,+447634142570,Manchester,Lumen Starter,Feature Request,Urgent,Live Chat,Pending Customer,,5,1531.0,,0,Account | Security | Urgent,Escalated to the specialist queue.
TKT-00977,2024-03-16 00:00:00,Robin Okafor,robin.okafor39@mailbox.org,+11329773305,Glasgow,Lumen Starter,Delivery,Urgent,Social,Open,Enterprise,,558.0,,54.12,Feature-Request,
TKT-01626,2025-08-12 04:37:00,Parker Singh,parker.singh2@example.com,+16913236245,,Cobalt Enterprise,Billing,Low,Web-Form,Open,,4,1045.0,48,138.4,Bug | Mobile,
TKT-01104,2026-03-05 01:22:00,Finley Novak,finley.novak@company.co,+9651004065,Singapore,Cobalt Enterprise,Product Question,Urgent,Email,Pending Customer,,,,,71.32,Billing | Invoice,
TKT-02055,2025-03-30 00:00:00,Kendall Singh,,+447475938074,London,Cobalt Enterprise,Security,High,Phone,Closed,,4,50.0,14,4.98,,Customer mentioned a previous unresolved ticket.
TKT-00476,2024-12-28 00:00:00,Finley Santos,finley.santos@company.co,,Cape Town,Harbor Essentials,Product Question,Low,Phone,Pending Customer,Enterprise,5,335.0,,65.3,Product Question,
TKT-01593,2024-05-31 00:00:00,Blake Larsen,blake.larsen@company.co,,New York,Nimbus Basic,Technical Issue,Medium,Phone,Pending Customer,Enterprise,4,,,103.01,Delivery | Late,Escalated to the specialist queue.
TKT-00662,2024-05-24 00:00:00,Riley Kim,,+447233898118,Birmingham,Cobalt Enterprise,Product Question,Medium,Phone,Open,Free,,,,,Billing | Invoice,
TKT-02498,2026-02-25 02:39:00,Rowan Wilson,rowan.wilson@mailbox.org,+447587561485,Berlin,Vertex Analytics,Security,High,Live Chat,Open,Premium,5,668.0,45,63.61,Billing | Invoice,
TKT-02561,2024-07-26 00:00:00,Tatum Santos,tatum.santos@mailbox.org,+14165863522,Amsterdam,Mosaic Team,Billing,High,Phone,Resolved,Standard,1,225.0,,23.24,Billing | Invoice,Issue reproduced on a mobile device.
TKT-00399,2024-02-23 11:08:00,Sage Reed,,,Amsterdam,Nimbus Basic,Refund,Medium,Email,Open,Enterprise,,82.0,,72.7,Delivery | Late,Customer supplied screenshots.
TKT-01909,2024-05-29 09:45:00,Ellis Reed,ellis.reed@mailbox.org,+17134535013,Berlin,Nimbus Basic,Subscription,Urgent,Email,Open,,4,280.0,48,13.33,Feature-Request,
TKT-02026,2025-06-08 00:00:00,Kendall Parker,kendall.parker50@company.co,,Melbourne,Lumen Starter,Feature Request,Low,Live Chat,Resolved,Premium,4,716.0,,89.11,Billing | Invoice,No additional context provided.
TKT-02052,2024-06-28 21:50:00,Casey Larsen,casey.larsen@gmail.com,+13238555193,New York,Atlas Pro,Security,Medium,Phone,Closed,Premium,5,1434.0,81,31.31,Feature-Request,Customer supplied screenshots.
TKT-02427,2024-07-04 20:54:00,Ellis Grant,ellis.grant94@mailbox.org,+19743293655,Melbourne,Orchid Plus,Product Question,Urgent,Live Chat,Open,,,,36,110.46,,Issue reproduced on a mobile device.
TKT-00470,2025-08-07 00:00:00,Reese Morris,reese.morris59@gmail.com,+18984744853,Toronto,Cobalt Enterprise,Feature Request,Medium,Live Chat,Closed,Premium,3,,,47.33,Product Question,No additional context provided.
TKT-01618,2025-03-22 20:42:00,Jamie Hughes,jamie.hughes62@example.com,,London,Vertex Analytics,Feature Request,Medium,Live Chat,Resolved,Standard,4,,48,37.65,Feature-Request,Customer requested an update after the first response.
TKT-02189,2025-08-31 00:00:00,Parker Morales,parker.morales70@example.com,+8678643532,Berlin,Mosaic Team,Subscription,Medium,Live Chat,Open,,4,,,55.39,Refund,Customer supplied screenshots.
TKT-02335,2024-01-30 12:33:00,Finley Grant,finley.grant@gmail.com,,Leeds,Nimbus Basic,Technical Issue,Urgent,Live Chat,Resolved,Free,4,,,127.97,Account | Security | Urgent,No additional context provided.
TKT-01812,2025-03-15 00:00:00,Kendall Singh,kendall.singh@mailbox.org,,Dublin,Harbor Essentials,Refund,Urgent,Web-Form,Resolved,Premium,,85.0,,87.07,Login | Password,Customer supplied screenshots.
TKT-01068,2024-09-13 00:00:00,Jamie Bennett,jamie.bennett@outlook.com,+5435216784,Toronto,Mosaic Team,Subscription,Low,Web-Form,Pending Customer,Premium,,,58,142.85,Delivery | Late,Customer mentioned a previous unresolved ticket.
TKT-01345,2024-10-29 00:00:00,Tatum Nguyen,tatum.nguyen74@company.co,+18152841693,Amsterdam,Orchid Plus,Technical Issue,Urgent,Phone,Closed,Premium,,,48,131.23,,
TKT-01304,2025-09-22 00:00:00,Arden Novak,arden.novak@mailbox.org,,Glasgow,Cobalt Enterprise,Technical Issue,High,Phone,Resolved,Premium,4,,,37.43,Refund,
TKT-00151,2024-07-02 15:29:00,Milan Grant,milan.grant@mailbox.org,,Glasgow,Atlas Pro,Security,Low,Social,Pending Customer,Premium,,,53,92.78,Product Question,Customer supplied screenshots.
TKT-00161,2025-11-07 02:05:00,Morgan Fischer,morgan.fischer75@mailbox.org,,New York,Atlas Pro,Billing,Medium,Live Chat,Closed,,5,,95,25.39,Delivery | Late,No additional context provided.
TKT-01241,2025-05-10 06:01:00,Cameron Bennett,cameron.bennett@example.com,+447458464431,Seattle,Nimbus Basic,Billing,Medium,Email,Pending Customer,,,,40,58.15,Feature-Request,
TKT-01680,2024-03-08 00:00:00,Finley Hansen,finley.hansen@example.com,,Birmingham,Harbor Essentials,Subscription,High,Web-Form,Open,Free,1,,20,55.26,,
TKT-01488,2026-01-30 00:00:00,Alexis Okafor,alexis.okafor@outlook.com,+15828712399,London,Mosaic Team,Delivery,High,Live Chat,Open,,2,,32,0,Billing | Invoice,Customer mentioned a previous unresolved ticket.
TKT-01204,2024-04-08 00:00:00,Marley Larsen,marley.larsen@company.co,+15078354947,Leeds,Mosaic Team,Refund,High,Web-Form,Open,,5,,85,108.88,,Issue reproduced on a mobile device.
TKT-00194,2026-05-14 00:00:00,Taylor Morris,taylor.morris@outlook.com,+447516943187,Cape Town,Lumen Starter,Feature Request,High,Social,Resolved,Premium,5,,,10.48,Account | Security | Urgent,Customer supplied screenshots.
TKT-00062,2025-08-28 05:58:00,Jamie Singh,jamie.singh@gmail.com,,Berlin,Vertex Analytics,Refund,Medium,Phone,Resolved,Free,4,1758.0,77,68.79,Account | Security | Urgent,
TKT-00865,2025-09-02 00:00:00,Milan Hansen,milan.hansen84@gmail.com,+447163281756,New York,Orchid Plus,Billing,High,Web-Form,Pending Customer,Standard,,,18,45.3,Feature-Request,
TKT-01933,2025-06-18 17:08:00,Arden Diaz,arden.diaz@company.co,,Austin,Orchid Plus,Account Access,High,Social,Escalated,Free,4,,,53.41,Delivery | Late,Issue reproduced on a mobile device.
TKT-01865,2026-02-17 14:31:00,Ellis Carter,ellis.carter4@company.co,,Dublin,Atlas Pro,Refund,Urgent,Live Chat,Escalated,Premium,1,1056.0,,150.74,Account | Security | Urgent,No additional context provided.
TKT-01490,2024-11-24 00:00:00,Marley Carter,marley.carter25@company.co,,Glasgow,Harbor Essentials,Billing,Medium,Social,Pending Customer,Premium,2,,,148.44,,Escalated to the specialist queue.
TKT-01827,2025-01-31 18:27:00,Milan Larsen,milan.larsen@mailbox.org,+4965912420,Glasgow,Mosaic Team,Delivery,Urgent,Social,Resolved,,4,,48,19.03,,
TKT-01913,2026-01-17 00:00:00,Kendall Sullivan,kendall.sullivan@example.com,+447135133629,New York,Mosaic Team,Delivery,Urgent,Email,Open,Premium,4,,,,,Customer requested an update after the first response.
TKT-02423,2024-10-29 20:09:00,Jamie Hansen,jamie.hansen@mailbox.org,,Melbourne,Mosaic Team,Delivery,High,Phone,Escalated,Standard,4,,36,66.38,Account | Security | Urgent,Escalated to the specialist queue.
TKT-01729,2025-01-27 10:29:00,robin carter,,,,Mosaic Team,Product Question,High,Email,Pending Customer,Free,,,28,99.2,Delivery | Late,
TKT-00971,2024-01-13 16:00:00,Sage Grant,sage.grant@outlook.com,+17948773623,Birmingham,Lumen Starter,Billing,Medium,Phone,Resolved,Free,4,1051.0,71,86.05,Bug | Mobile,Customer mentioned a previous unresolved ticket.
TKT-00990,2024-08-31 00:00:00,Shawn Hansen,shawn.hansen@mailbox.org,+17146771647,Bristol,Nimbus Basic,Account Access,Urgent,Email,Open,Standard,2,,,80.48,Billing | Invoice,
TKT-00135,2024-03-11 00:00:00,Riley Okafor,riley.okafor@example.com,+6912970357,Manchester,Cobalt Enterprise,Technical Issue,High,Email,Closed,,,18.0,9,28.43,Refund,
TKT-02264,2024-06-18 00:20:00,Ellis Reed,ellis.reed3@mailbox.org,,London,Vertex Analytics,Refund,Medium,Web-Form,Pending Customer,Premium,,,48,20.09,Bug | Mobile,Customer mentioned a previous unresolved ticket.
TKT-00910,2025-09-08 00:00:00,Blake Petrov,blake.petrov@outlook.com,+447226732532,Birmingham,Atlas Pro,Account Access,Medium,Email,Open,Enterprise,2,1422.0,23,197.98,Product Question,Customer mentioned a previous unresolved ticket.
TKT-00996,2024-11-17 00:00:00,Shawn Brooks,shawn.brooks@example.com,+3634952605,Berlin,Orchid Plus,Account Access,Medium,Email,Resolved,Enterprise,5,691.0,48,63.54,Login | Password,
TKT-01240,2025-06-19 02:28:00,Shawn Ahmed,shawn.ahmed@outlook.com,+447488896120,London,Lumen Starter,Subscription,Urgent,Social,Resolved,,4,1774.0,54,168.56,Feature-Request,
TKT-00402,2025-09-09 22:14:00,Robin Petrov,robin.petrov@gmail.com,,Melbourne,Cobalt Enterprise,Subscription,High,Social,Pending Customer,Enterprise,4,,21,46.03,Delivery | Late,Escalated to the specialist queue.
TKT-00420,2025-03-22 15:12:00,Arden Kowalski,arden.kowalski@example.com,+447172329781,Berlin,Harbor Essentials,Account Access,Low,Phone,Open,Premium,4,100.0,,82.71,Login | Password,No additional context provided.
TKT-02350,2025-09-16 00:00:00,Rowan Meyer,rowan.meyer71@company.co,+6834263740,,Cobalt Enterprise,Subscription,Medium,Live Chat,Pending Customer,,1,387.0,,57.44,Bug | Mobile,Follow-up required next business day.
TKT-02607,2024-07-20 03:20:00,Hayden Parker,hayden.parker87@example.com,+63966812,New York,Nimbus Basic,Feature Request,Urgent,Phone,Closed,,5,,,45.74,Account | Security | Urgent,Customer mentioned a previous unresolved ticket.
TKT-00019,2024-01-30 00:00:00,Marley Ibrahim,marley.ibrahim@mailbox.org,+11873477658,Berlin,Cobalt Enterprise,Security,Medium,Email,Pending Customer,Premium,4,,43,29.06,Bug | Mobile,No additional context provided.
TKT-00219,2025-12-23 19:46:00,Finley Nguyen,finley.nguyen@company.co,+12235488160,Austin,Orchid Plus,Billing,Low,Social,Open,Free,2,,48,52.31,,Customer supplied screenshots.
TKT-01196,2026-01-06 11:02:00,Blake Okafor,blake.okafor@outlook.com,,Amsterdam,Harbor Essentials,Billing,Medium,Email,Open,,2,,,,Billing | Invoice,
TKT-00400,2024-12-17 00:00:00,Skyler Santos,skyler.santos8@company.co,,Melbourne,Atlas Pro,Feature Request,Low,Phone,Resolved,,4,982.0,,147.08,Delivery | Late,
TKT-01927,2024-05-12 21:46:00,Tatum Carter,tatum.carter@gmail.com,+15525451266,Berlin,Nimbus Basic,Security,Medium,Email,Resolved,Standard,1,,48,0,Billing | Invoice,No additional context provided.
TKT-01525,2025-03-24 00:00:00,Ellis Morales,ellis.morales@mailbox.org,+5354162264,New York,Lumen Starter,Technical Issue,Urgent,Phone,Resolved,Standard,4,,,58.53,Account | Security | Urgent,Issue reproduced on a mobile device.
TICKET-02443,2024-12-23 13:23:00,Reese Ibrahim,reese.ibrahim@mailbox.org,+447998590969,Melbourne,Atlas Pro,Feature Request,High,Web-Form,Pending Customer,,,,,7.93,Billing | Invoice,Customer requested an update after the first response.
TKT-00577,2024-07-18 00:00:00,Blake Fischer,blake.fischer@gmail.com,,Cape Town,Lumen Starter,Security,Medium,Web-Form,Resolved,,3,,48,91.96,Feature-Request,Issue reproduced on a mobile device.
TKT-00220,2024-11-23 04:51:00,Emerson Grant,emerson.grant@outlook.com,+14459704874,Leeds,Lumen Starter,Security,Urgent,Live Chat,Escalated,,,,,,Account | Security | Urgent,Issue reproduced on a mobile device.
TKT-00075,2025-01-02 00:00:00,Skyler Hughes,skyler.hughes50@mailbox.org,,Manchester,Harbor Essentials,Feature Request,Urgent,Live Chat,Open,,4,593.0,,0,Billing | Invoice,No additional context provided.
TKT-00064,2024-04-10 00:00:00,Micah Ahmed,micah.ahmed@outlook.com,+447267680189,Seattle,Orchid Plus,Account Access,Urgent,Phone,Resolved,Premium,4,1168.0,48,13.21,Billing | Invoice,
TKT-02117,2025-03-31 08:06:00,taylor ibrahim,taylor.ibrahim@outlook.com,,Seattle,Mosaic Team,Feature Request,High,Live Chat,Escalated,Premium,4,,48,66.43,,
TKT-02396,2024-03-05 09:34:00,Cameron Patel,cameron.patel@gmail.com,+447619692580,New York,Lumen Starter,Delivery,High,Web-Form,Resolved,Enterprise,4,1278.0,25,0.00,Feature-Request,No additional context provided.
TKT-01185,2024-08-28 19:47:00,Riley Walker,riley.walker72@outlook.com,+17899248820,Cape Town,Nimbus Basic,Security,High,Web-Form,Pending Customer,Premium,,,48,24.57,Feature-Request,Issue reproduced on a mobile device.
TKT-02600,2026-03-30 00:00:00,Ellis Ibrahim,ellis.ibrahim11@company.co,,Bristol,Cobalt Enterprise,Refund,Urgent,Web-Form,Closed,,5,1206.0,48,51.95,Delivery | Late,Issue reproduced on a mobile device.
TKT-00721,2024-09-24 21:13:00,Hayden Novak,hayden.novak@example.com,,Birmingham,Cobalt Enterprise,Security,High,Web-Form,Resolved,Free,1,1109.0,21,95.93,Login | Password,No additional context provided.
TKT-01097,2024-02-23 00:00:00,Drew Okafor,drew.okafor61@outlook.com,+9211326844,London,Harbor Essentials,Account Access,Urgent,Live Chat,Open,,,,,83.32,Refund,Customer mentioned a previous unresolved ticket.
TKT-02007,2025-01-02 00:00:00,Taylor Walker,taylor.walker@gmail.com,,Seattle,Atlas Pro,Delivery,Medium,Live Chat,Open,Premium,5,,60,79.07,,
TKT-00588,2024-01-09 00:00:00,Avery Chen,avery.chen@example.com,+12233909928,London,Lumen Starter,Product Question,Medium,Email,Resolved,,2,1737.0,,32.26,Billing | Invoice,Escalated to the specialist queue.
TKT-01234,2025-04-09 12:55:00,Devon Okafor,devon.okafor@gmail.com,+17027588808,Toronto,Mosaic Team,Account Access,Medium,Social,Pending Customer,,2,,48,220.88,Delivery | Late,Follow-up required next business day.
TKT-01417,2024-12-24 00:00:00,Casey Nguyen,casey.nguyen22@company.co,+16104734408,Toronto,Harbor Essentials,Security,High,Social,Resolved,,4,,,82.14,Refund,
TKT-02435,2026-01-15 00:00:00,Rowan Morris,rowan.morris@mailbox.org,,Berlin,Orchid Plus,Product Question,Urgent,Web-Form,Escalated,,,,46,91.39,Feature-Request,Customer requested an update after the first response.
TKT-00600,2024-09-25 23:30:00,Reese Grant,reese.grant@mailbox.org,+16215193617,Austin,Cobalt Enterprise,Billing,Low,Live Chat,Open,Free,2,1148.0,48,99.75,,Issue reproduced on a mobile device.
TKT-02173,2024-03-26 13:31:00,Taylor Ibrahim,taylor.ibrahim9@example.com,+12359481214,Melbourne,Vertex Analytics,Subscription,Low,Live Chat,Closed,Enterprise,5,,42,61.41,,Customer requested an update after the first response.
TKT-01578,2026-03-31 05:24:00,jamie bennett,jamie.bennett7@outlook.com,+447674355721,London,Mosaic Team,Account Access,Urgent,Web-Form,Open,Premium,4,741.0,,143.06,Billing | Invoice,Customer supplied screenshots.
TKT-01672,2024-10-15 00:00:00,Rowan Carter,rowan.carter78@outlook.com,+13768294436,Seattle,Lumen Starter,Feature Request,Urgent,Email,Resolved,Premium,4,,48,58.82,,Customer supplied screenshots.
TKT-00091,2025-07-29 00:00:00,Shawn Hansen,shawn.hansen@company.co,,Glasgow,Nimbus Basic,Refund,Urgent,Email,Closed,Standard,,,21,84.34,Billing | Invoice,Follow-up required next business day.
TKT-01493,2026-02-21 00:00:00,Casey Sullivan,casey.sullivan@mailbox.org,,London,Vertex Analytics,Product Question,High,Web-Form,Escalated,,4,1617.0,,47.97,Delivery | Late,Follow-up required next business day.
TKT-00152,2025-10-03 06:10:00,Taylor Grant,taylor.grant@mailbox.org,+17027758794,Seattle,Atlas Pro,Account Access,Low,Social,Closed,Premium,2,1233.0,48,98.05,Bug | Mobile,Customer requested an update after the first response.
TKT-02342,2024-05-30 00:00:00,Finley Meyer,finley.meyer@example.com,+19023509675,London,Mosaic Team,Security,Low,Live Chat,Pending Customer,Standard,5,,48,102.15,,Customer supplied screenshots.
TKT-01804,2025-06-10 00:00:00,skyler santos,skyler.santos@example.com,,London,Harbor Essentials,Billing,High,Social,Closed,Free,4,,48,0,,No additional context provided.
TKT-00231,2025-10-22 00:00:00,Hayden Reed,hayden.reed@company.co,+447274709418,Leeds,Nimbus Basic,Product Question,Urgent,Web-Form,Resolved,Standard,4,1769.0,48,38.83,Delivery | Late,Escalated to the specialist queue.
TKT-01223,2026-01-04 18:45:00,Sage Diaz,sage.diaz@gmail.com,+447060372975,Amsterdam,Orchid Plus,Subscription,Urgent,Social,Closed,,,1608.0,73,113.86,Refund,Follow-up required next business day.
TKT-01714,2026-05-21 00:00:00,Sage Walker,sage.walker@outlook.com,,New York,Lumen Starter,Product Question,Low,Live Chat,Resolved,Standard,,1055.0,37,125.61,Account | Security | Urgent,
TKT-01083,2024-05-19 00:00:00,Sage Larsen,sage.larsen@company.co,+447276135123,London,Orchid Plus,Security,Medium,Email,Pending Customer,Free,1,430.0,,61.31,Billing | Invoice,Customer supplied screenshots.
TKT-02262,2024-06-29 13:50:00,Jordan Chen,jordan.chen94@outlook.com,,Amsterdam,Cobalt Enterprise,Billing,Low,Web-Form,Pending Customer,Enterprise,1,,14,101.24,Billing | Invoice,Escalated to the specialist queue.
TKT-02716,2025-11-18 00:00:00,Finley Petrov,finley.petrov43@company.co,,Melbourne,Mosaic Team,Product Question,Urgent,Live Chat,Open,Standard,2,,48,0,Account | Security | Urgent,No additional context provided.
TKT-01444,2024-04-20 00:00:00,Skyler Morales,skyler.morales@company.co,,Berlin,Mosaic Team,Subscription,Low,Web-Form,Pending Customer,Enterprise,2,189.0,80,7.67,,Customer requested an update after the first response.
TKT-00672,2024-01-20 11:29:00,Milan Ahmed,milan.ahmed@company.co,,Cape Town,Harbor Essentials,Subscription,Low,Web-Form,Open,Enterprise,3,,59,0,Delivery | Late,Customer requested an update after the first response.
TKT-00046,2025-03-16 20:33:00,Ellis Morales,ellis.morales@company.co,,Cape Town,Atlas Pro,Account Access,Medium,Web-Form,Resolved,Premium,5,1311.0,,39.41,Billing | Invoice,Customer supplied screenshots.
TKT-00199,2025-10-05 00:00:00,Reese Morris,reese.morris@example.com,+19114278397,,Vertex Analytics,Billing,Low,Web-Form,Escalated,Free,3,,48,82.2,Delivery | Late,Customer mentioned a previous unresolved ticket.
TKT-02789,2025-12-26 00:00:00,Alexis  Turner,,,Singapore,Mosaic Team,Account Access,Low,Email,Escalated,Free,1,530.0,48,53.91,,
TKT-00004,2024-06-12 23:13:00,Emerson Chen,emerson.chen@example.com,+17662112876,Glasgow,Atlas Pro,Refund,Urgent,Email,Open,Premium,3,,,162.77,Billing | Invoice,No additional context provided.
TKT-00586,2024-10-04 15:28:00,Taylor Petrov,,,Austin,Harbor Essentials,Account Access,Urgent,Live Chat,Pending Customer,Premium,,,,92.65,Feature-Request,Issue reproduced on a mobile device.
TKT-02336,2025-12-20 16:26:00,Reese Walker,reese.walker5@mailbox.org,+12184649196,Berlin,Lumen Starter,Refund,High,Web-Form,Open,Standard,2,,,110.64,Product Question,
TKT-00931,2024-05-25 20:10:00,Tatum Parker,tatum.parker@company.co,,Manchester,Vertex Analytics,Product Question,Urgent,Social,Closed,Premium,4,,,48.46,,Customer requested an update after the first response.
TKT-01365,2025-06-03 03:59:00,Avery Singh,avery.singh@gmail.com,+447386960551,London,Orchid Plus,Billing,Urgent,Web-Form,Pending Customer,Standard,3,1550.0,,144.81,Bug | Mobile,Escalated to the specialist queue.
TKT-02227,2024-01-02 00:00:00,Kendall Chen,kendall.chen@gmail.com,,Melbourne,Atlas Pro,Billing,High,Social,Pending Customer,Premium,3,,,157.08,Billing | Invoice,
TKT-01380,2026-01-12 00:00:00,Parker Walker,parker.walker27@mailbox.org,+15824146036,Cape Town,Orchid Plus,Delivery,Low,Web-Form,Pending Customer,Free,1,1000.0,48,179.43,Billing | Invoice,Escalated to the specialist queue.
TKT-00257,2024-05-26 00:00:00,Quinn Nguyen,quinn.nguyen82@outlook.com,+18637233687,Amsterdam,Lumen Starter,Billing,Medium,Live Chat,Escalated,Enterprise,4,160.0,,148.68,Feature-Request,Escalated to the specialist queue.
TKT-01429,2026-02-13 00:00:00,Parker Grant,parker.grant6@outlook.com,,Toronto,Harbor Essentials,Account Access,Low,Social,Pending Customer,Premium,,,48,66.83,Product Question,No additional context provided.
TKT-00774,2026-01-05 00:00:00,Devon Kim,devon.kim1@mailbox.org,+447284978891,Amsterdam,Vertex Analytics,Feature Request,Medium,Social,Pending Customer,,2,,7,132.49,Refund,
TKT-00657,2025-09-30 18:12:00,Emerson Carter,emerson.carter@mailbox.org,+8189260379,Melbourne,Cobalt Enterprise,Refund,Urgent,Social,Closed,,,,,79.77,Login | Password,
TKT-00130,2025-03-05 00:00:00,Micah Meyer,micah.meyer@outlook.com,+447738383062,Toronto,Lumen Starter,Feature Request,Low,Live Chat,Open,,3,970.0,,51.31,Billing | Invoice,
TKT-01753,2024-07-05 00:00:00,Blake Ibrahim,blake.ibrahim@outlook.com,+18792054010,London,Cobalt Enterprise,Feature Request,Medium,Social,Pending Customer,,,,7,43.03,Login | Password,Customer supplied screenshots.
TKT-00689,2026-01-30 00:00:00,Avery Santos,avery.santos@example.com,+353814159,,Orchid Plus,Billing,Medium,Live Chat,Open,Standard,2,1616.0,,118.1,Billing | Invoice,No additional context provided.
TKT-00494,2024-02-22 17:35:00,Finley Ahmed,finley.ahmed@company.co,+18818751449,New York,Lumen Starter,Feature Request,Low,Live Chat,Open,Premium,,,,31.63,Billing | Invoice,
TKT-00485,2026-06-06 23:26:00,Arden Turner,arden.turner@gmail.com,+19899632462,Dublin,Mosaic Team,Security,Medium,Web-Form,Resolved,,1,,,37.4,Product Question,Follow-up required next business day.
TKT-00901,2026-04-13 18:29:00,Quinn Walker,quinn.walker@mailbox.org,+13131493269,Birmingham,Harbor Essentials,Billing,Low,Live Chat,Resolved,Enterprise,4,,,99.28,Account | Security | Urgent,
TKT-02238,2025-08-07 00:00:00,Rowan Turner,rowan.turner@mailbox.org,+12304532852,Berlin,Vertex Analytics,Technical Issue,High,Live Chat,Pending Customer,Free,4,,81,26.53,Billing | Invoice,
TKT-00347,2025-10-30 14:16:00,Emerson Kowalski,emerson.kowalski@mailbox.org,+12828137697,Dublin,Cobalt Enterprise,Account Access,Low,Live Chat,Resolved,Standard,1,,,0,Feature-Request,Follow-up required next business day.
TKT-02451,2025-08-02 23:35:00,Micah Ibrahim,micah.ibrahim@company.co,+447412318139,Seattle,Harbor Essentials,Technical Issue,Medium,Social,Open,Premium,5,,49,28.61,Bug | Mobile,Customer supplied screenshots.
TKT-00146,2026-03-19 23:46:00,Alexis Sullivan,alexis.sullivan60@example.com,+447885213132,Berlin,Lumen Starter,Refund,Urgent,Live Chat,Pending Customer,Free,,,47,122.0,,
TKT-01349,2024-04-17 00:00:00,Reese Sullivan,reese.sullivan22@example.com,,Birmingham,Atlas Pro,Account Access,Urgent,Web-Form,Closed,Premium,,,,3.82,,No additional context provided.
TKT-01255,2024-01-12 00:00:00,Tatum Larsen,tatum.larsen@outlook.com,,Toronto,Orchid Plus,Billing,Medium,Web-Form,Open,,1,,48,146.52,Billing | Invoice,No additional context provided.
TKT-02229,2024-08-19 00:00:00,Drew Carter,drew.carter@example.com,,Amsterdam,Lumen Starter,Feature Request,Medium,Social,Open,Standard,4,,,0,,Escalated to the specialist queue.
TKT-01089,2025-03-12 00:00:00,Milan Turner,milan.turner@gmail.com,,Toronto,Mosaic Team,Subscription,Urgent,Live Chat,Escalated,Free,4,,,64.75,Feature-Request,
TKT-01120,2024-05-12 04:34:00,Drew Hughes,drew.hughes@outlook.com,,Melbourne,Harbor Essentials,Feature Request,Low,Phone,Resolved,,3,,,136.79,,Follow-up required next business day.
TKT-01664,2024-07-22 13:45:00,Rowan Kowalski,rowan.kowalski36@company.co,+15849485983,Austin,Lumen Starter,Account Access,Urgent,Live Chat,Open,Free,5,,,45.57,,
TKT-01544,2024-10-04 00:00:00,Rowan Parker,rowan.parker@company.co,+17186201577,Toronto,Cobalt Enterprise,Technical Issue,High,Social,Pending Customer,Enterprise,,,48,53.86,,
TKT-00461,2025-06-18 10:05:00,Riley Larsen,riley.larsen@outlook.com,+447021909814,London,Harbor Essentials,Account Access,High,Live Chat,Pending Customer,,2,1720.0,,187.06,Product Question,
TKT-00864,2025-12-03 00:00:00,Riley Carter,riley.carter@company.co,+16689911608,Birmingham,Vertex Analytics,Delivery,Urgent,Social,Open,,1,1198.0,24,177.77,Delivery | Late,Issue reproduced on a mobile device.
TKT-01789,2025-09-27 00:00:00,Ellis Carter,ellis.carter@outlook.com,,New York,Atlas Pro,Subscription,Medium,Email,Resolved,Free,,725.0,60,96.55,Account | Security | Urgent,Follow-up required next business day.
TKT-02604,2025-02-27 00:00:00,Morgan Singh,morgan.singh@example.com,,Berlin,Lumen Starter,Technical Issue,Medium,Social,Resolved,Free,2,526.0,,,Product Question,Escalated to the specialist queue.
TKT-01302,2026-01-12 00:00:00,Robin Walker,robin.walker@mailbox.org,+869041765,,Mosaic Team,Technical Issue,Medium,Email,Resolved,,2,,,133.56,Refund,
TKT-02489,2025-10-22 00:00:00,Emerson Morales,emerson.morales62@mailbox.org,,Seattle,Orchid Plus,Refund,Low,Social,Resolved,,3,,25,80.4,Login | Password,Customer mentioned a previous unresolved ticket.
TKT-01411,2025-10-02 06:38:00,Quinn Okafor,quinn.okafor97@mailbox.org,+447736957535,London,Atlas Pro,Account Access,Urgent,Web-Form,Escalated,Enterprise,4,,,152.05,,
TKT-00628,2025-10-23 00:00:00,Morgan Parker,morgan.parker@mailbox.org,,Birmingham,Harbor Essentials,Product Question,Low,Email,Escalated,Premium,4,,48,72.08,Product Question,Escalated to the specialist queue.
TKT-00352,2025-07-20 00:00:00,Marley Diaz,marley.diaz@company.co,,New York,Atlas Pro,Refund,Medium,Web-Form,Pending Customer,Free,4,1503.0,,160.14,Bug | Mobile,Follow-up required next business day.
TKT-02464,2025-07-29 00:00:00,Jamie Fischer,jamie.fischer@company.co,+11412902097,,Nimbus Basic,Billing,High,Phone,Resolved,Premium,,,,10.93,Bug | Mobile,Customer mentioned a previous unresolved ticket.
TKT-01202,2024-02-08 00:00:00,Tatum Reed,tatum.reed@gmail.com,+447901106256,Birmingham,Orchid Plus,Account Access,Urgent,Social,Open,Premium,5,,,55.38,Login | Password,Customer mentioned a previous unresolved ticket.
TKT-01308,2024-08-15 19:23:00,Jamie Singh,jamie.singh@example.com,+17902013206,Toronto,Lumen Starter,Subscription,Low,Email,Resolved,,3,908.0,,78.5,Bug | Mobile,Customer requested an update after the first response.
TKT-01819,2025-06-09 14:18:00,Skyler Carter,skyler.carter56@company.co,,Toronto,Vertex Analytics,Security,High,Email,Open,Premium,4,,,67.39,Billing | Invoice,Follow-up required next business day.
TKT-02046,2024-11-17 00:00:00,Marley Reed,marley.reed8@example.com,,New York,Orchid Plus,Subscription,Medium,Phone,Pending Customer,,5,838.0,,140.66,Product Question,
TKT-02040,2026-05-25 02:27:00,Robin Singh,robin.singh@company.co,+6115332392,Toronto,Atlas Pro,Security,Low,Email,Resolved,Premium,2,,12,0,Billing | Invoice,Escalated to the specialist queue.
TKT-00460,2024-08-31 00:00:00,Marley Singh,marley.singh95@company.co,,Glasgow,Mosaic Team,Security,High,Social,Pending Customer,Free,,,48,13.12,Login | Password,
TKT-00608,2025-06-26 05:39:00,Devon Patel,devon.patel@example.com,+18781574714,,Mosaic Team,Product Question,Urgent,Phone,Open,Premium,4,218.0,53,10.54,Delivery | Late,Customer supplied screenshots.
TKT-01548,2025-02-28 15:48:00,Jordan Patel,jordan.patel48@outlook.com,+18047736919,Birmingham,Atlas Pro,Billing,High,Live Chat,Closed,Premium,4,,,95.60,Delivery | Late,
TKT-00311,2026-01-29 18:52:00,Quinn Patel,quinn.patel@outlook.com,+546278860,Singapore,Atlas Pro,Product Question,Low,Web-Form,Resolved,Free,2,,37,67.03,Login | Password,Follow-up required next business day.
TKT-01546,2026-01-08 00:00:00,Avery Fischer,avery.fischer68@example.com,,Toronto,Mosaic Team,Account Access,High,Live Chat,Open,Standard,4,,,104.78,Login | Password,Escalated to the specialist queue.
TKT-01649,2025-04-27 00:00:00,Riley Nguyen,riley.nguyen8@example.com,+447724554511,Leeds,Vertex Analytics,Security,Low,Phone,Resolved,,1,,48,144.31,Login | Password,Escalated to the specialist queue.
TKT-00934,2026-06-05 06:10:00,Tatum Singh,tatum.singh@company.co,+18805503189,Manchester,Mosaic Team,Security,High,Email,Closed,Premium,4,423.0,48,0,Product Question,Customer mentioned a previous unresolved ticket.
TKT-02729,2025-11-12 12:25:00,Casey Turner,casey.turner@gmail.com,+447965561493,Manchester,Harbor Essentials,Delivery,Urgent,Live Chat,Closed,Free,4,,,38.16,,
TKT-01657,2024-04-29 00:00:00,Micah Santos,micah.santos@mailbox.org,,London,Orchid Plus,Delivery,High,Phone,Open,Free,5,,,88.27,Product Question,No additional context provided.
TKT-01108,2024-08-31 08:47:00,Avery Turner,avery.turner@company.co,,Berlin,Mosaic Team,Technical Issue,Urgent,Web-Form,Resolved,Premium,3,570.0,,21.06,Feature-Request,Follow-up required next business day.
TKT-02025,2025-03-25 00:00:00,Rowan Chen,rowan.chen@example.com,,New York,Orchid Plus,Subscription,High,Social,Resolved,Enterprise,,,48,0,,
TKT-01686,2024-01-10 21:47:00,Sage Bennett,sage.bennett25@outlook.com,+4818766890,Manchester,Harbor Essentials,Feature Request,Urgent,Social,Resolved,Free,2,,84,144.32,Delivery | Late,Customer requested an update after the first response.
TKT-00039,2024-11-06 09:22:00,Milan Carter,milan.carter@outlook.com,+15736941672,Cape Town,Harbor Essentials,Feature Request,High,Email,Resolved,Premium,,,,5.95,Feature-Request,Issue reproduced on a mobile device.
TKT-00360,2025-09-08 01:20:00,Micah Hughes,micah.hughes@company.co,+14134065963,,Nimbus Basic,Technical Issue,High,Web-Form,Open,Standard,,,,33.5,,Follow-up required next business day.
TKT-00205,2024-08-01 00:00:00,Rowan Novak,rowan.novak37@gmail.com,,Birmingham,Atlas Pro,Feature Request,Medium,Phone,Escalated,,,,,3.23,Feature-Request,Customer supplied screenshots.
TKT-00885,2025-10-13 22:23:00,Finley Reed,finley.reed@mailbox.org,,Birmingham,Harbor Essentials,Technical Issue,Low,Web-Form,Resolved,,,,48,116.5,Billing | Invoice,Customer mentioned a previous unresolved ticket.
TKT-01294,2025-02-12 08:51:00,Arden Larsen,arden.larsen@outlook.com,+18444615405,Birmingham,Mosaic Team,Product Question,High,Live Chat,Open,,,1535.0,,125.12,,
TKT-00856,2024-09-13 00:00:00,Micah Parker,micah.parker@example.com,+447933140869,Birmingham,Orchid Plus,Feature Request,Urgent,Email,Pending Customer,Premium,4,,,47.61,Bug | Mobile,No additional context provided.
TKT-00443,2024-01-18 08:00:00,Jamie Reed,jamie.reed29@gmail.com,,Berlin,Atlas Pro,Account Access,Low,Email,Open,Premium,1,130.0,48,0,Billing | Invoice,
TKT-00232,2025-08-20 01:24:00,Finley Petrov,finley.petrov@company.co,,New York,Vertex Analytics,Refund,Urgent,Email,Closed,Premium,5,,53,90.91,Billing | Invoice,Issue reproduced on a mobile device.
TKT-02167,2026-04-26 08:51:00,Quinn Hughes,quinn.hughes39@gmail.com,+13895686938,,Atlas Pro,Billing,Medium,Social,Resolved,Enterprise,3,,95,34.40,Delivery | Late,Customer mentioned a previous unresolved ticket.
TKT-02382,2026-02-18 09:25:00,Devon Grant,devon.grant49@example.com,,Manchester,Cobalt Enterprise,Refund,High,Social,Open,,3,73.0,7,26.36,Delivery | Late,
TKT-01267,2025-07-14 22:47:00,Hayden Reed,,+6693325179,New York,Harbor Essentials,Delivery,High,Web-Form,Open,Premium,4,1467.0,,72.88,Refund,Customer mentioned a previous unresolved ticket.
TKT-02159,2024-09-10 00:00:00,Finley Ibrahim,finley.ibrahim47@outlook.com,+447871501545,Dublin,Harbor Essentials,Refund,Urgent,Phone,Pending Customer,Enterprise,4,368.0,,149.49,Delivery | Late,Issue reproduced on a mobile device.
TKT-00499,2026-01-06 00:00:00,Shawn Bennett,shawn.bennett@outlook.com,,Birmingham,Harbor Essentials,Subscription,Medium,Web-Form,Pending Customer,,5,257.0,41,30.84,Refund,Customer requested an update after the first response.
TKT-01454,2025-09-10 19:00:00,Ellis Nguyen,ellis.nguyen4@example.com,+17934846503,Cape Town,Mosaic Team,Delivery,Medium,Live Chat,Closed,Standard,3,,60,222.09,,Follow-up required next business day.
TKT-02686,2026-02-10 00:00:00,Drew Grant,drew.grant95@mailbox.org,+19601431295,,Nimbus Basic,Subscription,Medium,Email,Closed,,4,242.0,48,96.39,,
TKT-01624,2025-11-22 00:00:00,Reese Kowalski,reese.kowalski@company.co,+12578601719,Cape Town,Vertex Analytics,Subscription,High,Email,Open,Enterprise,4,,48,42.25,Delivery | Late,
TKT-00895,2025-05-06 09:04:00,Taylor Santos,taylor.santos@mailbox.org,+6263638216,Dublin,Mosaic Team,Technical Issue,Medium,Live Chat,Open,Free,1,1052.0,48,155.02,,Customer supplied screenshots.
TKT-02458,2024-08-20 00:00:00,Casey Sullivan,casey.sullivan@mailbox.org,+18136236650,Austin,Cobalt Enterprise,Technical Issue,High,Email,Closed,Standard,2,,,92.17,Bug | Mobile,Escalated to the specialist queue.
TKT-02691,2025-08-09 00:00:00,Sage Chen,sage.chen@outlook.com,,Cape Town,Vertex Analytics,Feature Request,Low,Social,Resolved,Premium,5,,89,23.08,Delivery | Late,Customer requested an update after the first response.
TKT-00131,2024-06-16 00:00:00,Quinn Ahmed,quinn.ahmed61@outlook.com,,Leeds,Orchid Plus,Refund,High,Social,Open,,,,,0,Billing | Invoice,Customer mentioned a previous unresolved ticket.
TKT-02783,2024-08-23 05:39:00,Riley Turner,riley.turner5@mailbox.org,+447395675755,London,Mosaic Team,Security,High,Social,Closed,Standard,4,519.0,,12.82,Delivery | Late,Follow-up required next business day.
TKT-01509,2025-05-01 00:00:00,Reese Walker,reese.walker@example.com,,Manchester,Vertex Analytics,Delivery,High,Social,Escalated,Free,3,,,83.86,Feature-Request,Escalated to the specialist queue.
TKT-02373,2025-12-20 00:00:00,Kendall Turner,kendall.turner72@mailbox.org,,Cape Town,Orchid Plus,Billing,Low,Phone,Escalated,,,,,87.8,,Customer mentioned a previous unresolved ticket.
TKT-00799,2024-09-27 21:28:00,Jamie Sullivan,jamie.sullivan48@gmail.com,+14864932251,Dublin,Harbor Essentials,Security,Low,Live Chat,Closed,,,386.0,,80.56,Billing | Invoice,
TKT-02128,2025-02-04 00:04:00,Alexis Walker,alexis.walker@company.co,+9644631478,Toronto,Mosaic Team,Refund,Urgent,Social,Open,,1,,,140.29,,Escalated to the specialist queue.
TKT-00063,2025-07-02 00:00:00,Jordan Sullivan,jordan.sullivan87@gmail.com,+19798014555,Seattle,Lumen Starter,Product Question,Medium,Web-Form,Pending Customer,Enterprise,,,,18.15,Refund,Customer mentioned a previous unresolved ticket.
TKT-02568,2025-10-18 00:00:00,Emerson Meyer,emerson.meyer@gmail.com,,Glasgow,Harbor Essentials,Billing,Urgent,Web-Form,Escalated,,4,,,114.81,,Customer requested an update after the first response.
TKT-01064,2025-03-23 00:00:00,Reese Ahmed,reese.ahmed@gmail.com,+5972021607,Melbourne,Cobalt Enterprise,Technical Issue,Low,Email,Open,,,,58,0,Product Question,No additional context provided.
TKT-01938,2024-05-28 00:00:00,Shawn Morris,shawn.morris53@outlook.com,+16209943042,Austin,Harbor Essentials,Account Access,Low,Web-Form,Closed,Free,,,,104.72,,Issue reproduced on a mobile device.
TKT-00839,2024-07-25 00:00:00,Finley Petrov,finley.petrov@example.com,+12532375555,Singapore,Cobalt Enterprise,Refund,High,Web-Form,Open,Enterprise,5,,48,133.14,Billing | Invoice,
TKT-02720,2025-04-18 06:22:00,Parker Walker,parker.walker@example.com,+963547436,London,Nimbus Basic,Feature Request,Medium,Web-Form,Pending Customer,Premium,2,672.0,,85.8,Product Question,No additional context provided.
TKT-02543,2025-04-30 00:00:00,Milan Meyer,milan.meyer@mailbox.org,+5773957023,Leeds,Orchid Plus,Feature Request,Medium,Social,Pending Customer,Free,1,911.0,,67.06,Account | Security | Urgent,Escalated to the specialist queue.
TKT-01439,2026-05-23 09:37:00,Casey Ahmed,casey.ahmed@mailbox.org,,Singapore,Lumen Starter,Account Access,Medium,Social,Pending Customer,Premium,,,48,106.0,Refund,Customer supplied screenshots.
TKT-02247,2025-11-15 20:31:00,Avery Meyer,avery.meyer46@outlook.com,+447221998042,Cape Town,Atlas Pro,Technical Issue,High,Phone,Open,Premium,,,,29.57,,Customer mentioned a previous unresolved ticket.
TKT-01422,2025-09-06 09:18:00,Casey Nguyen,casey.nguyen@example.com,+13776831590,Cape Town,Harbor Essentials,Billing,Urgent,Social,Open,,3,666.0,48,137.99,Billing | Invoice,Customer requested an update after the first response.
TKT-01059,2024-09-17 23:09:00,Marley Morris,marley.morris@company.co,,Dublin,Harbor Essentials,Security,Urgent,Email,Pending Customer,Premium,2,581.0,48,108.9,Account | Security | Urgent,Escalated to the specialist queue.
TKT-00083,2024-03-06 00:00:00,Devon Morris,devon.morris@example.com,+447261910894,Amsterdam,Mosaic Team,Refund,Low,Live Chat,Resolved,Free,1,92.0,,160.28,Delivery | Late,Customer requested an update after the first response.
TKT-02728,2024-05-24 00:00:00,Blake Petrov,blake.petrov88@mailbox.org,+14033516327,Cape Town,Harbor Essentials,Feature Request,Urgent,Web-Form,Pending Customer,Free,5,1414.0,48,152.78,Refund,Follow-up required next business day.
TKT-01542,2024-04-04 00:00:00,Quinn Turner,quinn.turner52@outlook.com,,Melbourne,Vertex Analytics,Billing,Medium,Phone,Pending Customer,Enterprise,,,2,176.47,Billing | Invoice,Escalated to the specialist queue.
TKT-01177,2025-06-11 00:00:00,Kendall Meyer,kendall.meyer@mailbox.org,+14905207817,London,Vertex Analytics,Subscription,Urgent,Live Chat,Escalated,Premium,4,1569.0,9,0,Billing | Invoice,Escalated to the specialist queue.
TKT-00210,2026-05-23 22:25:00,Finley Hughes,finley.hughes93@outlook.com,+13123892412,Seattle,Lumen Starter,Refund,High,Phone,Resolved,,4,,,290.9,Bug | Mobile,Follow-up required next business day.
TKT-02236,2026-05-05 03:23:00,Blake Novak,blake.novak@example.com,,Austin,Lumen Starter,Security,Urgent,Phone,Open,Premium,4,,,119.19,Refund,No additional context provided.
TKT-01513,2025-05-22 00:00:00,Robin Carter,robin.carter@mailbox.org,+18814389978,Bristol,Orchid Plus,Refund,High,Email,Open,Standard,,,48,39.57,Refund,No additional context provided.
TKT-02446,2026-05-15 00:00:00,Marley Okafor,marley.okafor@example.com,+447067660798,Seattle,Nimbus Basic,Technical Issue,Urgent,Phone,Resolved,Premium,3,,,93.49,,Customer supplied screenshots.
TKT-01096,2025-06-21 00:39:00,Quinn Kim,quinn.kim@example.com,+16218715027,Dublin,Harbor Essentials,Subscription,High,Live Chat,Resolved,Premium,1,,,74.56,Login | Password,Escalated to the specialist queue.
TKT-00555,2024-01-23 07:29:00,Quinn Sullivan,quinn.sullivan@gmail.com,+19765373326,Glasgow,Vertex Analytics,Feature Request,Low,Phone,Pending Customer,Standard,5,,24,97.57,Bug | Mobile,Customer requested an update after the first response.
TKT-00114,2026-02-09 00:00:00,Blake Reed,blake.reed97@company.co,+14909152857,Bristol,Orchid Plus,Feature Request,Low,Live Chat,Escalated,,5,,,214.48,Billing | Invoice,Follow-up required next business day.
TKT-00533,2025-02-07 05:13:00,Morgan Morris,morgan.morris@company.co,,Bristol,Nimbus Basic,Product Question,High,Social,Escalated,,4,,,75.37,Delivery | Late,Customer mentioned a previous unresolved ticket.
TKT-00540,2025-09-10 10:16:00,Parker Morris,parker.morris@example.com,,Seattle,Cobalt Enterprise,Delivery,Urgent,Phone,Pending Customer,Standard,,802.0,87,47.27,Billing | Invoice,
TKT-02453,2026-03-23 06:42:00,Arden Wilson,arden.wilson58@example.com,+16935373001,London,Lumen Starter,Billing,High,Web-Form,Pending Customer,Standard,1,,48,75.31,Bug | Mobile,Customer supplied screenshots.
TKT-00080,2025-09-22 00:00:00,Finley Parker,finley.parker@mailbox.org,,Amsterdam,Harbor Essentials,Security,Medium,Web-Form,Pending Customer,,,585.0,48,0,Bug | Mobile,Customer mentioned a previous unresolved ticket.
TKT-01390,2024-10-31 00:00:00,Rowan Nguyen,rowan.nguyen79@gmail.com,+5598851601,Manchester,Cobalt Enterprise,Billing,Urgent,Email,Open,,,,,37.56,Billing | Invoice,Customer mentioned a previous unresolved ticket.
TKT-00861,2024-11-17 23:42:00,Robin Turner,robin.turner@outlook.com,+3245948650,Singapore,Nimbus Basic,Subscription,Low,Live Chat,Escalated,Enterprise,,,48,90.16,None,Customer requested an update after the first response.
TKT-01764,2025-07-15 00:53:00,Shawn Carter,shawn.carter@gmail.com,+18105267317,London,Orchid Plus,Product Question,Low,Live Chat,Closed,Free,,411.0,,0,Bug | Mobile,Follow-up required next business day.
TKT-01885,2025-07-16 13:53:00,Ellis Walker,ellis.walker@example.com,+12642681356,London,Orchid Plus,Feature Request,High,Social,Open,Standard,3,,,77.55,Billing | Invoice,No additional context provided.
TKT-00523,2025-10-10 21:04:00,reese carter,reese.carter@gmail.com,+19213953115,Seattle,Orchid Plus,Billing,Urgent,Live Chat,Resolved,Premium,2,,,42.56,Login | Password,Follow-up required next business day.
TKT-01736,2025-12-14 00:00:00,Blake Kim,blake.kim47@gmail.com,+447416802685,London,Orchid Plus,Technical Issue,Urgent,Email,Resolved,Free,4,337.0,,0,Login | Password,
TKT-01023,2026-02-01 00:00:00,Emerson Singh,emerson.singh@outlook.com,+18676972816,Berlin,Cobalt Enterprise,Technical Issue,Urgent,Social,Pending Customer,Standard,4,,,77.66,Billing | Invoice,
TKT-01503,2024-07-31 00:00:00,Arden Walker,arden.walker@gmail.com,+14155353307,,Mosaic Team,Product Question,High,Live Chat,Resolved,,5,,,34.0,Billing | Invoice,Follow-up required next business day.
TKT-01484,2024-08-29 00:00:00,Riley Sullivan,riley.sullivan@company.co,,Melbourne,Cobalt Enterprise,Billing,Low,Phone,Pending Customer,Premium,4,,,57.02,Account | Security | Urgent,Escalated to the specialist queue.
TKT-01273,2024-03-08 00:00:00,Emerson Larsen,emerson.larsen@company.co,+447257775719,Seattle,Orchid Plus,Product Question,Medium,Web-Form,Escalated,Enterprise,5,854.0,48,18.92,,
TKT-01754,2025-10-02 00:00:00,Emerson Singh,emerson.singh@example.com,+9570442481,London,Vertex Analytics,Delivery,Urgent,Email,Resolved,Standard,4,,48,0,Feature-Request,No additional context provided.
TKT-00932,2025-09-06 00:00:00,Hayden Diaz,hayden.diaz@company.co,+19517439576,,Atlas Pro,Delivery,Urgent,Live Chat,Pending Customer,Standard,,,,182.46,Account | Security | Urgent,Customer supplied screenshots.
TKT-00125,2025-02-14 00:00:00,tatum larsen,tatum.larsen90@company.co,,Berlin,Lumen Starter,Delivery,Low,Social,Escalated,Premium,1,,48,111.28,Delivery | Late,
TKT-00860,2024-04-06 23:25:00,Jamie Parker,jamie.parker41@mailbox.org,+2035601677,Leeds,Mosaic Team,Refund,Urgent,Phone,Pending Customer,Standard,4,,48,113.81,Billing | Invoice,Customer requested an update after the first response.
TKT-00224,2025-08-25 00:00:00,Kendall Nguyen,kendall.nguyen34@mailbox.org,+14803961378,Manchester,Vertex Analytics,Billing,Low,Live Chat,Pending Customer,Premium,1,,,0,,
TKT-01541,2026-03-06 00:00:00,Cameron Santos,cameron.santos@company.co,+15282048981,Singapore,Nimbus Basic,Subscription,Low,Social,Resolved,Free,4,,54,77.49,Product Question,
TKT-01126,2026-05-12 09:01:00,Rowan Santos,rowan.santos@gmail.com,+18863357033,Austin,Harbor Essentials,Security,Urgent,Web-Form,Resolved,,4,1604.0,48,15.95,Product Question,Escalated to the specialist queue.
TKT-00966,2024-02-28 00:00:00,Finley Diaz,finley.diaz@outlook.com,+19016478986,Dublin,Vertex Analytics,Delivery,Low,Email,Closed,Premium,2,1431.0,,158.21,Delivery | Late,Follow-up required next business day.
TKT-01989,2025-08-13 00:00:00,Parker Parker,parker.parker97@example.com,+16132939565,Singapore,Harbor Essentials,Subscription,Low,Web-Form,Closed,Premium,4,,64,43.72,Delivery | Late,Customer mentioned a previous unresolved ticket.
TKT-01870,2024-05-01 09:09:00,Robin Hansen,robin.hansen@gmail.com,,Singapore,Atlas Pro,Feature Request,Urgent,Email,Pending Customer,Premium,2,,,56.41,Refund,No additional context provided.
TKT-00150,2024-04-21 15:24:00,Finley Ahmed,finley.ahmed32@example.com,+14118925684,New York,Orchid Plus,Security,High,Email,Pending Customer,Free,5,,,95.33,Account | Security | Urgent,Issue reproduced on a mobile device.
TKT-01697,2025-02-13 00:00:00,Blake Kim,blake.kim@outlook.com,+9888535666,Singapore,Orchid Plus,Security,Urgent,Live Chat,Pending Customer,Enterprise,,747.0,48,23.98,Billing | Invoice,Escalated to the specialist queue.
TKT-02654,2026-06-10 00:00:00,Skyler Petrov,skyler.petrov67@gmail.com,,London,Atlas Pro,Subscription,High,Live Chat,Pending Customer,,3,,,135.68,Billing | Invoice,Customer requested an update after the first response.
TKT-00881,2024-08-15 09:04:00,Jamie Walker,jamie.walker97@outlook.com,+16353774160,Seattle,Harbor Essentials,Billing,Low,Phone,Closed,Free,4,,,217.98,,Follow-up required next business day.
TKT-01502,2025-01-29 09:24:00,Drew Ibrahim,,+16231859409,London,Vertex Analytics,Security,Medium,Email,Closed,,1,,,48.68,,Customer supplied screenshots.
TKT-00269,2025-04-01 07:54:00,Kendall Diaz,kendall.diaz@gmail.com,,Leeds,Atlas Pro,Technical Issue,High,Live Chat,Resolved,Free,3,,,54.8,Billing | Invoice,Customer mentioned a previous unresolved ticket.
TKT-02724,2025-08-14 00:00:00,Kendall Morales,kendall.morales@gmail.com,+16363376583,Manchester,Atlas Pro,Billing,Low,Phone,Open,,5,,,160.49,Delivery | Late,Follow-up required next business day.
TKT-00675,2026-01-12 00:00:00,Parker Walker,,,Cape Town,Mosaic Team,Subscription,Medium,Email,Escalated,Premium,,,48,1.59,Product Question,Escalated to the specialist queue.
TKT-02588,2025-02-16 07:23:00,Quinn Morris,quinn.morris@outlook.com,+12042728170,Birmingham,Nimbus Basic,Delivery,High,Live Chat,Pending Customer,Free,5,1221.0,30,67.84,,Customer requested an update after the first response.
TKT-02068,2026-01-29 15:11:00,Arden Walker,arden.walker2@company.co,+447347316097,Melbourne,Nimbus Basic,Delivery,High,Web-Form,Pending Customer,,,610.0,44,71.61,Billing | Invoice,Customer requested an update after the first response.
TKT-02799,2025-03-22 00:00:00,Robin Chen,robin.chen@company.co,+14547017905,Bristol,Orchid Plus,Technical Issue,Low,Web-Form,Resolved,Free,3,,14,59.22,,Follow-up required next business day.
TICKET-02293,2024-06-06 00:00:00,Casey Sullivan,,+6361472557,New York,Harbor Essentials,Security,Low,Live Chat,Escalated,Free,,,,83.69,Feature-Request,Customer mentioned a previous unresolved ticket.
TKT-01648,2024-12-10 21:17:00,Marley Okafor,marley.okafor47@outlook.com,,Bristol,Atlas Pro,Billing,Low,Live Chat,Pending Customer,Premium,1,1295.0,,133.22,Delivery | Late,Issue reproduced on a mobile device.
TKT-00228,2024-12-18 06:40:00,Quinn Walker,quinn.walker@mailbox.org,,Austin,Mosaic Team,Delivery,High,Phone,Resolved,Premium,,1796.0,48,19.72,,Follow-up required next business day.
TKT-00618,2026-02-03 14:06:00,Milan Wilson,milan.wilson@company.co,+16591252170,Dublin,Vertex Analytics,Account Access,High,Phone,Pending Customer,Premium,1,444.0,,118.92,Feature-Request,Customer requested an update after the first response.
TKT-00405,2024-10-05 00:00:00,Parker Turner,parker.turner1@gmail.com,,Melbourne,Cobalt Enterprise,Subscription,Medium,Social,Pending Customer,,,,48,54.25,Feature-Request,Escalated to the specialist queue.
TKT-02589,2025-02-23 00:00:00,Ellis Kowalski,ellis.kowalski@example.com,+9677769215,Amsterdam,Harbor Essentials,Billing,High,Live Chat,Pending Customer,,4,146.0,8,,Login | Password,
TKT-00123,2025-05-02 00:00:00,Alexis Carter,alexis.carter@company.co,+447534541119,New York,Mosaic Team,Product Question,Urgent,Email,Resolved,Premium,,,34,156.15,Bug | Mobile,Issue reproduced on a mobile device.
TKT-00944,2026-03-18 00:00:00,Marley Kowalski,marley.kowalski@example.com,,Toronto,Lumen Starter,Subscription,Urgent,Social,Pending Customer,Standard,2,111.0,,73.55,Account | Security | Urgent,Issue reproduced on a mobile device.
TKT-02615,2025-09-01 17:08:00,Milan Chen,milan.chen@example.com,+17615439263,Amsterdam,Vertex Analytics,Technical Issue,Urgent,Social,Escalated,Standard,1,556.0,,111.93,Billing | Invoice,Customer requested an update after the first response.
TKT-01799,2026-03-09 00:00:00,Avery Larsen,avery.larsen@mailbox.org,,Bristol,Harbor Essentials,Product Question,Low,Phone,Resolved,Enterprise,3,,48,138.18,Billing | Invoice,Customer supplied screenshots.
TKT-01032,2024-02-12 21:51:00,Arden Novak,arden.novak@mailbox.org,+447528368736,Melbourne,Mosaic Team,Billing,Low,Live Chat,Closed,Standard,3,,,0,Bug | Mobile,
TKT-00439,2025-11-04 11:22:00,Drew Diaz,,,Berlin,Vertex Analytics,Security,Low,Web-Form,Closed,Premium,4,686.0,18,,Bug | Mobile,Customer supplied screenshots.
TKT-02332,2024-02-06 17:21:00,Blake Meyer,blake.meyer70@outlook.com,,Berlin,Vertex Analytics,Billing,Low,Web-Form,Open,,,,20,75.06,Account | Security | Urgent,No additional context provided.
TKT-00165,2026-05-28 08:46:00,Avery Diaz,avery.diaz@example.com,+15783795280,Seattle,Atlas Pro,Product Question,Medium,Email,Pending Customer,Enterprise,2,1221.0,,131.99,,Customer supplied screenshots.
TKT-00211,2024-03-06 11:31:00,Emerson Patel,emerson.patel@company.co,,Glasgow,Nimbus Basic,Delivery,Medium,Phone,Closed,,1,,92,110.4,Product Question,Issue reproduced on a mobile device.
TKT-02648,2025-08-26 00:00:00,Riley Carter,riley.carter@gmail.com,+2770826604,Berlin,Nimbus Basic,Billing,High,Phone,Resolved,Premium,3,,48,1.69,Billing | Invoice,Customer supplied screenshots.
TKT-02797,2024-04-26 00:00:00,Robin Kowalski,,+2460264184,Singapore,Vertex Analytics,Billing,Medium,Live Chat,Pending Customer,Premium,1,,,110.52,Account | Security | Urgent,Customer requested an update after the first response.
TKT-01325,2025-01-03 08:05:00,Jordan Novak,,+447934733670,,Nimbus Basic,Feature Request,High,Web-Form,Closed,Standard,,,,82.55,Feature-Request,Customer mentioned a previous unresolved ticket.
TKT-02392,2025-01-15 19:53:00,Emerson Novak,emerson.novak89@gmail.com,+447267526517,Singapore,Nimbus Basic,Delivery,Medium,Phone,Open,,2,,48,27.88,Login | Password,Customer mentioned a previous unresolved ticket.
TKT-02114,2025-08-29 00:00:00,Emerson Okafor,emerson.okafor@mailbox.org,+18864609845,Leeds,Nimbus Basic,Technical Issue,Medium,Live Chat,Pending Customer,Free,3,,16,23.88,Product Question,Issue reproduced on a mobile device.
TKT-02012,2025-11-11 00:00:00,Skyler Reed,skyler.reed52@mailbox.org,+447164277499,Birmingham,Nimbus Basic,Feature Request,Low,Social,Open,Enterprise,2,,,37.05,Login | Password,
TKT-00121,2024-01-07 17:07:00,Shawn Hughes,shawn.hughes@gmail.com,+13913616934,Manchester,Orchid Plus,Billing,High,Social,Pending Customer,Premium,,,,122.51,Product Question,Customer supplied screenshots.
TKT-01377,2025-04-14 05:52:00,Rowan Ibrahim,rowan.ibrahim84@example.com,+12093976945,Birmingham,Lumen Starter,Security,Low,Social,Pending Customer,Free,5,126.0,,42.2,Login | Password,Customer requested an update after the first response.
TKT-02774,2024-02-26 07:19:00,Drew Hughes,drew.hughes@mailbox.org,,,Mosaic Team,Technical Issue,Urgent,Live Chat,Resolved,Free,2,1354.0,11,0,Refund,Customer supplied screenshots.
TKT-01986,2026-04-26 00:00:00,Arden Petrov,arden.petrov@company.co,+17751878822,London,Mosaic Team,Account Access,Medium,Social,Open,Enterprise,4,365.0,,107.22,,Escalated to the specialist queue.
TKT-01174,2026-05-02 00:00:00,Devon Diaz,devon.diaz@example.com,+13742348931,Dublin,Harbor Essentials,Account Access,Medium,Web-Form,Open,Enterprise,,,80,,Account | Security | Urgent,Escalated to the specialist queue.
TKT-01041,2025-11-02 01:27:00,Shawn Morales,shawn.morales@example.com,+14973699669,London,Orchid Plus,Refund,Medium,Email,Escalated,Premium,2,,,171.62,Account | Security | Urgent,Customer mentioned a previous unresolved ticket.
TKT-01779,2026-05-27 00:11:00,kendall morris,kendall.morris@company.co,+4846801120,Melbourne,Orchid Plus,Product Question,Medium,Phone,Resolved,Premium,,35.0,,55.39,Login | Password,
TKT-01744,2026-04-21 00:00:00,Morgan Kim,morgan.kim@company.co,,Cape Town,Harbor Essentials,Billing,Urgent,Web-Form,Resolved,Standard,4,,,142.9,Product Question,Customer mentioned a previous unresolved ticket.
TKT-02294,2024-01-04 00:00:00,Tatum Novak,tatum.novak@gmail.com,+9824507066,London,Orchid Plus,Billing,Urgent,Live Chat,Pending Customer,Premium,4,,,34.55,Billing | Invoice,Escalated to the specialist queue.
TKT-01707,2024-06-30 17:24:00,Blake Meyer,blake.meyer74@company.co,+12216249964,Melbourne,Harbor Essentials,Feature Request,Medium,Web-Form,Resolved,Standard,5,,9,115.99,,
TKT-01207,2026-04-30 00:00:00,Kendall Larsen,kendall.larsen@mailbox.org,+17902243618,Dublin,Atlas Pro,Feature Request,Low,Phone,Pending Customer,Premium,1,658.0,86,40.39,Feature-Request,
TKT-00963,2024-09-26 06:24:00,Arden Morales,arden.morales91@mailbox.org,+6389328563,Birmingham,Lumen Starter,Refund,Urgent,Social,Open,Premium,4,1124.0,39,89.81,Login | Password,Escalated to the specialist queue.
TICKET-00115,2025-10-06 00:00:00,Marley  Singh,marley.singh@gmail.com,+19936452181,Melbourne,Nimbus Basic,Feature Request,Low,Social,Open,,1,,,68.42,,Customer mentioned a previous unresolved ticket.
TKT-00825,2024-05-04 00:00:00,Emerson Wilson,emerson.wilson23@mailbox.org,,Austin,Mosaic Team,Feature Request,Medium,Live Chat,Pending Customer,Enterprise,4,649.0,1,54.5,Feature-Request,Customer requested an update after the first response.
TKT-02786,2026-04-10 11:51:00,Parker Bennett,parker.bennett34@example.com,,Amsterdam,Cobalt Enterprise,Technical Issue,High,Live Chat,Escalated,,,1046.0,94,59.64,,
TKT-02718,2025-05-12 00:00:00,Avery Chen,avery.chen44@outlook.com,+447578877798,Melbourne,Vertex Analytics,Product Question,High,Social,Resolved,,4,,,127.69,Billing | Invoice,
TKT-01970,2024-05-21 00:00:00,Devon Sullivan,devon.sullivan@example.com,,Berlin,Nimbus Basic,Account Access,Medium,Live Chat,Open,,2,,,141.36,Delivery | Late,
TKT-02361,2024-04-16 14:49:00,Casey Hughes,casey.hughes@company.co,,Dublin,Mosaic Team,Technical Issue,Urgent,Web-Form,Open,,2,328.0,,22.38,Login | Password,Customer mentioned a previous unresolved ticket.
TKT-02503,2026-06-04 00:00:00,Finley Brooks,finley.brooks@example.com,,New York,Harbor Essentials,Billing,High,Phone,Open,Standard,,,,60.78,Bug | Mobile,Customer supplied screenshots.
TKT-00309,2025-12-01 00:37:00,Sage Reed,sage.reed@example.com,+13413188175,Cape Town,Orchid Plus,Product Question,Low,Email,Resolved,Premium,2,22.0,40,,Bug | Mobile,Customer requested an update after the first response.
TKT-02678,2024-06-02 00:00:00,Robin Wilson,robin.wilson@company.co,+15943213736,Melbourne,Lumen Starter,Product Question,Medium,Social,Pending Customer,Standard,1,371.0,,0,Feature-Request,Issue reproduced on a mobile device.
TKT-00428,2026-04-14 00:00:00,Riley Kowalski,riley.kowalski@gmail.com,+3148449029,Leeds,Atlas Pro,Billing,Urgent,Phone,Resolved,Standard,5,1217.0,10,,Account | Security | Urgent,Customer mentioned a previous unresolved ticket.
TKT-00053,2026-01-27 10:12:00,Milan Ibrahim,milan.ibrahim66@company.co,,Bristol,Vertex Analytics,Billing,Urgent,Email,Open,Standard,,1184.0,,41.77,,Customer supplied screenshots.
TKT-01336,2025-11-23 14:02:00,Sage Kim,sage.kim80@example.com,+9563935610,London,Harbor Essentials,Feature Request,Medium,Email,Open,,,,,60.46,,Follow-up required next business day.
TKT-02085,2024-12-24 00:00:00,Rowan Ahmed,rowan.ahmed40@gmail.com,+447834828930,Berlin,Vertex Analytics,Billing,Low,Social,Pending Customer,Premium,4,500.0,,48.72,Refund,Escalated to the specialist queue.
TKT-02623,2025-09-13 10:22:00,Kendall Nguyen,kendall.nguyen@gmail.com,+8653756207,Amsterdam,Vertex Analytics,Product Question,Medium,Web-Form,Resolved,Standard,5,1106.0,,83.61,,
TKT-01233,2024-03-31 00:00:00,Arden Patel,arden.patel@example.com,+19488597115,London,Nimbus Basic,Billing,High,Live Chat,Resolved,Premium,2,,,74.14,Feature-Request,Customer requested an update after the first response.
TKT-02590,2024-10-12 00:00:00,Hayden Meyer,hayden.meyer@example.com,,New York,Lumen Starter,Subscription,Medium,Social,Escalated,Premium,1,250.0,48,75.51,Refund,Customer requested an update after the first response.
TKT-01536,2026-04-24 20:43:00,Tatum Walker,tatum.walker@company.co,+9711347797,,Vertex Analytics,Billing,Low,Social,Resolved,Free,3,,,0,Login | Password,Issue reproduced on a mobile device.
TKT-01243,2025-09-08 09:26:00,Micah Patel,micah.patel@outlook.com,,Leeds,Nimbus Basic,Delivery,Medium,Phone,Open,Premium,2,656.0,,47.01,Delivery | Late,No additional context provided.
TKT-01740,2024-02-25 00:00:00,Robin Morris,robin.morris75@outlook.com,+18348607553,Melbourne,Nimbus Basic,Feature Request,Urgent,Web-Form,Pending Customer,Premium,2,,,173.08,,Customer mentioned a previous unresolved ticket.
TKT-01619,2025-07-24 10:20:00,Drew Bennett,drew.bennett58@mailbox.org,,Berlin,Orchid Plus,Billing,Low,Email,Pending Customer,Premium,5,711.0,,55.55,,Customer requested an update after the first response.
TKT-00888,2026-01-05 00:00:00,Casey Meyer,,,Dublin,Vertex Analytics,Security,High,Phone,Open,Premium,,1219.0,48,59.24,Bug | Mobile,No additional context provided.
TKT-01467,2025-03-23 00:00:00,Jamie Novak,jamie.novak@outlook.com,+12979856402,Singapore,Harbor Essentials,Refund,Urgent,Social,Closed,Enterprise,4,250.0,75,170.84,Login | Password,
TKT-00929,2025-06-19 00:00:00,Riley Fischer,riley.fischer@gmail.com,,Singapore,Mosaic Team,Security,Low,Web-Form,Pending Customer,Premium,1,,,165.1,Login | Password,No additional context provided.
TKT-01133,2025-08-31 00:00:00,Tatum Sullivan,tatum.sullivan@outlook.com,+19494935844,Leeds,Orchid Plus,Security,High,Web-Form,Open,Premium,4,,,167.75,Bug | Mobile,Follow-up required next business day.
TKT-00761,2025-09-07 00:00:00,Finley Kowalski,finley.kowalski@outlook.com,+13912056061,Birmingham,Atlas Pro,Feature Request,High,Live Chat,Open,,,1106.0,,47.34,Billing | Invoice,Customer supplied screenshots.
TKT-02398,2026-03-27 20:14:00,Alexis Petrov,alexis.petrov@gmail.com,,Singapore,Mosaic Team,Subscription,Urgent,Email,Closed,,,,48,23.78,Feature-Request,Follow-up required next business day.
TKT-01823,2024-03-22 06:35:00,Parker Bennett,parker.bennett@company.co,,Dublin,Vertex Analytics,Billing,Medium,Live Chat,Open,,2,188.0,,66.63,Account | Security | Urgent,Customer mentioned a previous unresolved ticket.
TKT-00033,2026-03-13 00:00:00,Blake Okafor,blake.okafor@gmail.com,+19023109032,Bristol,Vertex Analytics,Security,Urgent,Web-Form,Open,Premium,,,,78.26,,
TKT-02402,2024-05-17 11:03:00,Reese Larsen,reese.larsen61@outlook.com,+12237161991,Manchester,Cobalt Enterprise,Billing,Urgent,Live Chat,Pending Customer,Enterprise,4,,48,88.73,,No additional context provided.
TKT-00697,2025-08-22 01:09:00,Micah Novak,micah.novak@example.com,+2746726260,Berlin,Nimbus Basic,Technical Issue,High,Email,Closed,Premium,,,9,96.94,,Follow-up required next business day.
TKT-00842,2026-01-04 04:08:00,Rowan Hughes,rowan.hughes@outlook.com,,Bristol,Mosaic Team,Security,High,Email,Resolved,Standard,2,,35,116.12,Bug | Mobile,No additional context provided.
TKT-00690,2024-07-29 17:43:00,Riley Hughes,riley.hughes@mailbox.org,+18013334017,Glasgow,Cobalt Enterprise,Account Access,High,Live Chat,Escalated,Standard,,1553.0,,103.43,Bug | Mobile,Issue reproduced on a mobile device.
TKT-01263,2026-05-14 00:00:00,Shawn Patel,shawn.patel@company.co,+3613288189,Singapore,Cobalt Enterprise,Subscription,High,Social,Open,Standard,,,48,108.63,Billing | Invoice,Escalated to the specialist queue.
TKT-02088,2026-05-21 07:07:00,Sage Turner,sage.turner@example.com,,Manchester,Orchid Plus,Billing,Low,Social,Open,Free,,,,70.87,Bug | Mobile,
TKT-02184,2024-11-03 07:08:00,Quinn Ibrahim,quinn.ibrahim69@example.com,,Birmingham,Harbor Essentials,Product Question,High,Email,Open,Standard,3,,64,154.51,Product Question,Follow-up required next business day.
TKT-00988,2024-11-15 00:00:00,Kendall Carter,,+447740685723,Seattle,Nimbus Basic,Product Question,Low,Email,Closed,,,,,127.25,Account | Security | Urgent,Customer requested an update after the first response.
TKT-01629,2026-05-24 00:00:00,Avery Hughes,avery.hughes83@mailbox.org,+447162220207,Seattle,Harbor Essentials,Account Access,Urgent,Phone,Pending Customer,Free,2,547.0,,82.73,Account | Security | Urgent,Customer supplied screenshots.
TKT-01400,2024-04-13 00:49:00,Cameron Ibrahim,cameron.ibrahim@mailbox.org,+11797192056,Bristol,Harbor Essentials,Security,High,Phone,Resolved,Enterprise,4,,43,42.87,Bug | Mobile,Follow-up required next business day.
TKT-00338,2025-09-03 00:00:00,blake fischer,blake.fischer@company.co,+447820462914,Glasgow,Cobalt Enterprise,Technical Issue,Urgent,Web-Form,Open,,3,619.0,,61.32,Delivery | Late,
TKT-02075,2024-04-05 12:33:00,Hayden Morris,hayden.morris34@gmail.com,,Birmingham,Mosaic Team,Feature Request,Low,Live Chat,Open,Standard,,,,45.03,Refund,Customer requested an update after the first response.
TKT-01132,2025-06-22 22:40:00,Cameron Parker,cameron.parker@gmail.com,+19003549518,Austin,Atlas Pro,Technical Issue,Low,Web-Form,Open,Enterprise,1,,48,102.21,Login | Password,Escalated to the specialist queue.
TKT-01420,2024-04-08 10:01:00,Blake Brooks,blake.brooks@outlook.com,,London,Cobalt Enterprise,Technical Issue,High,Email,Resolved,Free,4,,55,106.93,Feature-Request,Escalated to the specialist queue.
TKT-00874,2025-05-27 00:00:00,Quinn Carter,quinn.carter93@gmail.com,+447905263784,New York,Nimbus Basic,Account Access,Medium,Social,Pending Customer,,,1359.0,48,38.8,Product Question,
TKT-00455,2025-10-16 01:57:00,Marley Okafor,marley.okafor@mailbox.org,+17384636162,Dublin,Harbor Essentials,Delivery,High,Live Chat,Resolved,Standard,,,69,49.84,Bug | Mobile,Follow-up required next business day.
TKT-00701,2026-06-17 01:38:00,Morgan Turner,morgan.turner@mailbox.org,+5383533532,Cape Town,Lumen Starter,Feature Request,Medium,Live Chat,Open,Premium,5,,71,50.25,Refund,
TKT-00912,2025-08-09 00:00:00,Emerson Kim,emerson.kim@company.co,+9648385817,Melbourne,Mosaic Team,Delivery,High,Email,Open,,,,21,91.05,Login | Password,Customer supplied screenshots.
TKT-01115,2026-05-21 17:29:00,Jamie Patel,jamie.patel@mailbox.org,+13977642645,Leeds,Lumen Starter,Feature Request,Urgent,Live Chat,Closed,Free,1,791.0,48,87.27,Delivery | Late,Follow-up required next business day.
TKT-00085,2026-02-16 22:26:00,Rowan Parker,rowan.parker@outlook.com,+15228177102,Austin,Mosaic Team,Refund,Medium,Phone,Closed,Standard,2,,,34.53,,Customer supplied screenshots.
TKT-02551,2024-08-08 00:00:00,Emerson Meyer,emerson.meyer@company.co,+447447816073,Singapore,Mosaic Team,Technical Issue,Medium,Web-Form,Resolved,,1,,33,0,Bug | Mobile,
TKT-02633,2025-10-14 10:39:00,Taylor Walker,taylor.walker@gmail.com,,Manchester,Lumen Starter,Product Question,Medium,Web-Form,Resolved,,4,1770.0,48,89.85,Account | Security | Urgent,
TKT-01415,2025-09-22 00:00:00,Jordan Hughes,jordan.hughes33@outlook.com,+14467872219,Cape Town,Cobalt Enterprise,Refund,Medium,Phone,Open,Standard,,270.0,,43.61,,Customer supplied screenshots.
TKT-00723,2025-12-19 00:00:00,Emerson Nguyen,emerson.nguyen47@example.com,+447582699037,Seattle,Nimbus Basic,Refund,High,Email,Pending Customer,,3,,48,4.85,Account | Security | Urgent,Follow-up required next business day.
TKT-02737,2024-04-26 17:36:00,Robin Carter,robin.carter25@outlook.com,,Manchester,Lumen Starter,Feature Request,High,Web-Form,Open,Premium,5,,40,60.57,Billing | Invoice,No additional context provided.
TKT-00495,2024-11-07 00:00:00,Riley Morales,riley.morales@example.com,,Birmingham,Orchid Plus,Feature Request,Urgent,Social,Closed,,4,,,162.77,Billing | Invoice,No additional context provided.
TKT-01284,2026-02-20 00:00:00,Micah Reed,micah.reed@example.com,+447071523367,Berlin,Mosaic Team,Security,Medium,Social,Pending Customer,Enterprise,2,23.0,,131.62,Product Question,
TKT-01579,2024-08-04 22:22:00,Alexis Morales,alexis.morales@outlook.com,,Glasgow,Harbor Essentials,Account Access,Low,Email,Resolved,,3,,,38.6,Billing | Invoice,Escalated to the specialist queue.
TKT-00772,2025-06-21 00:00:00,Jamie Singh,jamie.singh@gmail.com,,Berlin,Mosaic Team,Refund,Medium,Live Chat,Open,,,1511.0,,48.06,Billing | Invoice,Escalated to the specialist queue.
TKT-01024,2025-03-20 00:00:00,Milan Diaz,milan.diaz@company.co,+17062781952,Melbourne,Orchid Plus,Product Question,Low,Live Chat,Pending Customer,Standard,,208.0,48,196.82,Billing | Invoice,No additional context provided.
TKT-02640,2026-04-13 00:00:00,Tatum Grant,tatum.grant55@outlook.com,+18458631015,Austin,Lumen Starter,Security,Urgent,Social,Resolved,,,1111.0,,100.89,Feature-Request,Customer mentioned a previous unresolved ticket.
TKT-00264,2025-02-14 01:18:00,drew fischer,drew.fischer@mailbox.org,+16177376020,Austin,Vertex Analytics,Product Question,Urgent,Social,Open,Enterprise,1,,48,22.66,Login | Password,Customer supplied screenshots.
TKT-02429,2025-02-20 02:35:00,Skyler Bennett,skyler.bennett@mailbox.org,+447367456654,Melbourne,Nimbus Basic,Account Access,High,Social,Closed,Premium,5,,48,140.84,,Customer supplied screenshots.
TKT-02153,2024-11-11 00:00:00,Riley Morris,riley.morris@example.com,,Amsterdam,Nimbus Basic,Feature Request,Low,Email,Escalated,,4,,48,80.15,Product Question,
TKT-00468,2026-04-20 00:00:00,Sage Ahmed,sage.ahmed14@mailbox.org,+447348870229,Cape Town,Atlas Pro,Subscription,High,Live Chat,Open,Enterprise,,499.0,,120.66,,Customer requested an update after the first response.
TKT-02237,2024-07-05 15:08:00,Avery Bennett,avery.bennett@gmail.com,,New York,Cobalt Enterprise,Account Access,Medium,Web-Form,Resolved,Premium,,,,79.79,Refund,Follow-up required next business day.
TKT-02722,2026-03-01 00:04:00,Tatum Petrov,tatum.petrov86@gmail.com,+19499394592,New York,Vertex Analytics,Product Question,Low,Phone,Open,Standard,,1305.0,48,51.18,Product Question,
TKT-00529,2025-08-25 00:00:00,Milan Diaz,milan.diaz@gmail.com,+17292451824,Bristol,Orchid Plus,Account Access,Urgent,Phone,Resolved,Free,4,,,93.28,Refund,Escalated to the specialist queue.
TKT-02635,2025-02-20 00:00:00,Robin Patel,robin.patel@mailbox.org,,Manchester,Orchid Plus,Product Question,Low,Email,Pending Customer,Free,4,,,172.5,Login | Password,Customer mentioned a previous unresolved ticket.
TKT-02628,2026-02-10 10:54:00,Quinn Sullivan,quinn.sullivan@example.com,+447090417669,Dublin,Nimbus Basic,Account Access,Low,Live Chat,Resolved,Standard,2,,,117.38,,
TKT-00516,2024-02-24 09:01:00,Kendall Diaz,kendall.diaz@outlook.com,+447326556253,Austin,Mosaic Team,Product Question,Low,Phone,Pending Customer,Standard,5,1019.0,68,120.55,Billing | Invoice,Customer mentioned a previous unresolved ticket.
TKT-00379,2025-07-13 21:57:00,Quinn Okafor,quinn.okafor@outlook.com,,Manchester,Atlas Pro,Billing,Low,Live Chat,Escalated,Premium,,,74,199.44,Billing | Invoice,No additional context provided.
TKT-01264,2026-01-24 13:57:00,Parker Morales,parker.morales@gmail.com,+12433952291,Berlin,Harbor Essentials,Security,Medium,Live Chat,Resolved,Premium,5,1405.0,30,28.36,Billing | Invoice,Follow-up required next business day.
TKT-00752,2024-10-20 01:35:00,Casey Diaz,casey.diaz28@mailbox.org,+447309411552,Toronto,Vertex Analytics,Technical Issue,High,Web-Form,Open,Standard,1,609.0,,4.66,Refund,Customer supplied screenshots.
TKT-01247,2024-06-22 05:13:00,Avery Larsen,avery.larsen@mailbox.org,+13348027334,Leeds,Orchid Plus,Technical Issue,High,Phone,Open,Free,4,1215.0,48,80.87,,
TKT-02376,2025-06-16 00:00:00,Blake Hansen,blake.hansen@company.co,,Bristol,Vertex Analytics,Account Access,Medium,Live Chat,Resolved,Premium,,252.0,,158.67,,Escalated to the specialist queue.
TKT-00692,2026-05-04 03:08:00,Reese Turner,reese.turner@mailbox.org,+14736997391,Cape Town,Lumen Starter,Security,High,Email,Escalated,Premium,4,854.0,48,142.76,Product Question,Escalated to the specialist queue.
TKT-02191,2025-11-02 20:19:00,Blake Okafor,blake.okafor@mailbox.org,+6673567329,London,Atlas Pro,Delivery,Urgent,Email,Open,Premium,5,,,0,Bug | Mobile,
TKT-02023,2026-05-02 00:00:00,Sage Larsen,sage.larsen@example.com,+11007329691,Bristol,Orchid Plus,Feature Request,Low,Web-Form,Pending Customer,Free,5,,48,153.84,Billing | Invoice,
TKT-00245,2025-01-29 00:00:00,Kendall Kim,kendall.kim@mailbox.org,+12289143422,Toronto,Mosaic Team,Product Question,High,Live Chat,Open,,2,,38,12.98,,Customer supplied screenshots.
TKT-00385,2025-10-13 00:00:00,Skyler Hansen,skyler.hansen59@mailbox.org,+447263268104,Cape Town,Harbor Essentials,Security,Urgent,Email,Resolved,Premium,4,1110.0,,37.25,,Customer mentioned a previous unresolved ticket.
TKT-01482,2026-01-30 04:50:00,Parker Ibrahim,parker.ibrahim63@example.com,+16917569036,Cape Town,Orchid Plus,Account Access,High,Live Chat,Pending Customer,Premium,,,,58.49,Delivery | Late,Escalated to the specialist queue.
TKT-02263,2025-02-06 01:20:00,Jordan Morales,jordan.morales@company.co,+447006540120,Seattle,Harbor Essentials,Refund,Medium,Web-Form,Resolved,Free,,,,146.97,Billing | Invoice,Issue reproduced on a mobile device.
TKT-01034,2025-09-09 00:00:00,Arden Larsen,arden.larsen@gmail.com,+14184107541,Seattle,Atlas Pro,Feature Request,Medium,Email,Pending Customer,Premium,4,,22,114.6,Refund,Follow-up required next business day.
TKT-02243,2026-06-12 20:19:00,Tatum Nguyen,tatum.nguyen@gmail.com,+17117556045,,Nimbus Basic,Technical Issue,High,Live Chat,Resolved,Premium,4,1358.0,16,187.7,Product Question,No additional context provided.
TKT-02395,2025-08-24 00:00:00,Hayden Novak,hayden.novak@outlook.com,,Toronto,Nimbus Basic,Security,Medium,Web-Form,Closed,Premium,4,923.0,,74.41,Product Question,
TKT-01840,2024-02-10 21:26:00,Rowan Ahmed,rowan.ahmed1@example.com,+14863244086,Leeds,Vertex Analytics,Account Access,Urgent,Phone,Open,Standard,2,281.0,16,67.55,Delivery | Late,Escalated to the specialist queue.
TKT-01191,2025-11-16 01:34:00,Avery Petrov,avery.petrov@example.com,,Glasgow,Lumen Starter,Security,Low,Email,Escalated,Free,3,,60,84.8,,Escalated to the specialist queue.
TKT-01820,2024-04-27 22:48:00,Reese Kim,reese.kim@company.co,+17517117224,New York,Mosaic Team,Refund,Urgent,Live Chat,Open,,1,892.0,55,24.71,Product Question,Follow-up required next business day.
TKT-00779,2026-02-06 10:25:00,Reese Grant,reese.grant16@outlook.com,,Berlin,Orchid Plus,Account Access,Low,Phone,Open,Enterprise,2,48.0,,74.91,Product Question,Issue reproduced on a mobile device.
TKT-01116,2024-07-09 00:00:00,Taylor Grant,taylor.grant86@mailbox.org,,Berlin,Nimbus Basic,Account Access,Low,Live Chat,Open,Premium,4,,48,99.07,Delivery | Late,
TKT-00071,2025-05-26 04:45:00,Jamie Okafor,jamie.okafor33@mailbox.org,,Manchester,Mosaic Team,Refund,High,Live Chat,Resolved,Free,5,,57,98.88,Billing | Invoice,Escalated to the specialist queue.
TKT-00052,2025-02-16 00:00:00,Jordan Santos,jordan.santos73@example.com,+12212312584,Leeds,Orchid Plus,Refund,Medium,Phone,Open,Premium,5,750.0,,57.82,Delivery | Late,Escalated to the specialist queue.
TKT-01841,2025-08-05 19:43:00,Jamie Singh,jamie.singh92@mailbox.org,,London,Cobalt Enterprise,Subscription,Low,Phone,Open,,,175.0,5,71.93,Feature-Request,Follow-up required next business day.
TKT-02690,2024-09-20 17:55:00,Blake Turner,blake.turner62@example.com,,New York,Vertex Analytics,Technical Issue,Medium,Email,Closed,Standard,2,1708.0,29,112.69,Product Question,
TKT-00589,2025-12-07 16:53:00,Devon Morris,devon.morris13@outlook.com,+447060751568,Seattle,Nimbus Basic,Subscription,Low,Phone,Pending Customer,Premium,,,,124.67,Refund,Customer mentioned a previous unresolved ticket.
TKT-00007,2025-03-08 00:00:00,Drew Brooks,drew.brooks@mailbox.org,+12705168956,New York,Harbor Essentials,Account Access,Urgent,Social,Escalated,Free,4,,,165.86,,No additional context provided.
TKT-01705,2024-07-02 00:00:00,Avery Bennett,avery.bennett89@mailbox.org,+13703395067,London,Lumen Starter,Technical Issue,Medium,Web-Form,Open,Premium,5,,18,101.54,Login | Password,Customer supplied screenshots.
TKT-00670,2025-06-25 13:52:00,Arden Larsen,arden.larsen3@gmail.com,+3264788919,Berlin,Nimbus Basic,Delivery,Low,Social,Resolved,Premium,4,,6,139.03,Login | Password,
TKT-02351,2026-01-05 06:01:00,Kendall Meyer,kendall.meyer@mailbox.org,+13469313380,London,Cobalt Enterprise,Subscription,High,Social,Closed,Premium,2,1706.0,48,137.3,Billing | Invoice,
TKT-01237,2026-03-07 00:00:00,Finley Meyer,finley.meyer52@company.co,,Leeds,Nimbus Basic,Technical Issue,Medium,Live Chat,Pending Customer,,2,,48,171.27,Bug | Mobile,Follow-up required next business day.
TKT-01192,2024-04-19 18:30:00,Riley Larsen,riley.larsen@gmail.com,+2540935609,Seattle,Lumen Starter,Account Access,Low,Live Chat,Escalated,Enterprise,4,,48,5.63,Refund,Follow-up required next business day.
TKT-01752,2024-02-18 00:00:00,Sage Ahmed,sage.ahmed9@gmail.com,+19869458064,Bristol,Lumen Starter,Subscription,Low,Live Chat,Open,Standard,5,,79,116.28,,Follow-up required next business day.
TKT-00196,2026-05-22 00:00:00,Kendall Reed,kendall.reed@example.com,+16165722479,Amsterdam,Mosaic Team,Delivery,High,Live Chat,Pending Customer,Standard,,,48,100.19,Feature-Request,Escalated to the specialist queue.
TKT-02020,2025-04-25 20:46:00,Parker Grant,parker.grant@mailbox.org,,Birmingham,Nimbus Basic,Billing,High,Phone,Pending Customer,Standard,4,651.0,,10.84,Billing | Invoice,No additional context provided.
TKT-01212,2024-01-28 00:00:00,Kendall Turner,kendall.turner@mailbox.org,+14105781657,Seattle,Vertex Analytics,Subscription,Urgent,Web-Form,Resolved,,4,1513.0,,40.89,,Follow-up required next business day.
TKT-00925,2026-02-26 18:26:00,Rowan Kowalski,rowan.kowalski@example.com,+447494782063,Leeds,Cobalt Enterprise,Account Access,Low,Phone,Escalated,Premium,,,4,144.73,,Customer supplied screenshots.
TKT-00436,2025-06-08 00:00:00,Quinn Morales,quinn.morales80@mailbox.org,+447570908283,London,Cobalt Enterprise,Subscription,Medium,Phone,Open,Premium,1,929.0,55,83.08,Billing | Invoice,Escalated to the specialist queue.
TKT-02248,2025-08-01 12:03:00,Morgan Grant,morgan.grant@company.co,+15328536526,New York,Atlas Pro,Technical Issue,Urgent,Live Chat,Resolved,,2,,,5.83,Refund,
TKT-02201,2024-12-15 22:31:00,Riley Parker,riley.parker@gmail.com,+447816981369,Birmingham,Lumen Starter,Security,Medium,Phone,Pending Customer,,1,1471.0,48,178.24,Billing | Invoice,Escalated to the specialist queue.
TKT-01654,2025-09-15 18:41:00,Finley Nguyen,finley.nguyen24@outlook.com,,Cape Town,Vertex Analytics,Product Question,Urgent,Phone,Open,Standard,,1458.0,,59.58,Feature-Request,Escalated to the specialist queue.
TKT-00322,2025-09-17 00:00:00,Devon Morales,devon.morales54@example.com,+19603375786,Singapore,Nimbus Basic,Account Access,Urgent,Email,Open,Premium,4,,46,111.73,Refund,Customer mentioned a previous unresolved ticket.
TKT-02698,2026-04-17 21:14:00,Taylor Turner,taylor.turner@company.co,,Dublin,Atlas Pro,Feature Request,Medium,Social,Escalated,Premium,,862.0,,6.83,Delivery | Late,Customer supplied screenshots.
TKT-00715,2026-05-16 00:00:00,Alexis Okafor,alexis.okafor@mailbox.org,+15449915024,New York,Vertex Analytics,Subscription,High,Email,Open,Premium,5,,,76.93,,
TKT-02465,2025-09-08 00:00:00,Milan Meyer,milan.meyer@company.co,+447272487697,London,Harbor Essentials,Refund,Urgent,Social,Pending Customer,Premium,4,,70,126.8,Delivery | Late,Follow-up required next business day.
TKT-00230,2026-04-08 00:00:00,Robin Morales,robin.morales@company.co,+447545496566,Birmingham,Harbor Essentials,Technical Issue,High,Web-Form,Open,,,,,116.38,Refund,Customer supplied screenshots.
TKT-00492,2024-03-10 00:00:00,Jordan Brooks,jordan.brooks63@company.co,,London,Mosaic Team,Feature Request,Urgent,Web-Form,Open,Standard,4,1369.0,,160.4,Account | Security | Urgent,Customer requested an update after the first response.
TKT-01968,2024-03-08 00:00:00,Reese Hughes,reese.hughes99@example.com,+447429107496,Berlin,Mosaic Team,Delivery,Medium,Social,Closed,Free,,761.0,22,70.68,Product Question,
TKT-02056,2025-04-09 00:00:00,Sage Carter,sage.carter82@mailbox.org,+447467208262,Leeds,Orchid Plus,Technical Issue,Urgent,Web-Form,Resolved,Enterprise,,825.0,84,33.94,,
TKT-02629,2026-01-26 00:00:00,Skyler Diaz,skyler.diaz@mailbox.org,+9141286419,,Atlas Pro,Feature Request,Medium,Live Chat,Pending Customer,Free,5,,25,54.63,Delivery | Late,
TKT-00342,2026-04-18 00:00:00,Sage Sullivan,sage.sullivan@mailbox.org,+447365867457,Austin,Cobalt Enterprise,Billing,High,Social,Open,Enterprise,2,1490.0,,92.4,,Follow-up required next business day.
TKT-02748,2024-01-29 09:09:00,Reese Singh,reese.singh@gmail.com,,Birmingham,Atlas Pro,Feature Request,Medium,Phone,Escalated,Premium,2,,,15.69,Feature-Request,
TKT-00816,2025-05-03 00:00:00,Reese Petrov,reese.petrov@mailbox.org,,Cape Town,Vertex Analytics,Security,High,Live Chat,Pending Customer,Premium,1,,,0,Refund,Customer supplied screenshots.
TKT-00216,2025-11-24 17:57:00,Rowan Morris,rowan.morris@company.co,+16172308942,Singapore,Nimbus Basic,Technical Issue,Medium,Social,Closed,Free,,1769.0,,120.74,Account | Security | Urgent,Escalated to the specialist queue.
TKT-00571,2025-04-14 00:00:00,Rowan Santos,rowan.santos71@outlook.com,,Amsterdam,Atlas Pro,Account Access,Urgent,Email,Resolved,Free,1,,,80.01,Refund,Issue reproduced on a mobile device.
TKT-02758,2025-04-27 16:15:00,Jamie Sullivan,jamie.sullivan@outlook.com,+16202418543,New York,Vertex Analytics,Refund,High,Phone,Resolved,Premium,1,1632.0,,37.29,Feature-Request,Customer mentioned a previous unresolved ticket.
TKT-00666,2026-04-23 00:00:00,Micah Parker,micah.parker@gmail.com,+14635902661,Glasgow,Orchid Plus,Delivery,Low,Phone,Closed,Standard,2,,48,,Billing | Invoice,Customer supplied screenshots.
TKT-01679,2026-01-28 15:00:00,Blake Kim,blake.kim12@example.com,+12554475065,,Orchid Plus,Feature Request,Urgent,Live Chat,Resolved,Premium,5,,,133.91,,
TKT-02530,2025-02-03 13:10:00,Emerson Ibrahim,emerson.ibrahim@example.com,+447529942582,Berlin,Cobalt Enterprise,Feature Request,Medium,Social,Escalated,Free,,,53,16.8,Product Question,
TKT-02101,2024-10-25 23:21:00,Drew Sullivan,drew.sullivan@outlook.com,,Bristol,Nimbus Basic,Security,Medium,Social,Resolved,Premium,2,652.0,,99.7,Billing | Invoice,No additional context provided.
TKT-01039,2025-12-15 00:00:00,Avery Bennett,avery.bennett@example.com,,Bristol,Nimbus Basic,Subscription,Low,Web-Form,Pending Customer,Free,4,,,91.34,Feature-Request,No additional context provided.
TKT-02522,2024-06-10 00:00:00,Parker Chen,parker.chen@outlook.com,,Birmingham,Lumen Starter,Refund,Urgent,Social,Resolved,Enterprise,4,,48,243.19,Billing | Invoice,Follow-up required next business day.
TKT-00335,2025-01-18 15:42:00,Morgan Grant,morgan.grant40@mailbox.org,,,Cobalt Enterprise,Refund,Urgent,Phone,Resolved,,4,,,132.63,,No additional context provided.
TKT-01012,2024-10-30 21:06:00,Ellis Hansen,ellis.hansen@gmail.com,,Melbourne,Lumen Starter,Delivery,Low,Social,Escalated,,4,,48,89.87,Refund,Customer mentioned a previous unresolved ticket.
TKT-01136,2024-12-13 16:20:00,Drew Reed,drew.reed@gmail.com,,Manchester,Atlas Pro,Billing,Medium,Social,Resolved,Premium,,,48,132.02,Account | Security | Urgent,Follow-up required next business day.
TKT-02743,2024-03-25 17:32:00,Jamie Parker,jamie.parker@gmail.com,,Manchester,Nimbus Basic,Account Access,Medium,Email,Resolved,,2,,,81.39,Bug | Mobile,Escalated to the specialist queue.
TKT-01796,2025-06-08 00:00:00,Arden Wilson,arden.wilson@company.co,,Toronto,Orchid Plus,Delivery,Medium,Email,Open,Premium,,,,37.64,Delivery | Late,Customer supplied screenshots.
TKT-00661,2024-01-27 20:35:00,Hayden Kowalski,hayden.kowalski@gmail.com,+8827886045,Cape Town,Harbor Essentials,Delivery,High,Web-Form,Resolved,,3,1150.0,,47.45,,Customer mentioned a previous unresolved ticket.
TKT-01256,2025-10-23 20:24:00,Avery Hughes,avery.hughes@mailbox.org,,Bristol,Mosaic Team,Account Access,High,Web-Form,Closed,Standard,5,,,12.47,Billing | Invoice,Escalated to the specialist queue.
TKT-00530,2024-06-30 18:48:00,Quinn Chen,quinn.chen@outlook.com,+447258192988,Dublin,Atlas Pro,Product Question,High,Web-Form,Pending Customer,Standard,,1533.0,48,29.26,Login | Password,Customer supplied screenshots.
TKT-02592,2024-06-17 00:46:00,Hayden Sullivan,hayden.sullivan35@example.com,+16746359819,Seattle,Harbor Essentials,Feature Request,Low,Phone,Open,,4,,54,53.85,Refund,Follow-up required next business day.
TKT-01611,2026-04-09 00:00:00,Arden Novak,arden.novak@company.co,+18445011881,Berlin,Atlas Pro,Technical Issue,Low,Live Chat,Resolved,,,,,62.95,Billing | Invoice,
TKT-00015,2024-03-20 09:45:00,Parker Sullivan,parker.sullivan41@outlook.com,+13569234505,Toronto,Mosaic Team,Security,Urgent,Phone,Escalated,Premium,4,,91,0,,
TKT-01239,2024-09-04 13:00:00,Tatum Morris,tatum.morris@example.com,+19515125610,New York,Atlas Pro,Billing,High,Email,Open,,,,,110.29,Billing | Invoice,Issue reproduced on a mobile device.
TKT-00307,2024-03-13 00:00:00,Morgan Hughes,morgan.hughes@company.co,+447841403978,Manchester,Cobalt Enterprise,Security,Low,Web-Form,Resolved,,2,1180.0,48,149.27,Billing | Invoice,
TKT-00235,2025-01-30 00:00:00,Skyler Patel,skyler.patel@outlook.com,+447032966621,Singapore,Mosaic Team,Account Access,Medium,Phone,Open,Enterprise,4,423.0,28,196.92,Login | Password,Customer supplied screenshots.
TKT-01151,2025-06-30 08:43:00,Taylor Parker,taylor.parker@outlook.com,,Manchester,Orchid Plus,Delivery,Urgent,Web-Form,Open,,1,,89,24.47,Delivery | Late,Customer mentioned a previous unresolved ticket.
TKT-00954,2025-01-07 20:00:00,Parker Ibrahim,parker.ibrahim@example.com,+16022518908,Seattle,Cobalt Enterprise,Feature Request,Urgent,Social,Resolved,Premium,2,,,158.41,Billing | Invoice,Customer requested an update after the first response.
TKT-01746,2025-06-22 00:00:00,Alexis Hughes,alexis.hughes@example.com,+4490774733,Berlin,Nimbus Basic,Subscription,High,Web-Form,Escalated,Premium,4,,,92.11,,
TKT-02409,2025-06-28 16:26:00,Blake Chen,blake.chen@company.co,+12293077015,London,Cobalt Enterprise,Account Access,Low,Phone,Open,Premium,,,,123.63,,Issue reproduced on a mobile device.
TKT-00928,2024-05-30 00:00:00,Morgan  Fischer,morgan.fischer80@gmail.com,+447983144705,Toronto,Cobalt Enterprise,Account Access,High,Web-Form,Closed,Premium,5,,,99.75,Feature-Request,
TKT-00563,2024-11-30 00:00:00,Sage Larsen,sage.larsen@example.com,,Dublin,Lumen Starter,Account Access,Medium,Social,Pending Customer,,5,,48,126.91,Refund,Issue reproduced on a mobile device.
TKT-02766,2024-12-06 11:23:00,Cameron Ahmed,cameron.ahmed53@gmail.com,+3643929816,Berlin,Lumen Starter,Technical Issue,High,Phone,Pending Customer,Free,,,48,124.12,,Issue reproduced on a mobile device.
TKT-01477,2026-05-05 07:18:00,Finley Petrov,finley.petrov@outlook.com,+19748102415,Toronto,Cobalt Enterprise,Account Access,Urgent,Web-Form,Closed,Standard,,,61,72.35,Product Question,Customer mentioned a previous unresolved ticket.
TKT-00124,2025-06-19 00:00:00,Blake Bennett,blake.bennett@gmail.com,+16784745514,Bristol,Vertex Analytics,Subscription,High,Live Chat,Escalated,Premium,4,,48,1.9,Refund,Escalated to the specialist queue.
TKT-00609,2024-07-21 16:33:00,Reese Ahmed,reese.ahmed@mailbox.org,+14759036765,Bristol,Mosaic Team,Billing,High,Social,Open,Premium,,32.0,48,0,Bug | Mobile,Customer mentioned a previous unresolved ticket.
TKT-02213,2026-06-13 00:00:00,Devon Santos,devon.santos@outlook.com,+447177298751,Melbourne,Vertex Analytics,Refund,Urgent,Social,Pending Customer,,5,,92,127.53,Billing | Invoice,Customer requested an update after the first response.
TKT-00570,2025-09-14 00:00:00,Marley Okafor,marley.okafor@example.com,+19276462750,Austin,Orchid Plus,Technical Issue,Low,Phone,Open,Standard,,,28,59.67,Billing | Invoice,
TKT-01687,2025-04-05 00:00:00,Tatum Nguyen,tatum.nguyen@gmail.com,+447874562720,New York,Mosaic Team,Technical Issue,High,Phone,Closed,Free,5,455.0,,53.45,Billing | Invoice,
TKT-02505,2024-03-14 22:44:00,Finley Patel,finley.patel@mailbox.org,,Glasgow,Nimbus Basic,Subscription,Medium,Live Chat,Pending Customer,Enterprise,4,,,,,Issue reproduced on a mobile device.
TKT-00789,2024-08-12 00:00:00,Kendall Kim,kendall.kim@outlook.com,+13506993527,Melbourne,Lumen Starter,Technical Issue,Medium,Social,Pending Customer,,4,,,75.14,Delivery | Late,Customer requested an update after the first response.
TKT-02685,2025-11-10 00:00:00,Milan Meyer,milan.meyer@example.com,+17805575813,Glasgow,Lumen Starter,Feature Request,Medium,Web-Form,Pending Customer,Premium,4,,36,97.43,Product Question,Customer requested an update after the first response.
TKT-01568,2026-04-20 08:26:00,Ellis Wilson,ellis.wilson@company.co,+13723955092,Melbourne,Cobalt Enterprise,Subscription,Low,Phone,Resolved,,5,662.0,48,107.38,Billing | Invoice,Escalated to the specialist queue.
TKT-00712,2024-04-11 00:00:00,Riley Morales,riley.morales49@outlook.com,,New York,Nimbus Basic,Product Question,Medium,Live Chat,Closed,Enterprise,5,1648.0,,73.68,Billing | Invoice,
TKT-01474,2026-02-07 02:19:00,Drew Diaz,drew.diaz@mailbox.org,+447571963089,Cape Town,Atlas Pro,Delivery,High,Social,Pending Customer,Standard,2,367.0,48,79.81,Login | Password,Customer requested an update after the first response.
TKT-01642,2025-01-08 00:00:00,Morgan Nguyen,morgan.nguyen@outlook.com,,Berlin,Mosaic Team,Billing,High,Live Chat,Closed,Premium,5,,14,156.67,Bug | Mobile,Issue reproduced on a mobile device.
TKT-01750,2025-07-30 00:00:00,Marley Patel,marley.patel66@company.co,,Toronto,Atlas Pro,Security,High,Web-Form,Closed,Standard,3,1068.0,48,134.06,,No additional context provided.
TKT-02521,2024-09-12 00:00:00,Arden Larsen,arden.larsen57@outlook.com,,Toronto,Orchid Plus,Product Question,High,Social,Resolved,Standard,5,1687.0,,88.64,Login | Password,No additional context provided.
TKT-01698,2026-01-22 00:00:00,Jordan Nguyen,jordan.nguyen@mailbox.org,,Melbourne,Harbor Essentials,Technical Issue,High,Phone,Pending Customer,Enterprise,2,,,41.72,Bug | Mobile,Follow-up required next business day.
TKT-00003,2025-12-05 00:00:00,Parker Singh,parker.singh@outlook.com,+13177719179,Leeds,Harbor Essentials,Technical Issue,Low,Live Chat,Pending Customer,,,544.0,48,114.62,Product Question,Customer mentioned a previous unresolved ticket.
TKT-00639,2025-06-08 09:29:00,Robin Wilson,robin.wilson7@mailbox.org,+15826141091,Dublin,Harbor Essentials,Billing,Medium,Phone,Resolved,Premium,5,1360.0,33,8.05,Refund,Customer supplied screenshots.
TKT-01741,2026-04-02 11:31:00,Devon Morris,devon.morris@example.com,,Berlin,Lumen Starter,Subscription,Urgent,Phone,Closed,Standard,,,,,,Issue reproduced on a mobile device.
TKT-00197,2024-10-08 15:00:00,Emerson Sullivan,emerson.sullivan@company.co,,Amsterdam,Harbor Essentials,Security,Low,Live Chat,Closed,Premium,,73.0,,30.39,Billing | Invoice,Escalated to the specialist queue.
TKT-01401,2025-07-06 04:32:00,Milan Walker,milan.walker@company.co,,Austin,Nimbus Basic,Delivery,Urgent,Web-Form,Open,Free,,876.0,48,21.42,Refund,Escalated to the specialist queue.
TKT-02430,2025-01-27 00:00:00,Arden Novak,arden.novak@outlook.com,+17262586465,Leeds,Cobalt Enterprise,Product Question,Urgent,Phone,Escalated,,5,781.0,,60.63,Account | Security | Urgent,
TKT-01410,2025-01-26 07:54:00,Quinn Fischer,quinn.fischer82@mailbox.org,,,Vertex Analytics,Product Question,Medium,Phone,Pending Customer,,2,428.0,41,65.2,Refund,No additional context provided.
TKT-01807,2025-07-18 09:24:00,Avery Ahmed,avery.ahmed@example.com,+447578891370,Birmingham,Lumen Starter,Feature Request,Medium,Phone,Open,,5,,48,93.69,Billing | Invoice,Issue reproduced on a mobile device.
TKT-01784,2026-04-15 00:00:00,Alexis Walker,alexis.walker53@mailbox.org,+13849481304,Melbourne,Lumen Starter,Account Access,High,Live Chat,Pending Customer,Standard,,,48,120.8,Login | Password,Escalated to the specialist queue.
TKT-00866,2025-12-10 22:32:00,Blake Ahmed,blake.ahmed@example.com,+4777547679,Berlin,Cobalt Enterprise,Account Access,Medium,Phone,Escalated,Enterprise,1,,79,57.68,Refund,
TKT-01169,2025-03-12 17:08:00,Micah Meyer,micah.meyer@mailbox.org,+15272495163,Seattle,Atlas Pro,Refund,Urgent,Social,Pending Customer,Premium,,,48,111.71,Feature-Request,Customer supplied screenshots.
TKT-01134,2024-03-17 00:00:00,Avery Morales,avery.morales@mailbox.org,+14955201823,Singapore,Mosaic Team,Billing,Medium,Social,Open,Premium,3,1541.0,,103.94,Feature-Request,
TKT-00946,2025-09-06 00:00:00,Parker Grant,parker.grant@gmail.com,+447988412051,London,Mosaic Team,Product Question,Low,Phone,Resolved,Enterprise,,,88,20.15,Login | Password,Customer mentioned a previous unresolved ticket.
TKT-01427,2024-05-16 09:23:00,Micah Patel,micah.patel6@gmail.com,+447244618441,Seattle,Nimbus Basic,Delivery,High,Web-Form,Pending Customer,,1,,48,192.09,None,Follow-up required next business day.
TKT-01030,2024-06-09 00:00:00,Blake Carter,blake.carter58@company.co,+14233929854,New York,Mosaic Team,Technical Issue,Urgent,Phone,Closed,Enterprise,4,,,22.75,,Escalated to the specialist queue.
TKT-01810,2025-09-22 00:00:00,Jordan Petrov,jordan.petrov70@example.com,,Birmingham,Nimbus Basic,Refund,Medium,Live Chat,Resolved,Premium,5,,,128.23,Delivery | Late,Escalated to the specialist queue.
TKT-01908,2024-05-18 00:00:00,Sage Kim,sage.kim22@company.co,+18883262316,Dublin,Cobalt Enterprise,Security,Urgent,Phone,Closed,Premium,5,1545.0,48,17.03,Billing | Invoice,
TKT-02366,2025-05-16 00:00:00,Jordan Hansen,jordan.hansen30@mailbox.org,+14138221691,Leeds,Atlas Pro,Technical Issue,Urgent,Web-Form,Resolved,Standard,2,790.0,48,163.36,Login | Password,Follow-up required next business day.
TKT-01549,2025-06-15 01:45:00,Jordan Diaz,jordan.diaz@company.co,+447252404205,Berlin,Atlas Pro,Feature Request,Low,Live Chat,Pending Customer,Standard,2,387.0,,121.13,Refund,
TKT-02731,2024-05-19 22:41:00,Drew Nguyen,drew.nguyen@company.co,,Seattle,Mosaic Team,Refund,High,Social,Resolved,Standard,5,,63,146.7,Billing | Invoice,Customer mentioned a previous unresolved ticket.
TKT-01326,2025-09-19 00:00:00,Micah Brooks,micah.brooks@outlook.com,+11035713060,London,Cobalt Enterprise,Security,High,Email,Resolved,Premium,1,,48,0,Login | Password,Issue reproduced on a mobile device.
TKT-01170,2024-03-10 00:00:00,Drew Brooks,drew.brooks@mailbox.org,,Dublin,Nimbus Basic,Technical Issue,High,Live Chat,Pending Customer,Premium,4,,49,125.94,Billing | Invoice,Customer requested an update after the first response.
TKT-00783,2025-06-04 00:00:00,Finley Diaz,finley.diaz@gmail.com,,Birmingham,Atlas Pro,Delivery,Low,Web-Form,Resolved,Free,2,1639.0,54,99.91,Product Question,No additional context provided.
TKT-01442,2024-06-20 00:00:00,Reese Santos,reese.santos33@company.co,+447535772006,Amsterdam,Orchid Plus,Product Question,High,Phone,Open,,,,,143.54,Product Question,No additional context provided.
TKT-00413,2025-06-06 00:00:00,Marley Novak,marley.novak62@example.com,+18419717774,Berlin,Mosaic Team,Account Access,Urgent,Social,Closed,Enterprise,1,,48,0,Bug | Mobile,Customer supplied screenshots.
TKT-00500,2024-09-21 00:00:00,Sage Morris,sage.morris@company.co,+16106723383,New York,Harbor Essentials,Product Question,High,Social,Closed,,5,,48,2.95,Account | Security | Urgent,Follow-up required next business day.
TKT-01215,2025-07-13 11:48:00,Shawn Diaz,shawn.diaz33@outlook.com,+447197367363,,Harbor Essentials,Product Question,Urgent,Email,Pending Customer,,3,206.0,64,62.78,,No additional context provided.
TKT-02586,2026-05-07 08:00:00,Cameron Chen,cameron.chen@mailbox.org,,,Mosaic Team,Account Access,High,Web-Form,Open,Premium,,,,44.59,,
TKT-00358,2026-02-04 00:47:00,Riley Patel,riley.patel@gmail.com,,Cape Town,Vertex Analytics,Technical Issue,High,Social,Pending Customer,Enterprise,,685.0,71,63.12,Account | Security | Urgent,Customer supplied screenshots.
TKT-02257,2025-05-01 13:16:00,Jordan Reed,jordan.reed89@company.co,+4635117685,Toronto,Nimbus Basic,Billing,Medium,Phone,Resolved,Standard,4,,45,127.78,,Follow-up required next business day.
TKT-00160,2025-08-27 00:00:00,Parker Chen,parker.chen@mailbox.org,+447803556501,Melbourne,Nimbus Basic,Technical Issue,High,Email,Pending Customer,,2,,80,115.11,Account | Security | Urgent,Issue reproduced on a mobile device.
TKT-02616,2026-02-28 00:00:00,Quinn Santos,quinn.santos64@example.com,+6351363364,New York,Harbor Essentials,Billing,Low,Live Chat,Closed,,3,550.0,48,115.76,Billing | Invoice,Customer mentioned a previous unresolved ticket.
TKT-01828,2025-03-31 01:59:00,Blake Singh,blake.singh@example.com,,Glasgow,Vertex Analytics,Refund,High,Email,Open,Premium,,,45,156.6,Billing | Invoice,No additional context provided.
TKT-00502,2025-01-16 20:27:00,jordan santos,jordan.santos@gmail.com,+11484007165,Toronto,Cobalt Enterprise,Security,Medium,Phone,Pending Customer,Premium,5,,,184.02,,No additional context provided.
TKT-00103,2025-04-11 17:45:00,Alexis Petrov,alexis.petrov56@outlook.com,+447168951452,London,Atlas Pro,Technical Issue,High,Phone,Open,Free,,1035.0,35,60.15,Account | Security | Urgent,Customer requested an update after the first response.
TKT-02466,2024-12-26 00:00:00,micah nguyen,micah.nguyen@mailbox.org,,Amsterdam,Cobalt Enterprise,Technical Issue,High,Email,Closed,,,1423.0,,127.8,Bug | Mobile,Escalated to the specialist queue.
TICKET-00023,2024-02-10 00:00:00,Kendall Ibrahim,kendall.ibrahim@company.co,+11418813870,Glasgow,Cobalt Enterprise,Security,Urgent,Social,Open,,,,,82.71,,Escalated to the specialist queue.
TKT-01382,2024-11-10 09:31:00,Jordan Carter,jordan.carter@mailbox.org,+19453097652,London,Harbor Essentials,Delivery,Low,Phone,Pending Customer,Premium,1,,,52.16,Billing | Invoice,Customer mentioned a previous unresolved ticket.
TKT-00181,2024-06-15 18:12:00,Cameron Patel,cameron.patel@example.com,+4396871612,Bristol,Lumen Starter,Billing,High,Social,Escalated,Enterprise,,,,113.41,,Customer requested an update after the first response.
TKT-00780,2025-07-02 04:49:00,Emerson Ahmed,emerson.ahmed@company.co,,Seattle,Harbor Essentials,Account Access,High,Web-Form,Pending Customer,Free,4,,55,,Product Question,Follow-up required next business day.
TKT-01447,2024-04-22 00:00:00,Alexis Okafor,alexis.okafor@example.com,+17044379304,Melbourne,Cobalt Enterprise,Refund,Low,Phone,Closed,,,300.0,,49.93,Feature-Request,No additional context provided.
TKT-01044,2026-01-12 00:00:00,Sage Morales,sage.morales@company.co,+12115692768,London,Lumen Starter,Subscription,Medium,Live Chat,Pending Customer,Free,4,,3,76.88,Login | Password,Customer mentioned a previous unresolved ticket.
TKT-02413,2026-01-27 00:00:00,Kendall Chen,kendall.chen65@gmail.com,+12104506634,Dublin,Nimbus Basic,Product Question,Low,Social,Resolved,Premium,5,,48,17.26,Billing | Invoice,Customer supplied screenshots.
TKT-01940,2024-03-26 03:18:00,Avery Fischer,avery.fischer@outlook.com,,Melbourne,Orchid Plus,Delivery,Low,Email,Escalated,,5,773.0,48,84.39,Refund,Customer mentioned a previous unresolved ticket.
TKT-00184,2024-01-03 05:15:00,Drew Okafor,drew.okafor16@gmail.com,,Leeds,Cobalt Enterprise,Subscription,High,Email,Pending Customer,Free,4,,94,105.54,Login | Password,No additional context provided.
TKT-00067,2025-07-31 00:00:00,Jordan Morales,jordan.morales@outlook.com,,Austin,Atlas Pro,Product Question,Urgent,Phone,Escalated,Premium,3,1620.0,48,75.04,Billing | Invoice,Escalated to the specialist queue.
TKT-01285,2024-02-01 10:40:00,Parker Santos,parker.santos@outlook.com,+14943053161,Seattle,Vertex Analytics,Security,Medium,Email,Closed,,3,,48,35.77,Login | Password,Customer requested an update after the first response.
TKT-02591,2024-03-15 05:59:00,Avery Carter,avery.carter@outlook.com,,Toronto,Cobalt Enterprise,Security,Medium,Web-Form,Resolved,Free,4,,,147.06,Product Question,Issue reproduced on a mobile device.
TKT-01472,2024-01-22 00:00:00,Marley Walker,marley.walker@mailbox.org,+312801814,Seattle,Nimbus Basic,Delivery,Urgent,Email,Pending Customer,,4,,48,45.46,Delivery | Late,Customer requested an update after the first response.
TKT-00363,2024-02-05 00:00:00,Arden Kowalski,arden.kowalski@example.com,+11672158793,Seattle,Nimbus Basic,Subscription,Urgent,Social,Escalated,Standard,,,78,73.02,Refund,Customer supplied screenshots.
TKT-01625,2026-05-21 00:00:00,Ellis Bennett,ellis.bennett@example.com,+4825016443,Berlin,Atlas Pro,Delivery,Low,Phone,Closed,,5,,76,182.03,Billing | Invoice,Customer mentioned a previous unresolved ticket.
TKT-00644,2025-04-19 20:37:00,Micah Chen,micah.chen@company.co,+12907199592,Seattle,Mosaic Team,Account Access,Urgent,Web-Form,Resolved,,4,1271.0,,0,Product Question,Customer mentioned a previous unresolved ticket.
TKT-00754,2025-09-04 00:00:00,Drew Nguyen,drew.nguyen@example.com,+12962839900,Berlin,Lumen Starter,Subscription,Low,Social,Pending Customer,Premium,1,181.0,,136.95,,Escalated to the specialist queue.
TKT-01218,2025-11-09 00:00:00,Ellis Kowalski,ellis.kowalski@outlook.com,,Berlin,Orchid Plus,Subscription,Urgent,Web-Form,Open,,,,48,94.34,Billing | Invoice,Escalated to the specialist queue.
TKT-02035,2024-11-20 13:15:00,Hayden Grant,hayden.grant80@mailbox.org,+18652394187,Singapore,Orchid Plus,Subscription,Medium,Live Chat,Pending Customer,Premium,5,225.0,48,137.31,Account | Security | Urgent,
TKT-00580,2025-06-16 00:00:00,Blake Diaz,blake.diaz@example.com,,Berlin,Cobalt Enterprise,Technical Issue,Low,Web-Form,Open,Enterprise,4,,,141.91,Product Question,
TKT-01222,2025-11-16 08:37:00,Avery Walker,avery.walker@mailbox.org,,Singapore,Atlas Pro,Account Access,Medium,Social,Resolved,Standard,4,,48,96.04,,No additional context provided.
TKT-01606,2025-05-05 11:43:00,Quinn Morris,quinn.morris@example.com,,Birmingham,Lumen Starter,Security,High,Phone,Resolved,Enterprise,4,,48,26.57,,
TKT-00835,2026-01-13 00:00:00,Emerson Larsen,emerson.larsen@company.co,,Berlin,Cobalt Enterprise,Security,Low,Social,Closed,,5,1430.0,15,77.09,Login | Password,No additional context provided.
TKT-01355,2024-08-13 00:00:00,Marley Brooks,marley.brooks@mailbox.org,,Birmingham,Harbor Essentials,Feature Request,High,Phone,Resolved,,4,,,47.29,Bug | Mobile,Customer mentioned a previous unresolved ticket.
TKT-00829,2024-12-28 14:42:00,jordan meyer,jordan.meyer@company.co,+12917151799,Dublin,Nimbus Basic,Security,Urgent,Web-Form,Pending Customer,Free,3,,,55.89,,
TKT-01175,2026-04-15 18:54:00,Casey Hughes,casey.hughes@gmail.com,,Bristol,Vertex Analytics,Delivery,Urgent,Email,Closed,Premium,,1147.0,,37.53,Billing | Invoice,
TKT-00504,2024-10-28 06:10:00,Micah Wilson,micah.wilson@gmail.com,+19825232103,Berlin,Mosaic Team,Subscription,Urgent,Web-Form,Pending Customer,Standard,,,,,Account | Security | Urgent,Customer requested an update after the first response.
TKT-01131,2025-07-25 20:28:00,Casey Hughes,casey.hughes@mailbox.org,+447890558415,Dublin,Cobalt Enterprise,Security,Low,Phone,Pending Customer,Enterprise,3,458.0,,96.67,Product Question,
TKT-01911,2024-03-25 00:00:00,Hayden Ibrahim,hayden.ibrahim99@outlook.com,+447943333303,Birmingham,Vertex Analytics,Delivery,Medium,Live Chat,Open,Premium,4,,,174.29,,Follow-up required next business day.
TKT-01268,2025-07-31 00:00:00,Devon Nguyen,devon.nguyen@company.co,+19554069521,London,Vertex Analytics,Feature Request,High,Web-Form,Open,Standard,,1514.0,27,29.29,,Customer mentioned a previous unresolved ticket.
TKT-01462,2025-09-27 17:35:00,Finley Nguyen,finley.nguyen@outlook.com,+19347918384,Glasgow,Cobalt Enterprise,Delivery,Urgent,Live Chat,Escalated,Free,5,,48,11.66,Billing | Invoice,Customer mentioned a previous unresolved ticket.
TKT-01042,2025-02-10 00:00:00,Micah Morales,micah.morales@gmail.com,+4438013349,Austin,Atlas Pro,Feature Request,Low,Web-Form,Resolved,Standard,1,1623.0,48,53.76,Feature-Request,Customer requested an update after the first response.
TKT-01716,2025-05-20 00:00:00,Riley Meyer,riley.meyer@mailbox.org,,Bristol,Orchid Plus,Technical Issue,Medium,Email,Closed,,,,74,74.02,Delivery | Late,
TKT-01831,2024-10-22 00:00:00,Emerson Turner,emerson.turner13@mailbox.org,,New York,Lumen Starter,Security,High,Email,Resolved,,3,427.0,20,117.95,Account | Security | Urgent,Escalated to the specialist queue.
TKT-00776,2024-09-30 00:00:00,Micah Ibrahim,micah.ibrahim@company.co,,Berlin,Nimbus Basic,Security,Urgent,Email,Pending Customer,Standard,1,,29,0,Account | Security | Urgent,Customer mentioned a previous unresolved ticket.
TKT-01038,2025-10-04 00:00:00,Parker Morris,parker.morris@example.com,+16048524552,Amsterdam,Nimbus Basic,Subscription,Urgent,Email,Open,Premium,1,377.0,,0,Billing | Invoice,Customer supplied screenshots.
TKT-02260,2024-07-31 09:57:00,Hayden Wilson,hayden.wilson@outlook.com,+19724483922,London,Nimbus Basic,Technical Issue,High,Web-Form,Open,Premium,5,,52,89.94,Login | Password,
TKT-01609,2025-08-29 14:58:00,Jordan Ahmed,jordan.ahmed@gmail.com,+17821078878,Dublin,Atlas Pro,Technical Issue,High,Email,Escalated,Premium,5,,48,96.77,Delivery | Late,Issue reproduced on a mobile device.
TKT-01358,2025-04-04 00:00:00,Alexis Meyer,alexis.meyer@outlook.com,+4344499216,Amsterdam,Cobalt Enterprise,Account Access,Urgent,Live Chat,Resolved,,4,1251.0,,100.55,Product Question,Customer supplied screenshots.
TKT-00596,2026-01-01 00:19:00,Casey Nguyen,casey.nguyen26@mailbox.org,+12145676387,,Nimbus Basic,Technical Issue,Low,Live Chat,Open,,4,,,50.95,Product Question,Customer requested an update after the first response.
TKT-00986,2026-06-02 04:34:00,Morgan Carter,morgan.carter@gmail.com,+447715137534,London,Mosaic Team,Delivery,Medium,Phone,Escalated,Premium,,,,15.29,,
TKT-02326,2026-04-21 00:00:00,Quinn Ibrahim,quinn.ibrahim@gmail.com,+14492406193,Leeds,Cobalt Enterprise,Product Question,High,Live Chat,Pending Customer,Free,,,,115.78,Product Question,
TKT-00464,2025-11-14 17:32:00,Emerson Chen,emerson.chen@gmail.com,+15967154310,Glasgow,Vertex Analytics,Subscription,High,Phone,Resolved,,2,770.0,48,90.77,Billing | Invoice,Escalated to the specialist queue.
TKT-02481,2025-09-23 00:00:00,Micah Petrov,micah.petrov31@gmail.com,+14268621576,London,Mosaic Team,Product Question,Low,Live Chat,Closed,Enterprise,5,1154.0,,45.68,Billing | Invoice,Customer mentioned a previous unresolved ticket.
TKT-00735,2025-09-09 00:00:00,Rowan Okafor,rowan.okafor@example.com,+12255241480,New York,Harbor Essentials,Technical Issue,Medium,Social,Open,Free,4,,56,135.6,Feature-Request,Customer mentioned a previous unresolved ticket.
TKT-00314,2026-06-11 21:05:00,Jamie Carter,jamie.carter15@mailbox.org,+17935241687,Austin,Cobalt Enterprise,Security,Medium,Live Chat,Closed,Standard,5,1108.0,48,123.74,Billing | Invoice,
TKT-01266,2025-01-25 05:49:00,avery brooks,avery.brooks@mailbox.org,+19125276002,Berlin,Lumen Starter,Delivery,Urgent,Email,Open,Premium,4,133.0,48,1.25,Bug | Mobile,
TKT-01550,2024-05-21 00:00:00,Tatum Brooks,tatum.brooks@outlook.com,,Manchester,Mosaic Team,Account Access,High,Social,Open,,,1260.0,,146.48,Product Question,No additional context provided.
TKT-00056,2024-06-10 13:53:00,Jamie Hansen,jamie.hansen62@gmail.com,+447667702022,Bristol,Cobalt Enterprise,Product Question,Urgent,Web-Form,Pending Customer,Standard,3,,,130.22,Refund,Customer requested an update after the first response.
TKT-00134,2024-09-23 00:00:00,Cameron Bennett,,+17039738816,Amsterdam,Lumen Starter,Product Question,Low,Live Chat,Escalated,,4,,,105.05,,Follow-up required next business day.
TKT-01690,2024-09-13 21:16:00,Drew Larsen,drew.larsen47@example.com,+15987288707,Birmingham,Nimbus Basic,Product Question,Low,Phone,Resolved,Premium,1,294.0,22,64.76,Billing | Invoice,Customer requested an update after the first response.
TKT-00291,2024-11-20 11:48:00,Rowan Nguyen,rowan.nguyen@company.co,+16657052989,Manchester,Lumen Starter,Billing,Medium,Email,Closed,Free,5,,22,67.55,Feature-Request,
TKT-01899,2026-05-06 14:18:00,Drew Carter,drew.carter@company.co,+12623879478,Berlin,Nimbus Basic,Feature Request,High,Web-Form,Escalated,Standard,,,,109.85,,Customer requested an update after the first response.
TKT-01838,2025-04-17 06:04:00,Robin Sullivan,robin.sullivan21@company.co,+5452482171,London,Orchid Plus,Account Access,High,Social,Pending Customer,,,646.0,,84.97,Feature-Request,
TKT-01981,2024-10-04 07:38:00,Jamie Santos,jamie.santos38@example.com,+18494241105,Melbourne,Cobalt Enterprise,Technical Issue,Urgent,Live Chat,Open,,1,,,25.56,Account | Security | Urgent,
TKT-00750,2024-02-13 00:00:00,Hayden Hughes,hayden.hughes33@example.com,,Toronto,Cobalt Enterprise,Product Question,Medium,Live Chat,Pending Customer,Standard,5,371.0,48,1.63,Product Question,Issue reproduced on a mobile device.
TKT-02319,2026-03-02 04:23:00,Kendall Chen,kendall.chen@gmail.com,+11895716056,London,Atlas Pro,Product Question,High,Social,Escalated,,,,,48.29,Feature-Request,Customer supplied screenshots.
TKT-01763,2025-09-27 14:26:00,Emerson Parker,emerson.parker@gmail.com,,Manchester,Vertex Analytics,Feature Request,Urgent,Phone,Escalated,,4,383.0,,83.15,Billing | Invoice,Customer requested an update after the first response.
TKT-02754,2024-05-23 00:00:00,Ellis Carter,ellis.carter@gmail.com,+447303452865,Dublin,Harbor Essentials,Refund,Urgent,Social,Pending Customer,Premium,,619.0,,70.7,Bug | Mobile,Customer requested an update after the first response.
TKT-01988,2024-06-04 07:26:00,Kendall Petrov,kendall.petrov78@gmail.com,+447728499037,Bristol,Cobalt Enterprise,Refund,Medium,Phone,Closed,Premium,3,727.0,48,107.39,Account | Security | Urgent,
TKT-02298,2025-05-16 00:00:00,Milan Chen,milan.chen93@outlook.com,+19525244774,Austin,Harbor Essentials,Security,Low,Email,Resolved,,,,,156.09,Refund,Customer mentioned a previous unresolved ticket.
TKT-01817,2026-04-02 22:58:00,Rowan Bennett,rowan.bennett87@outlook.com,+17826952585,New York,Harbor Essentials,Subscription,High,Phone,Open,,,,48,0,Feature-Request,Follow-up required next business day.
TKT-01122,2025-11-11 00:00:00,Blake Novak,blake.novak@company.co,+14307876334,London,Mosaic Team,Account Access,High,Web-Form,Open,,,,48,144.29,Product Question,No additional context provided.
TKT-00429,2024-10-25 12:31:00,Robin Singh,robin.singh86@outlook.com,+19082747403,Amsterdam,Lumen Starter,Billing,High,Email,Pending Customer,,,,48,137.21,Refund,Customer supplied screenshots.
TKT-02558,2025-12-14 21:11:00,Sage Sullivan,sage.sullivan@outlook.com,,Austin,Cobalt Enterprise,Billing,High,Social,Resolved,,,,,79.19,Product Question,
TKT-01347,2025-03-15 15:05:00,Marley Meyer,marley.meyer@gmail.com,,Leeds,Atlas Pro,Feature Request,High,Web-Form,Closed,Free,2,,52,0,Login | Password,Issue reproduced on a mobile device.
TKT-00208,2024-07-14 00:00:00,Ellis Bennett,ellis.bennett@mailbox.org,+18417514127,Melbourne,Atlas Pro,Refund,Low,Live Chat,Open,Enterprise,3,,,107.26,Bug | Mobile,Follow-up required next business day.
TKT-01501,2024-11-15 00:00:00,Hayden Patel,hayden.patel75@outlook.com,+12797097456,Dublin,Atlas Pro,Billing,Urgent,Email,Closed,,,,23,121.81,Account | Security | Urgent,Customer supplied screenshots.
TKT-00943,2025-02-20 00:00:00,Rowan Okafor,,+447056941934,Toronto,Mosaic Team,Subscription,Low,Live Chat,Closed,,5,,,114.76,Account | Security | Urgent,
TKT-01660,2024-05-13 00:00:00,Milan Sullivan,milan.sullivan53@mailbox.org,+19502361369,Leeds,Nimbus Basic,Feature Request,Low,Live Chat,Open,,5,,48,141.69,,
TKT-01834,2024-09-10 06:29:00,Emerson Brooks,emerson.brooks14@company.co,,Manchester,Mosaic Team,Delivery,High,Web-Form,Pending Customer,Enterprise,5,,,94.79,Bug | Mobile,Customer supplied screenshots.
TKT-00510,2025-04-05 00:00:00,Riley Sullivan,riley.sullivan@gmail.com,,Glasgow,Vertex Analytics,Account Access,Low,Social,Escalated,Standard,,,,33.3,Billing | Invoice,
TKT-01600,2025-01-09 00:00:00,Shawn Kowalski,shawn.kowalski75@gmail.com,+13334127009,Leeds,Vertex Analytics,Subscription,Medium,Live Chat,Open,Premium,2,,,,Delivery | Late,Customer supplied screenshots.
TKT-00480,2026-02-03 00:00:00,Sage Walker,sage.walker@outlook.com,+15333452478,Dublin,Orchid Plus,Billing,Medium,Phone,Pending Customer,Standard,,,,140.58,Bug | Mobile,Follow-up required next business day.
TKT-00040,2025-01-31 13:57:00,Micah Ibrahim,micah.ibrahim7@company.co,+18945955655,Singapore,Cobalt Enterprise,Billing,Medium,Social,Pending Customer,Standard,3,,13,89.83,Feature-Request,Customer supplied screenshots.
TKT-01229,2025-09-11 00:00:00,Taylor Kowalski,taylor.kowalski@outlook.com,+447851876977,Melbourne,Nimbus Basic,Security,Medium,Phone,Open,Premium,4,,,132.01,Billing | Invoice,No additional context provided.
TKT-00195,2024-07-24 12:26:00,Finley Hughes,finley.hughes20@mailbox.org,,Berlin,Orchid Plus,Billing,Low,Social,Pending Customer,,4,309.0,48,88.52,,Customer mentioned a previous unresolved ticket.
TKT-02242,2024-08-14 00:00:00,Rowan Morales,rowan.morales@mailbox.org,,New York,Lumen Starter,Product Question,Low,Live Chat,Pending Customer,Free,,,,111.14,,Follow-up required next business day.
TKT-02614,2025-08-13 05:50:00,taylor nguyen,taylor.nguyen@gmail.com,+447123649430,Toronto,Nimbus Basic,Technical Issue,Medium,Email,Closed,,4,858.0,,78.64,Billing | Invoice,
TKT-02365,2026-06-18 15:53:00,Robin Morales,robin.morales@mailbox.org,+447688403016,Glasgow,Harbor Essentials,Delivery,Medium,Social,Pending Customer,,1,206.0,,44.39,Refund,Customer mentioned a previous unresolved ticket.
TKT-00432,2024-12-17 00:00:00,Hayden Ibrahim,hayden.ibrahim@example.com,+17047274222,Singapore,Harbor Essentials,Delivery,Medium,Social,Escalated,Enterprise,1,,,0,,Issue reproduced on a mobile device.
TKT-01958,2024-11-11 16:11:00,Tatum Nguyen,tatum.nguyen50@company.co,+447552154822,Birmingham,Orchid Plus,Refund,Medium,Web-Form,Resolved,Standard,5,1301.0,,251.58,Billing | Invoice,Issue reproduced on a mobile device.
TKT-01996,2025-05-08 09:29:00,Quinn Walker,quinn.walker27@company.co,,Birmingham,Atlas Pro,Security,Urgent,Phone,Open,,,,,137.86,Product Question,Customer requested an update after the first response.
TKT-01979,2024-10-27 00:00:00,Milan Diaz,milan.diaz@company.co,,Seattle,Orchid Plus,Refund,Urgent,Social,Open,,3,,48,36.49,Billing | Invoice,
TKT-01515,2024-05-18 00:00:00,Devon Sullivan,devon.sullivan90@mailbox.org,+18149417518,Singapore,Orchid Plus,Billing,Medium,Web-Form,Open,Standard,5,754.0,,74.45,Billing | Invoice,Customer supplied screenshots.
TKT-01430,2026-03-16 00:00:00,Riley Singh,riley.singh@example.com,+14125306949,Austin,Atlas Pro,Feature Request,Urgent,Email,Closed,Standard,2,,,63.78,Account | Security | Urgent,
TKT-00318,2026-04-24 00:00:00,Milan Chen,milan.chen14@company.co,+447758975356,Glasgow,Lumen Starter,Technical Issue,Urgent,Social,Pending Customer,Premium,,1681.0,15,61.94,Billing | Invoice,
TKT-00958,2026-04-03 04:36:00,Kendall Bennett,kendall.bennett@company.co,+6247325155,Austin,Nimbus Basic,Feature Request,Urgent,Phone,Closed,Premium,1,,,104.12,,Customer mentioned a previous unresolved ticket.
TKT-01235,2024-01-24 14:16:00,Ellis Patel,ellis.patel@gmail.com,,Bristol,Mosaic Team,Billing,Urgent,Live Chat,Pending Customer,Free,4,1187.0,,34.8,,Issue reproduced on a mobile device.
TKT-02211,2025-08-10 00:00:00,Jamie Wilson,jamie.wilson59@example.com,+13009852143,Glasgow,Nimbus Basic,Security,High,Social,Resolved,,4,,48,10.23,,Issue reproduced on a mobile device.
TKT-01487,2025-01-01 00:00:00,Marley Larsen,marley.larsen84@gmail.com,,Austin,Orchid Plus,Delivery,High,Phone,Open,Premium,5,,,0.99,Refund,Escalated to the specialist queue.
TKT-00088,2025-11-30 00:00:00,Casey Meyer,casey.meyer@mailbox.org,+18348315026,,Cobalt Enterprise,Security,Low,Phone,Resolved,Premium,3,,24,97.08,Feature-Request,
TKT-02727,2026-02-27 11:35:00,Casey Kowalski,casey.kowalski@gmail.com,,Berlin,Lumen Starter,Subscription,High,Phone,Escalated,Enterprise,5,,48,134.63,Feature-Request,Customer mentioned a previous unresolved ticket.
TKT-00177,2025-08-07 00:00:00,Avery Brooks,avery.brooks@gmail.com,,Bristol,Mosaic Team,Refund,Urgent,Social,Resolved,Premium,4,,,79.72,Feature-Request,Customer requested an update after the first response.
TKT-01794,2025-12-11 00:00:00,Emerson Hansen,emerson.hansen@company.co,,Austin,Atlas Pro,Subscription,Urgent,Email,Resolved,Enterprise,4,,,115.92,Billing | Invoice,Escalated to the specialist queue.
TKT-00784,2026-02-17 00:00:00,Marley Petrov,marley.petrov@company.co,+9226379293,Leeds,Mosaic Team,Subscription,Low,Web-Form,Closed,,,1150.0,57,112.58,Bug | Mobile,Customer requested an update after the first response.
TKT-01017,2026-06-07 22:32:00,Skyler Okafor,skyler.okafor@outlook.com,,Toronto,Harbor Essentials,Product Question,Medium,Social,Pending Customer,Enterprise,,1640.0,48,43.17,,Customer mentioned a previous unresolved ticket.
TKT-02442,2026-03-04 00:35:00,Shawn Santos,shawn.santos55@gmail.com,+16948022892,Cape Town,Vertex Analytics,Account Access,Medium,Live Chat,Closed,Premium,4,,,154.98,,Customer mentioned a previous unresolved ticket.
TKT-01172,2026-03-14 03:27:00,Robin Grant,robin.grant@outlook.com,,,Cobalt Enterprise,Refund,Urgent,Phone,Escalated,Enterprise,5,295.0,48,94.47,Feature-Request,Follow-up required next business day.
TKT-00149,2025-12-05 16:16:00,Riley Petrov,riley.petrov61@company.co,+18821155421,Manchester,Mosaic Team,Refund,High,Social,Resolved,Premium,4,1553.0,,107.71,Feature-Request,
TKT-00395,2024-10-04 11:30:00,Quinn Bennett,quinn.bennett@gmail.com,+15459723618,London,Lumen Starter,Account Access,Medium,Social,Open,Premium,1,725.0,,143.87,Account | Security | Urgent,
TKT-01394,2024-06-08 19:07:00,Jordan Kim,jordan.kim@mailbox.org,+447843285120,,Vertex Analytics,Account Access,Low,Email,Pending Customer,Standard,,,,86.51,Delivery | Late,Follow-up required next business day.
TKT-02359,2025-02-09 00:00:00,Cameron Meyer,cameron.meyer7@gmail.com,,Amsterdam,Mosaic Team,Delivery,Medium,Email,Pending Customer,,3,,19,0,Account | Security | Urgent,Customer supplied screenshots.
TKT-02370,2024-12-13 22:12:00,Blake Larsen,blake.larsen@gmail.com,+11804923419,Leeds,Orchid Plus,Security,High,Social,Pending Customer,Premium,1,,48,146.97,Refund,Customer requested an update after the first response.
TKT-00126,2024-06-22 23:00:00,Jordan Meyer,jordan.meyer@mailbox.org,+16095617474,Singapore,Nimbus Basic,Feature Request,Medium,Web-Form,Closed,Premium,,,48,199.48,,Customer mentioned a previous unresolved ticket.
TKT-00683,2026-03-17 10:14:00,Ellis Sullivan,ellis.sullivan50@gmail.com,,Dublin,Mosaic Team,Security,Urgent,Phone,Open,Premium,4,414.0,,50.15,Login | Password,Customer mentioned a previous unresolved ticket.
TKT-02485,2025-06-15 01:25:00,Avery Santos,avery.santos89@example.com,+447845413979,Glasgow,Cobalt Enterprise,Product Question,Medium,Social,Pending Customer,,3,,48,48.77,Billing | Invoice,Escalated to the specialist queue.
TKT-01141,2024-07-13 00:00:00,Emerson Chen,emerson.chen@gmail.com,+434583488,London,Nimbus Basic,Subscription,Urgent,Email,Open,,,,74,62.63,Product Question,Customer supplied screenshots.
TKT-01371,2026-03-03 00:00:00,Ellis Walker,ellis.walker62@outlook.com,+447489124858,New York,Nimbus Basic,Delivery,Low,Email,Resolved,,,,48,69.49,Login | Password,
TKT-02183,2024-05-03 00:00:00,Avery Carter,avery.carter51@gmail.com,+17354561856,Seattle,Nimbus Basic,Feature Request,High,Web-Form,Pending Customer,,5,,48,69.08,Feature-Request,Customer mentioned a previous unresolved ticket.
TKT-02415,2026-04-08 16:59:00,Quinn Ahmed,quinn.ahmed@gmail.com,,London,Cobalt Enterprise,Technical Issue,Low,Social,Escalated,Standard,1,380.0,,134.97,,Customer mentioned a previous unresolved ticket.
TKT-02735,2026-01-31 02:52:00,Finley Singh,finley.singh84@outlook.com,+17398918613,Cape Town,Vertex Analytics,Delivery,Medium,Live Chat,Open,Premium,2,,,188.29,Billing | Invoice,No additional context provided.
TKT-02267,2026-05-27 02:09:00,Casey Hughes,casey.hughes@example.com,,Cape Town,Nimbus Basic,Delivery,Urgent,Social,Pending Customer,,4,,55,0,Login | Password,Issue reproduced on a mobile device.
TKT-01605,2024-08-27 18:15:00,Riley Brooks,riley.brooks37@gmail.com,+447330376752,Dublin,Lumen Starter,Security,High,Phone,Resolved,,1,,,52.45,Billing | Invoice,
TKT-01760,2024-09-11 14:22:00,Arden Carter,arden.carter31@outlook.com,+17537245819,Austin,Harbor Essentials,Billing,Medium,Email,Resolved,Free,5,1513.0,35,151.32,Product Question,Follow-up required next business day.
TKT-02525,2024-03-27 00:00:00,Taylor Ahmed,taylor.ahmed@mailbox.org,+447452374196,Dublin,Harbor Essentials,Product Question,Low,Phone,Pending Customer,,2,,,129.7,Billing | Invoice,
TKT-02671,2024-09-06 00:00:00,Arden Meyer,arden.meyer65@example.com,,Austin,Orchid Plus,Security,High,Live Chat,Pending Customer,Free,,,,40.68,,Escalated to the specialist queue.
TKT-00599,2024-11-25 12:48:00,Milan Chen,milan.chen@company.co,+16426523429,Melbourne,Orchid Plus,Billing,Medium,Web-Form,Open,Enterprise,,,,54.56,Product Question,No additional context provided.
TKT-01383,2025-08-25 00:00:00,Finley Petrov,finley.petrov48@outlook.com,,Manchester,Harbor Essentials,Subscription,Low,Social,Resolved,Premium,2,,48,197.65,,Customer requested an update after the first response.
TKT-01510,2024-02-05 00:00:00,Finley Nguyen,finley.nguyen@company.co,,Birmingham,Cobalt Enterprise,Billing,Urgent,Web-Form,Open,Enterprise,3,,,160.26,Product Question,
TKT-00079,2025-11-02 03:06:00,Devon Patel,devon.patel@example.com,+16552091132,London,Orchid Plus,Subscription,Medium,Web-Form,Pending Customer,Enterprise,2,1498.0,48,84.05,Delivery | Late,Customer supplied screenshots.
TKT-00641,2024-01-03 00:00:00,Arden Morris,arden.morris93@example.com,+447135116311,Melbourne,Orchid Plus,Product Question,Medium,Web-Form,Pending Customer,Free,,1303.0,,60.53,Refund,No additional context provided.
TKT-01665,2025-02-11 00:00:00,Rowan Kim,rowan.kim@mailbox.org,,Melbourne,Cobalt Enterprise,Technical Issue,High,Live Chat,Pending Customer,,5,,48,150.33,,Escalated to the specialist queue.
TKT-02621,2025-08-03 05:17:00,Casey Parker,casey.parker@gmail.com,,Dublin,Harbor Essentials,Account Access,Medium,Web-Form,Escalated,Premium,4,,,117.75,Account | Security | Urgent,No additional context provided.
TKT-00882,2026-02-20 05:12:00,Reese Ibrahim,reese.ibrahim@outlook.com,+14002062703,Austin,Mosaic Team,Billing,Low,Social,Closed,,,1102.0,,49.8,,
TKT-01367,2026-04-03 23:55:00,Micah Fischer,micah.fischer@example.com,,Birmingham,Vertex Analytics,Security,Low,Live Chat,Pending Customer,,,268.0,,77.5,Product Question,Customer mentioned a previous unresolved ticket.
TKT-01200,2025-05-18 18:43:00,Rowan Parker,rowan.parker@outlook.com,+14859643251,Berlin,Harbor Essentials,Billing,Low,Phone,Closed,Free,1,1435.0,6,154.03,Billing | Invoice,Customer mentioned a previous unresolved ticket.
TKT-00583,2024-03-01 23:33:00,Blake Ibrahim,blake.ibrahim13@company.co,+11714519698,Manchester,Atlas Pro,Refund,Medium,Live Chat,Open,Premium,4,288.0,48,113.8,Product Question,Follow-up required next business day.
TKT-02377,2024-05-21 00:00:00,Finley Sullivan,finley.sullivan@mailbox.org,,Leeds,Nimbus Basic,Subscription,Urgent,Email,Resolved,Premium,1,,,59.21,Delivery | Late,Customer requested an update after the first response.
TKT-02597,2024-02-29 00:02:00,Jordan Okafor,jordan.okafor14@mailbox.org,+447711879598,Toronto,Orchid Plus,Technical Issue,Urgent,Live Chat,Open,Premium,4,543.0,,45.63,Delivery | Late,No additional context provided.
TKT-01443,2026-01-01 00:00:00,Milan Chen,milan.chen@company.co,+447745935500,London,Nimbus Basic,Product Question,Low,Live Chat,Closed,,,,48,88.96,Product Question,Follow-up required next business day.
TKT-01985,2026-06-18 00:00:00,Robin Singh,robin.singh@example.com,+17152897091,Cape Town,Mosaic Team,Technical Issue,Urgent,Phone,Open,Standard,2,180.0,82,131.42,Account | Security | Urgent,Customer requested an update after the first response.
TKT-00658,2024-12-04 13:35:00,Rowan Morales,rowan.morales77@mailbox.org,+447389112658,Birmingham,Cobalt Enterprise,Feature Request,Medium,Email,Open,Premium,4,64.0,,77.67,,Customer requested an update after the first response.
TKT-00883,2025-11-18 00:00:00,Skyler Diaz,skyler.diaz@mailbox.org,,London,Mosaic Team,Billing,Medium,Web-Form,Resolved,Free,4,,48,52.08,Refund,Customer supplied screenshots.
TKT-00256,2025-06-30 00:00:00,Riley Morris,riley.morris@gmail.com,+447704203818,Glasgow,Mosaic Team,Subscription,Medium,Social,Open,,4,,48,52.37,,Issue reproduced on a mobile device.
TKT-00299,2024-12-26 00:00:00,Ellis Bennett,ellis.bennett@example.com,+12468504223,Bristol,Lumen Starter,Product Question,Low,Phone,Open,,2,597.0,48,123.71,,Customer mentioned a previous unresolved ticket.
TKT-02794,2025-08-10 18:46:00,Blake Kim,blake.kim1@company.co,+12686906833,Bristol,Harbor Essentials,Account Access,High,Phone,Escalated,Free,5,,,28.03,Delivery | Late,
TKT-02482,2024-06-13 00:00:00,Blake Larsen,blake.larsen@gmail.com,+16161488554,Austin,Orchid Plus,Security,Low,Web-Form,Escalated,Premium,,,23,173.57,Billing | Invoice,Customer supplied screenshots.
TKT-00447,2025-04-05 07:42:00,Alexis Hughes,alexis.hughes16@example.com,+447157821333,Glasgow,Lumen Starter,Feature Request,Medium,Phone,Pending Customer,,,,,99.16,Billing | Invoice,Customer mentioned a previous unresolved ticket.
TKT-02291,2026-01-23 00:00:00,Skyler Kim,skyler.kim@mailbox.org,,Seattle,Cobalt Enterprise,Account Access,High,Phone,Closed,Enterprise,5,1696.0,,174.64,Login | Password,Customer supplied screenshots.
TKT-02636,2025-08-19 18:00:00,Taylor Okafor,taylor.okafor15@company.co,,Berlin,Orchid Plus,Account Access,Medium,Phone,Closed,Enterprise,5,,48,137.93,Bug | Mobile,
TKT-01656,2024-01-22 15:42:00,Reese Bennett,reese.bennett@outlook.com,,London,Nimbus Basic,Account Access,High,Web-Form,Escalated,,,1789.0,8,62.75,Account | Security | Urgent,
TKT-02129,2025-07-24 00:00:00,Avery Kim,avery.kim@mailbox.org,+447326742542,New York,Nimbus Basic,Product Question,Medium,Live Chat,Resolved,Premium,3,,47,118.35,Refund,Customer requested an update after the first response.
TKT-00846,2025-09-08 00:00:00,Finley Morris,finley.morris78@outlook.com,+5444529256,Amsterdam,Vertex Analytics,Billing,High,Social,Resolved,Premium,4,,,106.08,Billing | Invoice,Issue reproduced on a mobile device.
TKT-02684,2026-02-26 21:29:00,Jamie Walker,jamie.walker@example.com,,Toronto,Atlas Pro,Refund,High,Phone,Open,Premium,5,986.0,6,119.25,Product Question,Customer requested an update after the first response.
TKT-00714,2026-01-08 00:00:00,Jordan Hughes,jordan.hughes@mailbox.org,+447395759763,Seattle,Mosaic Team,Delivery,Urgent,Live Chat,Open,Premium,4,1402.0,,100.95,Billing | Invoice,
TKT-02156,2025-05-06 01:48:00,Kendall Patel,kendall.patel68@example.com,,Austin,Atlas Pro,Product Question,Medium,Web-Form,Pending Customer,Standard,5,,48,45.1,Account | Security | Urgent,Customer mentioned a previous unresolved ticket.
TKT-01960,2025-12-08 00:00:00,Robin Grant,robin.grant@example.com,,Melbourne,Lumen Starter,Technical Issue,Urgent,Phone,Pending Customer,,5,,15,91.28,Account | Security | Urgent,Escalated to the specialist queue.
TKT-01934,2024-03-08 10:37:00,Arden Morales,arden.morales@mailbox.org,,Glasgow,Lumen Starter,Refund,Medium,Phone,Escalated,Premium,4,1620.0,2,73.17,Feature-Request,No additional context provided.
TKT-00449,2024-05-09 08:12:00,Arden Carter,arden.carter78@company.co,+15477379807,Austin,Harbor Essentials,Account Access,Low,Email,Resolved,Free,4,1646.0,67,50.74,Billing | Invoice,Customer mentioned a previous unresolved ticket.
TKT-01720,2024-05-12 09:05:00,Tatum Santos,tatum.santos@gmail.com,+447790130213,Amsterdam,Harbor Essentials,Account Access,Low,Social,Pending Customer,Premium,4,,48,55.05,Billing | Invoice,
TKT-00590,2024-01-15 00:00:00,Ellis Grant,ellis.grant@mailbox.org,+12363976004,Amsterdam,Mosaic Team,Security,High,Live Chat,Resolved,Standard,3,,,31.92,Login | Password,Customer requested an update after the first response.
TKT-02478,2025-04-06 00:00:00,Morgan Sullivan,morgan.sullivan55@mailbox.org,+6673597058,Glasgow,Harbor Essentials,Product Question,High,Phone,Closed,Premium,,,,158.93,Account | Security | Urgent,Customer mentioned a previous unresolved ticket.
TKT-00574,2024-08-29 07:21:00,Arden Walker,arden.walker@outlook.com,,Manchester,Atlas Pro,Delivery,High,Phone,Pending Customer,Free,4,,1,66.95,Feature-Request,Follow-up required next business day.
TKT-00951,2024-04-10 00:00:00,Reese  Morales,reese.morales47@outlook.com,+17388772298,Toronto,Nimbus Basic,Refund,Low,Web-Form,Pending Customer,,,,,65.73,Feature-Request,Customer requested an update after the first response.
TKT-00911,2025-03-20 22:09:00,Blake Santos,blake.santos52@example.com,,Austin,Cobalt Enterprise,Security,Urgent,Phone,Closed,Standard,,184.0,48,62.07,,Customer mentioned a previous unresolved ticket.
TKT-00136,2025-02-05 02:26:00,Sage Reed,sage.reed@mailbox.org,+18551344263,Toronto,Vertex Analytics,Refund,Low,Web-Form,Open,Standard,2,1365.0,48,164.25,Login | Password,
TKT-02715,2026-01-27 00:00:00,Taylor Ahmed,taylor.ahmed@example.com,,Bristol,Orchid Plus,Product Question,Low,Live Chat,Pending Customer,Premium,4,,48,99.22,Billing | Invoice,
TKT-01403,2025-08-31 14:32:00,Finley Hughes,finley.hughes@example.com,,Cape Town,Cobalt Enterprise,Refund,Low,Social,Open,,5,1008.0,85,144.21,Feature-Request,Escalated to the specialist queue.
TKT-00824,2025-02-06 10:25:00,Morgan Nguyen,morgan.nguyen@company.co,,London,Nimbus Basic,Refund,Urgent,Email,Resolved,Enterprise,4,,48,59.04,Refund,No additional context provided.
TKT-00249,2025-01-29 00:00:00,Alexis Fischer,alexis.fischer67@mailbox.org,+12725562895,Berlin,Vertex Analytics,Product Question,Urgent,Live Chat,Pending Customer,Premium,4,435.0,72,176.1,Login | Password,Customer supplied screenshots.
TKT-00167,2024-01-11 22:57:00,Avery Ahmed,avery.ahmed@example.com,,Berlin,Lumen Starter,Subscription,Medium,Phone,Closed,,4,1229.0,68,124.21,,Customer supplied screenshots.
TKT-01574,2025-04-21 04:03:00,Finley Patel,finley.patel@example.com,+447829182323,Birmingham,Harbor Essentials,Delivery,Low,Live Chat,Pending Customer,,4,,62,4.39,Refund,Customer mentioned a previous unresolved ticket.
TKT-00768,2024-09-07 00:00:00,Marley Larsen,marley.larsen@example.com,,London,Atlas Pro,Delivery,High,Email,Open,Standard,,1330.0,48,176.39,,
TKT-02673,2026-04-17 00:00:00,Taylor Larsen,taylor.larsen37@mailbox.org,+19604478821,New York,Orchid Plus,Billing,Low,Email,Open,,5,568.0,,93.32,Billing | Invoice,No additional context provided.
TKT-02490,2024-03-11 15:27:00,Emerson Okafor,emerson.okafor39@mailbox.org,,Cape Town,Orchid Plus,Feature Request,Medium,Web-Form,Resolved,Standard,,,57,0,Billing | Invoice,Follow-up required next business day.
TKT-00777,2025-07-04 07:00:00,Marley Patel,marley.patel@company.co,+11669385230,Manchester,Nimbus Basic,Account Access,Medium,Web-Form,Resolved,Standard,3,1244.0,,39.01,Feature-Request,
TKT-01480,2024-09-01 23:37:00,Tatum Meyer,tatum.meyer@example.com,+12547757945,Leeds,Lumen Starter,Refund,High,Social,Open,,5,,,54.94,Login | Password,
TKT-00952,2024-09-18 00:00:00,Emerson Turner,emerson.turner@outlook.com,+4690709734,Cape Town,Harbor Essentials,Subscription,Low,Email,Pending Customer,Premium,,1048.0,,98.36,Feature-Request,No additional context provided.
TKT-02712,2026-02-15 00:00:00,Blake Reed,blake.reed@mailbox.org,+12168945181,Berlin,Harbor Essentials,Account Access,Medium,Social,Closed,,5,1185.0,,163.28,Login | Password,Follow-up required next business day.
TKT-00512,2025-10-27 00:00:00,Jamie Nguyen,jamie.nguyen@company.co,,Birmingham,Cobalt Enterprise,Billing,Low,Live Chat,Open,,4,1503.0,,,Refund,Escalated to the specialist queue.
TKT-00430,2025-04-29 00:00:00,Hayden Petrov,hayden.petrov38@outlook.com,+14405166351,Bristol,Lumen Starter,Delivery,Urgent,Email,Resolved,Standard,2,,12,0,Feature-Request,Follow-up required next business day.
TKT-01047,2025-08-25 00:00:00,Devon Morales,devon.morales35@company.co,+447178580855,Dublin,Lumen Starter,Security,Low,Web-Form,Closed,Premium,5,1436.0,48,114.88,Bug | Mobile,
TKT-00962,2025-03-20 00:00:00,Quinn Grant,quinn.grant@outlook.com,+19017228066,Amsterdam,Vertex Analytics,Refund,Medium,Email,Open,,2,1295.0,48,152.1,Feature-Request,Customer mentioned a previous unresolved ticket.
TKT-01522,2024-04-06 15:26:00,Avery Morales,avery.morales@gmail.com,+4626056315,Berlin,Orchid Plus,Account Access,Urgent,Social,Resolved,,2,853.0,48,111.02,Delivery | Late,Customer mentioned a previous unresolved ticket.
TICKET-01756,2025-03-03 00:00:00,Parker Brooks,parker.brooks@example.com,+9159308651,Manchester,Harbor Essentials,Product Question,Low,Social,Open,,5,,,154.55,Refund,
TKT-02767,2025-12-29 00:00:00,Kendall Larsen,kendall.larsen@gmail.com,,Manchester,Orchid Plus,Account Access,High,Live Chat,Pending Customer,,,,64,77.15,Login | Password,Customer mentioned a previous unresolved ticket.
TKT-01825,2024-07-30 00:00:00,Alexis Walker,alexis.walker25@example.com,+447841122024,New York,Vertex Analytics,Refund,Low,Email,Pending Customer,Enterprise,4,,61,88.28,Feature-Request,
TKT-01402,2026-03-16 07:36:00,Emerson Brooks,,+18707844881,Cape Town,Lumen Starter,Billing,High,Social,Pending Customer,Standard,3,,,108.52,Feature-Request,Follow-up required next business day.
TKT-00818,2025-12-29 10:29:00,Parker Grant,parker.grant87@company.co,,Leeds,Lumen Starter,Account Access,High,Live Chat,Pending Customer,Standard,4,105.0,48,127.93,Feature-Request,
TKT-00724,2024-06-02 18:37:00,hayden kim,hayden.kim@outlook.com,+8529062443,Berlin,Cobalt Enterprise,Delivery,High,Phone,Pending Customer,Enterprise,2,,,119.88,Bug | Mobile,Customer requested an update after the first response.
TKT-01142,2024-07-15 00:00:00,Jordan Ahmed,jordan.ahmed48@company.co,+447797900020,Austin,Lumen Starter,Technical Issue,Low,Email,Pending Customer,Enterprise,4,,,154.66,Feature-Request,Escalated to the specialist queue.
TKT-01800,2026-02-07 07:49:00,Rowan Ibrahim,rowan.ibrahim@example.com,,Cape Town,Cobalt Enterprise,Technical Issue,High,Phone,Closed,Premium,,229.0,,80.17,Account | Security | Urgent,Issue reproduced on a mobile device.
TKT-00729,2025-09-04 00:00:00,Marley Larsen,marley.larsen@mailbox.org,,Singapore,Mosaic Team,Refund,High,Web-Form,Pending Customer,Premium,,,,49.31,Bug | Mobile,Issue reproduced on a mobile device.
TKT-00350,2024-10-22 00:00:00,Parker Grant,parker.grant@outlook.com,+447486847717,Berlin,Mosaic Team,Subscription,High,Email,Pending Customer,Premium,4,1306.0,,67.26,Login | Password,No additional context provided.
TKT-02776,2024-10-19 04:03:00,Finley Okafor,finley.okafor@example.com,+19236159764,,Mosaic Team,Refund,High,Phone,Escalated,Standard,1,520.0,14,,Refund,Customer mentioned a previous unresolved ticket.
TKT-02028,2025-12-12 00:00:00,Jordan Santos,jordan.santos@mailbox.org,+19478693748,Amsterdam,Mosaic Team,Refund,Low,Email,Open,,5,897.0,,147.14,Bug | Mobile,Customer mentioned a previous unresolved ticket.
TKT-01445,2026-03-29 00:00:00,Parker Reed,parker.reed@mailbox.org,+11861441265,Birmingham,Atlas Pro,Security,Medium,Email,Resolved,,,965.0,,100.98,Delivery | Late,Escalated to the specialist queue.
TKT-00653,2026-02-26 00:00:00,Skyler Carter,skyler.carter93@company.co,+447613833260,Austin,Orchid Plus,Security,Urgent,Phone,Open,Free,4,1755.0,,64.21,Refund,
TKT-02198,2024-11-05 20:00:00,Morgan Carter,morgan.carter@mailbox.org,,Berlin,Cobalt Enterprise,Subscription,Low,Web-Form,Pending Customer,Enterprise,5,,,80.05,Refund,Customer requested an update after the first response.
TKT-01459,2025-05-02 02:23:00,Finley Hansen,finley.hansen@example.com,,Singapore,Nimbus Basic,Account Access,Low,Social,Pending Customer,Premium,3,889.0,,149.94,Refund,Follow-up required next business day.
TKT-00321,2025-04-09 00:00:00,Kendall Petrov,kendall.petrov91@example.com,+19227336202,Birmingham,Vertex Analytics,Billing,High,Live Chat,Pending Customer,Premium,,1788.0,48,84.33,Delivery | Late,
TKT-00381,2024-06-08 00:00:00,Alexis Kim,alexis.kim@company.co,+15198061167,Amsterdam,Nimbus Basic,Technical Issue,Medium,Phone,Pending Customer,Free,4,1727.0,,,,Customer requested an update after the first response.
TKT-02197,2025-12-25 00:00:00,Hayden Chen,hayden.chen@company.co,+17622126193,Austin,Nimbus Basic,Feature Request,Urgent,Web-Form,Resolved,Standard,5,,,,Bug | Mobile,
TKT-00367,2024-07-26 09:30:00,Jordan Santos,jordan.santos50@outlook.com,,Melbourne,Vertex Analytics,Delivery,Medium,Live Chat,Escalated,Premium,2,,,91.33,Bug | Mobile,Customer mentioned a previous unresolved ticket.
TKT-02444,2024-04-24 00:00:00,Tatum Chen,tatum.chen@mailbox.org,+18679483928,Birmingham,Nimbus Basic,Security,Low,Web-Form,Open,,4,424.0,,116.93,Account | Security | Urgent,No additional context provided.
TKT-01832,2024-10-24 00:00:00,Avery Diaz,avery.diaz12@example.com,+13686084716,Seattle,Nimbus Basic,Delivery,Medium,Social,Closed,Premium,,,70,91.83,Account | Security | Urgent,Customer supplied screenshots.
TKT-02120,2025-11-01 17:36:00,Cameron Santos,cameron.santos@example.com,+18257343029,New York,Lumen Starter,Security,Medium,Web-Form,Escalated,Standard,5,,88,,Delivery | Late,No additional context provided.
TKT-01074,2024-06-04 00:00:00,Marley Parker,marley.parker38@company.co,+6532716122,Seattle,Orchid Plus,Feature Request,High,Phone,Open,Free,,,40,8.44,,Escalated to the specialist queue.
TKT-01977,2024-05-29 00:00:00,Riley Singh,riley.singh@outlook.com,,Melbourne,Harbor Essentials,Account Access,Low,Web-Form,Open,Enterprise,4,,42,140.83,Billing | Invoice,Follow-up required next business day.
TKT-00873,2024-09-18 00:00:00,Reese Bennett,reese.bennett80@company.co,+19834496199,Glasgow,Nimbus Basic,Delivery,Medium,Social,Open,Free,1,,77,3.14,Billing | Invoice,Customer mentioned a previous unresolved ticket.
TKT-01961,2026-02-23 19:05:00,Taylor Patel,taylor.patel@mailbox.org,,Leeds,Lumen Starter,Product Question,Urgent,Phone,Resolved,,,,,75.98,,Customer requested an update after the first response.
TKT-01693,2024-12-17 00:00:00,Reese Chen,reese.chen@mailbox.org,,London,Nimbus Basic,Feature Request,Medium,Web-Form,Pending Customer,Premium,5,1530.0,,126.92,Refund,Customer requested an update after the first response.
TKT-02292,2025-08-04 00:00:00,Arden Parker,arden.parker@mailbox.org,+447852278934,Glasgow,Orchid Plus,Subscription,High,Web-Form,Open,Enterprise,1,,28,132.84,Refund,No additional context provided.
TKT-00537,2026-05-23 00:00:00,Avery Brooks,avery.brooks@outlook.com,,Cape Town,Vertex Analytics,Technical Issue,Low,Email,Open,Enterprise,3,852.0,48,31.68,Login | Password,
TKT-02087,2024-10-18 05:16:00,Sage Kowalski,sage.kowalski@mailbox.org,,Manchester,Mosaic Team,Technical Issue,Urgent,Phone,Resolved,Premium,3,1109.0,48,51.05,,Follow-up required next business day.
TKT-00823,2026-02-15 16:14:00,Arden Sullivan,arden.sullivan82@example.com,+447235463688,Berlin,Atlas Pro,Product Question,High,Phone,Closed,Premium,3,670.0,47,205.44,Account | Security | Urgent,
TKT-02657,2026-04-16 06:25:00,Avery Meyer,,,New York,Atlas Pro,Billing,High,Email,Resolved,Enterprise,1,594.0,2,18.94,Delivery | Late,Customer supplied screenshots.
TKT-02693,2026-04-18 00:00:00,Blake Turner,blake.turner96@gmail.com,+18569695942,Amsterdam,Lumen Starter,Billing,Medium,Email,Open,,4,,48,76.84,Billing | Invoice,No additional context provided.
TKT-00896,2024-04-14 00:00:00,Rowan Hansen,rowan.hansen@example.com,+18267455417,Berlin,Atlas Pro,Delivery,Low,Social,Resolved,Premium,5,,,114.68,Bug | Mobile,
TKT-01877,2024-01-19 12:38:00,Shawn Kowalski,shawn.kowalski@mailbox.org,,,Mosaic Team,Feature Request,Medium,Web-Form,Resolved,Premium,4,65.0,,48.08,Billing | Invoice,Issue reproduced on a mobile device.
TKT-01859,2024-10-29 00:00:00,Kendall Walker,kendall.walker@gmail.com,+17292857737,Manchester,Nimbus Basic,Refund,Low,Web-Form,Closed,Standard,4,1546.0,48,94.88,,Escalated to the specialist queue.
TKT-00627,2026-03-23 00:00:00,Riley Santos,riley.santos3@mailbox.org,+17989973757,Toronto,Harbor Essentials,Account Access,High,Web-Form,Closed,Standard,4,1139.0,48,24.57,Delivery | Late,Escalated to the specialist queue.
TKT-00415,2026-06-14 09:51:00,Alexis Petrov,alexis.petrov@mailbox.org,+447530808942,Toronto,Vertex Analytics,Delivery,Medium,Phone,Pending Customer,Premium,3,,48,97.28,Bug | Mobile,
TKT-01293,2026-06-08 14:19:00,Casey Singh,casey.singh87@outlook.com,+15574659526,,Atlas Pro,Subscription,Low,Web-Form,Resolved,,1,,,78.67,Billing | Invoice,Customer supplied screenshots.
TKT-01333,2024-02-03 00:00:00,Jamie Diaz,jamie.diaz44@outlook.com,,Seattle,Orchid Plus,Technical Issue,Low,Web-Form,Escalated,,1,1147.0,48,67.26,Billing | Invoice,
TKT-00250,2025-10-10 00:00:00,Morgan Wilson,morgan.wilson29@outlook.com,,,Atlas Pro,Product Question,Low,Social,Escalated,,2,,,101.27,Feature-Request,Customer supplied screenshots.
TKT-01184,2025-11-30 10:31:00,Morgan Singh,morgan.singh@company.co,,,Lumen Starter,Security,Medium,Web-Form,Closed,Enterprise,5,,48,0,Product Question,No additional context provided.
TKT-00681,2024-08-11 17:01:00,Blake Singh,blake.singh@mailbox.org,+13648153413,Melbourne,Cobalt Enterprise,Technical Issue,Medium,Social,Escalated,Premium,2,,48,118.69,Bug | Mobile,Follow-up required next business day.
TKT-00955,2025-09-29 11:28:00,Shawn Ahmed,shawn.ahmed@outlook.com,+18169817793,Manchester,Lumen Starter,Delivery,Medium,Phone,Open,Premium,,,34,74.48,Product Question,Issue reproduced on a mobile device.
TKT-00139,2025-06-20 23:19:00,Skyler Novak,skyler.novak20@company.co,+12987352092,Birmingham,Harbor Essentials,Billing,Medium,Web-Form,Open,,2,,48,123.74,Billing | Invoice,Customer requested an update after the first response.
TKT-01125,2024-08-10 08:44:00,Quinn Novak,quinn.novak@mailbox.org,,Glasgow,Atlas Pro,Security,Medium,Social,Resolved,Enterprise,5,100.0,,168.84,,
TKT-01957,2024-10-11 03:19:00,Shawn Brooks,shawn.brooks@company.co,+14912055895,Glasgow,Harbor Essentials,Security,Urgent,Email,Closed,Premium,2,,,0,,No additional context provided.
TKT-02620,2025-02-13 00:00:00,Arden Parker,arden.parker@company.co,+16163884834,Manchester,Vertex Analytics,Delivery,High,Phone,Resolved,,4,,48,159.07,Billing | Invoice,Customer supplied screenshots.
TKT-01872,2024-07-26 00:00:00,Quinn Fischer,quinn.fischer51@mailbox.org,,Berlin,Lumen Starter,Feature Request,High,Social,Open,Free,,,,67.18,Billing | Invoice,
TKT-00909,2025-10-02 00:25:00,Drew Brooks,drew.brooks@mailbox.org,+14946531271,London,Cobalt Enterprise,Delivery,High,Phone,Escalated,,5,621.0,,114.5,Bug | Mobile,
TKT-01279,2025-04-05 00:00:00,Jordan Parker,jordan.parker21@mailbox.org,+931921179,New York,Harbor Essentials,Account Access,Urgent,Email,Open,,5,,58,89.56,Feature-Request,Customer mentioned a previous unresolved ticket.
TKT-00418,2024-04-03 19:29:00,Kendall Chen,kendall.chen@outlook.com,,Melbourne,Mosaic Team,Billing,Low,Web-Form,Pending Customer,Enterprise,,,21,85.36,,
TKT-00564,2025-03-22 04:56:00,Casey Nguyen,casey.nguyen@mailbox.org,,Berlin,Vertex Analytics,Technical Issue,Low,Email,Escalated,Enterprise,2,,,61.07,Product Question,No additional context provided.
TKT-02010,2024-11-10 07:09:00,Devon Morales,devon.morales@company.co,+447371132751,Leeds,Orchid Plus,Technical Issue,High,Web-Form,Pending Customer,,1,,,130.57,Delivery | Late,Customer requested an update after the first response.
TKT-02563,2025-07-07 00:00:00,Milan Nguyen,milan.nguyen25@gmail.com,+15318938919,New York,Orchid Plus,Account Access,Urgent,Web-Form,Resolved,,,,,28.1,Product Question,Customer mentioned a previous unresolved ticket.
TKT-00330,2026-04-20 00:00:00,Milan Diaz,milan.diaz48@outlook.com,+447079721427,London,Vertex Analytics,Delivery,Medium,Social,Pending Customer,Standard,2,,,113.56,Product Question,No additional context provided.
TKT-02168,2026-01-06 07:57:00,Milan Sullivan,milan.sullivan97@company.co,+447463788311,Glasgow,Lumen Starter,Product Question,High,Social,Closed,,,99.0,25,9.83,Billing | Invoice,
TKT-01118,2024-01-28 00:00:00,Riley Morris,riley.morris@outlook.com,+4799515976,,Atlas Pro,Security,High,Phone,Closed,Enterprise,,64.0,,75.83,Account | Security | Urgent,Customer mentioned a previous unresolved ticket.
TKT-01160,2025-01-06 20:03:00,Devon Petrov,devon.petrov@example.com,+18896307889,Dublin,Nimbus Basic,Security,Low,Phone,Open,Enterprise,,411.0,32,61.13,Delivery | Late,Customer mentioned a previous unresolved ticket.
TKT-00730,2025-02-06 00:00:00,Reese Sullivan,,+11501885983,Dublin,Atlas Pro,Delivery,Urgent,Email,Open,,5,178.0,48,36.19,,Issue reproduced on a mobile device.
TKT-00187,2026-02-20 00:00:00,Morgan Bennett,morgan.bennett@gmail.com,+17258071971,Berlin,Vertex Analytics,Feature Request,Medium,Live Chat,Resolved,Premium,,1205.0,48,105.03,Refund,Escalated to the specialist queue.
TKT-01856,2025-06-15 00:00:00,Micah Bennett,micah.bennett@gmail.com,,,Nimbus Basic,Technical Issue,Low,Web-Form,Resolved,Premium,2,1098.0,,42.12,Delivery | Late,No additional context provided.
TKT-02516,2026-01-05 18:05:00,Robin Carter,robin.carter@outlook.com,,Leeds,Orchid Plus,Refund,Medium,Live Chat,Pending Customer,Premium,4,589.0,,97.03,Delivery | Late,Escalated to the specialist queue.
TKT-02295,2026-03-29 00:00:00,Morgan Grant,morgan.grant@mailbox.org,,Seattle,Harbor Essentials,Refund,Low,Social,Closed,Free,,,48,33.33,Feature-Request,Follow-up required next business day.
TKT-02221,2025-06-27 00:00:00,Drew Patel,drew.patel28@company.co,+447824776691,Birmingham,Harbor Essentials,Product Question,High,Phone,Pending Customer,Free,3,356.0,48,,Login | Password,Issue reproduced on a mobile device.
TKT-00801,2026-01-28 00:00:00,Hayden Bennett,hayden.bennett54@gmail.com,+16369659456,Austin,Mosaic Team,Product Question,High,Phone,Closed,Free,5,,,130.61,Billing | Invoice,Customer supplied screenshots.
TKT-00207,2025-02-06 00:00:00,Morgan Kowalski,morgan.kowalski41@outlook.com,+13659922742,Seattle,Mosaic Team,Product Question,Medium,Phone,Pending Customer,Free,1,810.0,,107.33,Billing | Invoice,
TKT-02345,2024-01-03 01:42:00,Quinn Hughes,quinn.hughes66@outlook.com,+12548228134,London,Nimbus Basic,Refund,Medium,Web-Form,Escalated,Standard,2,,,0,Bug | Mobile,Customer requested an update after the first response.
TKT-02502,2025-06-16 20:07:00,Arden Ibrahim,arden.ibrahim@example.com,+6195522426,Berlin,Mosaic Team,Refund,Urgent,Live Chat,Pending Customer,Standard,,,,132.25,Refund,
TKT-01086,2025-07-07 19:43:00,Riley Kim,riley.kim@outlook.com,+19736433186,Berlin,Mosaic Team,Account Access,High,Social,Pending Customer,,,1689.0,48,102.65,Delivery | Late,
TKT-00048,2025-11-29 00:00:00,Robin Meyer,robin.meyer71@example.com,+447812479052,Singapore,Nimbus Basic,Account Access,Medium,Live Chat,Pending Customer,Enterprise,1,,,137.14,Refund,Customer mentioned a previous unresolved ticket.
TKT-00469,2025-05-04 00:00:00,Jordan Santos,jordan.santos@gmail.com,+447385666881,Berlin,Mosaic Team,Account Access,Medium,Web-Form,Pending Customer,Free,5,1382.0,,49.82,Login | Password,Escalated to the specialist queue.
TKT-01051,2026-01-15 06:58:00,Reese Fischer,reese.fischer80@company.co,,Cape Town,Orchid Plus,Product Question,Medium,Web-Form,Open,Free,2,1085.0,,44.59,Billing | Invoice,Follow-up required next business day.
TKT-00960,2025-11-08 00:00:00,Casey Ahmed,casey.ahmed@mailbox.org,+12901534711,Berlin,Cobalt Enterprise,Subscription,Urgent,Email,Closed,,,,,103.62,Account | Security | Urgent,Customer mentioned a previous unresolved ticket.
TKT-00903,2024-01-05 00:00:00,Skyler Larsen,skyler.larsen16@company.co,+447768781366,Dublin,Vertex Analytics,Refund,Urgent,Live Chat,Open,Premium,,,,,Account | Security | Urgent,Customer mentioned a previous unresolved ticket.
TKT-02501,2025-05-17 15:11:00,Taylor Petrov,taylor.petrov@gmail.com,+18425953875,Singapore,Lumen Starter,Technical Issue,High,Email,Closed,Free,2,,64,110.38,Billing | Invoice,
TKT-00032,2026-04-29 00:00:00,Quinn Morris,quinn.morris@mailbox.org,,Seattle,Nimbus Basic,Subscription,Urgent,Social,Resolved,,4,1207.0,17,180.88,Billing | Invoice,Issue reproduced on a mobile device.
TKT-02054,2025-06-02 03:25:00,Micah Ibrahim,micah.ibrahim@outlook.com,+447461837428,Dublin,Orchid Plus,Subscription,Low,Web-Form,Resolved,,,,,62.3,Refund,Customer mentioned a previous unresolved ticket.
TKT-00339,2024-08-05 16:07:00,Robin Santos,robin.santos@gmail.com,+19813367551,Leeds,Harbor Essentials,Delivery,Low,Web-Form,Closed,Enterprise,,,,101.71,Login | Password,Customer mentioned a previous unresolved ticket.
TKT-02324,2025-07-04 00:00:00,Reese Santos,reese.santos@gmail.com,+17787998685,Dublin,Atlas Pro,Refund,High,Email,Open,Premium,4,,,171.1,Billing | Invoice,Customer supplied screenshots.
TKT-00206,2025-12-03 00:00:00,Arden Reed,arden.reed81@company.co,,Birmingham,Atlas Pro,Technical Issue,Urgent,Phone,Pending Customer,,2,94.0,,27.42,Product Question,No additional context provided.
TICKET-00736,2024-02-27 22:14:00,Hayden Novak,hayden.novak1@example.com,+18533859566,Melbourne,Atlas Pro,Subscription,Low,Phone,Resolved,Enterprise,1,,19,104.99,Feature-Request,Customer requested an update after the first response.
TKT-02596,2024-02-15 00:00:00,Shawn Turner,shawn.turner@company.co,,Bristol,Atlas Pro,Technical Issue,High,Web-Form,Pending Customer,Premium,3,,48,,Refund,No additional context provided.
TKT-02571,2026-03-30 00:00:00,Sage Chen,sage.chen@company.co,+13287448889,New York,Mosaic Team,Refund,Low,Social,Resolved,,2,,48,81.1,Billing | Invoice,Customer supplied screenshots.
TKT-01457,2026-04-29 00:00:00,Finley Petrov,finley.petrov@outlook.com,,Austin,Orchid Plus,Refund,High,Web-Form,Pending Customer,,4,,77,120.43,Delivery | Late,Escalated to the specialist queue.
TKT-02230,2026-05-09 04:37:00,Parker Kowalski,parker.kowalski@gmail.com,+6039179167,London,Vertex Analytics,Feature Request,Low,Phone,Open,,5,298.0,,134.41,Login | Password,Escalated to the specialist queue.
TKT-01676,2024-08-25 00:00:00,Reese Novak,reese.novak90@gmail.com,,London,Lumen Starter,Technical Issue,Medium,Web-Form,Pending Customer,Premium,1,481.0,48,61.27,Refund,Customer requested an update after the first response.
TKT-00987,2025-11-04 03:31:00,Tatum Larsen,tatum.larsen66@mailbox.org,+18868413726,Birmingham,Mosaic Team,Account Access,Medium,Web-Form,Resolved,Standard,1,371.0,,161.69,Account | Security | Urgent,Escalated to the specialist queue.
TKT-02480,2024-09-22 00:00:00,Marley Ibrahim,marley.ibrahim11@example.com,,Singapore,Atlas Pro,Security,High,Web-Form,Pending Customer,Premium,,580.0,8,117.11,Account | Security | Urgent,Follow-up required next business day.
TICKET-00738,2025-02-04 00:00:00,Alexis Meyer,alexis.meyer@gmail.com,+17044136929,Amsterdam,Cobalt Enterprise,Feature Request,High,Phone,Open,,4,,,133.05,Account | Security | Urgent,Follow-up required next business day.
TKT-01031,2025-10-31 00:00:00,Parker Okafor,parker.okafor54@outlook.com,+447876654027,Melbourne,Cobalt Enterprise,Refund,High,Email,Open,Free,,1015.0,30,64.84,Billing | Invoice,
TKT-01102,2026-02-20 00:00:00,Taylor Carter,taylor.carter@outlook.com,,Berlin,Lumen Starter,Technical Issue,Medium,Web-Form,Resolved,Premium,,242.0,48,0,Product Question,Issue reproduced on a mobile device.
TKT-01364,2025-08-16 20:05:00,Robin Chen,robin.chen@outlook.com,+447438658743,Singapore,Vertex Analytics,Security,Low,Social,Closed,Premium,5,,,25.48,,
TKT-02312,2026-03-20 20:13:00,Marley Walker,marley.walker@mailbox.org,+447557864158,Manchester,Vertex Analytics,Feature Request,Medium,Live Chat,Escalated,Standard,2,,,177.74,Account | Security | Urgent,Escalated to the specialist queue.
TKT-02258,2025-08-16 00:00:00,Cameron Fischer,cameron.fischer@company.co,+5932270290,Berlin,Vertex Analytics,Delivery,Low,Live Chat,Pending Customer,Standard,,1240.0,72,55.86,Billing | Invoice,Customer requested an update after the first response.
TKT-02573,2026-03-13 00:00:00,Rowan Okafor,rowan.okafor@example.com,,Bristol,Nimbus Basic,Subscription,High,Phone,Open,Premium,1,,48,62.52,Delivery | Late,
TKT-02642,2025-08-03 00:00:00,Kendall  Patel,kendall.patel@example.com,+19106426933,London,Orchid Plus,Product Question,Low,Social,Escalated,Premium,,832.0,17,67.01,Delivery | Late,Customer mentioned a previous unresolved ticket.
TKT-02439,2024-03-19 00:00:00,Quinn Kim,quinn.kim24@company.co,+12942759640,Austin,Cobalt Enterprise,Subscription,Medium,Live Chat,Closed,,1,1404.0,,54.98,Login | Password,Customer mentioned a previous unresolved ticket.
TICKET-00190,2025-03-10 00:00:00,Drew Novak,drew.novak@company.co,+15646877626,Austin,Orchid Plus,Product Question,Medium,Live Chat,Pending Customer,,,1288.0,3,0,Login | Password,Customer supplied screenshots.
TKT-00904,2025-02-16 22:49:00,Blake Hughes,blake.hughes99@example.com,+19626831157,Manchester,Vertex Analytics,Product Question,Low,Social,Pending Customer,,,1067.0,,149.31,,Follow-up required next business day.
TKT-00261,2024-11-08 00:00:00,Blake Ahmed,,,Melbourne,Cobalt Enterprise,Product Question,Medium,Live Chat,Pending Customer,Premium,4,1009.0,,28.02,Login | Password,Customer supplied screenshots.
TKT-00021,2024-12-14 06:17:00,Jordan Sullivan,jordan.sullivan@gmail.com,,Bristol,Vertex Analytics,Delivery,Low,Live Chat,Pending Customer,Standard,,,,159.61,,No additional context provided.
TKT-02304,2025-10-04 00:00:00,Casey Kowalski,casey.kowalski29@gmail.com,,Austin,Lumen Starter,Feature Request,Low,Email,Pending Customer,Premium,5,,,92.76,,Follow-up required next business day.
TKT-01651,2024-06-10 15:42:00,Ellis Diaz,ellis.diaz28@outlook.com,+447059546302,Austin,Lumen Starter,Technical Issue,Medium,Phone,Resolved,Standard,3,476.0,,110.88,Login | Password,Follow-up required next business day.
TKT-02371,2024-09-03 13:52:00,Emerson Wilson,emerson.wilson72@gmail.com,+15146192651,Seattle,Harbor Essentials,Billing,Medium,Live Chat,Closed,Enterprise,,,48,70.43,Billing | Invoice,
TKT-01869,2026-04-28 18:11:00,Milan Walker,,+18066281184,Leeds,Cobalt Enterprise,Security,Urgent,Live Chat,Resolved,Free,4,1007.0,,19.0,Feature-Request,
TKT-00503,2025-07-04 00:59:00,Milan Brooks,milan.brooks@outlook.com,+447133354297,London,Mosaic Team,Account Access,High,Live Chat,Pending Customer,Standard,3,,67,2.08,Product Question,Escalated to the specialist queue.
TKT-01353,2025-12-04 18:58:00,Devon Grant,devon.grant@mailbox.org,+18126089460,Berlin,Orchid Plus,Product Question,Medium,Social,Open,Premium,2,,,108.78,Refund,Escalated to the specialist queue.
TKT-02782,2026-03-09 00:00:00,Drew Ibrahim,drew.ibrahim@example.com,+15788882888,London,Orchid Plus,Account Access,High,Web-Form,Closed,Standard,1,1368.0,,43.26,Product Question,
TKT-02208,2026-04-20 00:00:00,Arden Fischer,arden.fischer@outlook.com,,Bristol,Harbor Essentials,Account Access,Medium,Social,Open,Premium,4,,24,98.56,Account | Security | Urgent,Escalated to the specialist queue.
TKT-00814,2025-11-28 23:13:00,Milan Brooks,milan.brooks@outlook.com,,Berlin,Cobalt Enterprise,Subscription,High,Web-Form,Pending Customer,Enterprise,5,1012.0,,89.81,Login | Password,Customer mentioned a previous unresolved ticket.
TKT-00109,2025-11-03 12:24:00,Devon Brooks,devon.brooks13@example.com,+12686043301,Manchester,Nimbus Basic,Subscription,Urgent,Social,Pending Customer,Enterprise,,403.0,,93.17,Bug | Mobile,Escalated to the specialist queue.
TKT-01244,2025-03-23 05:39:00,Sage Bennett,sage.bennett@gmail.com,,Cape Town,Atlas Pro,Security,High,Email,Pending Customer,,1,,,23.19,Account | Security | Urgent,
TKT-02246,2024-11-11 00:00:00,Skyler Hughes,skyler.hughes@example.com,+14913005763,Birmingham,Vertex Analytics,Subscription,Urgent,Phone,Pending Customer,Enterprise,5,,,84.74,Delivery | Late,Customer mentioned a previous unresolved ticket.
TKT-02180,2024-07-12 00:00:00,Jordan Morris,jordan.morris@gmail.com,,London,Lumen Starter,Subscription,Medium,Email,Pending Customer,Standard,,,,79.37,Feature-Request,Customer requested an update after the first response.
TKT-01863,2024-04-12 00:00:00,Morgan Singh,morgan.singh68@gmail.com,+447648495804,London,Vertex Analytics,Feature Request,Urgent,Phone,Closed,,5,,,122.64,Login | Password,Customer requested an update after the first response.
TKT-01880,2025-08-01 00:00:00,Skyler Novak,,+447350622302,Bristol,Orchid Plus,Account Access,High,Social,Resolved,Free,,,48,34.68,Refund,No additional context provided.
TKT-01087,2024-09-13 16:25:00,Emerson Diaz,emerson.diaz28@mailbox.org,,London,Mosaic Team,Account Access,Medium,Web-Form,Closed,,4,,48,135.67,Delivery | Late,Follow-up required next business day.
TKT-00422,2026-04-12 00:00:00,Blake Petrov,blake.petrov@example.com,+14478237016,Melbourne,Harbor Essentials,Feature Request,Medium,Social,Open,,3,1312.0,,175.54,Account | Security | Urgent,
TKT-00981,2025-03-28 19:43:00,Micah Meyer,micah.meyer@example.com,,Dublin,Mosaic Team,Security,Medium,Email,Pending Customer,Premium,4,,48,122.22,Feature-Request,No additional context provided.
TKT-00153,2024-03-30 00:00:00,Taylor Kowalski,taylor.kowalski21@mailbox.org,+9687707540,Dublin,Atlas Pro,Technical Issue,Medium,Phone,Closed,Enterprise,4,,81,41.6,Refund,Escalated to the specialist queue.
TKT-02013,2024-11-02 10:53:00,Reese Turner,reese.turner@mailbox.org,+18523054591,Birmingham,Vertex Analytics,Security,Low,Social,Resolved,,,776.0,,36.7,Bug | Mobile,
TKT-00226,2024-03-03 00:00:00,Rowan Ibrahim,rowan.ibrahim@example.com,+11534017249,London,Harbor Essentials,Feature Request,Medium,Social,Escalated,Free,4,,76,138.89,,Issue reproduced on a mobile device.
TKT-01971,2024-02-28 09:11:00,Devon Bennett,devon.bennett95@example.com,,Singapore,Lumen Starter,Account Access,Urgent,Phone,Pending Customer,Standard,,,76,111.65,Bug | Mobile,Issue reproduced on a mobile device.
TKT-01396,2025-12-21 16:31:00,Casey Morales,casey.morales@mailbox.org,,,Mosaic Team,Security,Low,Email,Pending Customer,Premium,4,694.0,,89.16,Product Question,Escalated to the specialist queue.
TKT-00364,2024-08-12 17:34:00,Riley Wilson,riley.wilson29@mailbox.org,,Glasgow,Atlas Pro,Account Access,Low,Web-Form,Pending Customer,Enterprise,,1558.0,48,101.09,Login | Password,Customer mentioned a previous unresolved ticket.
TKT-01821,2024-04-25 10:12:00,Hayden Bennett,hayden.bennett@example.com,,Amsterdam,Vertex Analytics,Feature Request,Urgent,Web-Form,Resolved,Free,3,,84,71.78,Delivery | Late,Issue reproduced on a mobile device.
TKT-00106,2024-04-05 12:43:00,Ellis Ibrahim,ellis.ibrahim@mailbox.org,+447664935620,London,Nimbus Basic,Security,Urgent,Email,Open,Premium,,,,101.22,Product Question,Customer requested an update after the first response.
TKT-01027,2024-12-29 11:42:00,Drew Brooks,drew.brooks@gmail.com,+11992847383,Bristol,Vertex Analytics,Product Question,Urgent,Web-Form,Resolved,Enterprise,5,,,81.09,Login | Password,Customer supplied screenshots.
TKT-01652,2025-08-21 00:00:00,Taylor Parker,taylor.parker16@example.com,,Berlin,Lumen Starter,Account Access,High,Email,Pending Customer,,,1719.0,,96.92,Refund,
TKT-02313,2024-02-02 07:54:00,Rowan Bennett,rowan.bennett@company.co,+16102733762,Birmingham,Vertex Analytics,Subscription,Low,Social,Closed,,,,,91.65,Billing | Invoice,Issue reproduced on a mobile device.
TKT-02730,2025-05-01 08:46:00,Alexis Novak,alexis.novak@example.com,+16961129666,Seattle,Vertex Analytics,Security,Medium,Web-Form,Resolved,,1,,54,52.31,,Follow-up required next business day.
TKT-02277,2025-01-22 00:00:00,Sage Brooks,sage.brooks@company.co,+447681885355,,Atlas Pro,Billing,Urgent,Web-Form,Pending Customer,Premium,5,,,116.37,,
TKT-00327,2024-09-12 00:00:00,Riley Santos,riley.santos61@company.co,+9555347939,Amsterdam,Cobalt Enterprise,Subscription,Urgent,Web-Form,Open,Free,,834.0,,142.7,Account | Security | Urgent,
TKT-02137,2024-07-27 00:00:00,Rowan Ibrahim,rowan.ibrahim@outlook.com,+447631101212,London,Atlas Pro,Security,High,Social,Resolved,Premium,3,,48,84.6,Refund,Escalated to the specialist queue.
TKT-01678,2026-01-07 10:54:00,Sage Patel,sage.patel15@company.co,,London,Orchid Plus,Delivery,High,Phone,Pending Customer,Premium,,,,162.67,Billing | Invoice,Customer requested an update after the first response.
TKT-00282,2026-01-09 00:00:00,Finley Ahmed,finley.ahmed@mailbox.org,+447713672612,Seattle,Mosaic Team,Feature Request,Medium,Live Chat,Pending Customer,Enterprise,,,48,115.42,,
TKT-01084,2024-07-12 13:49:00,Cameron Morris,cameron.morris@gmail.com,,Seattle,Nimbus Basic,Technical Issue,Medium,Email,Open,Enterprise,,,,193.22,Product Question,Customer requested an update after the first response.
TKT-00507,2025-03-24 00:00:00,Micah Fischer,micah.fischer@mailbox.org,+13732314139,Dublin,Atlas Pro,Security,Urgent,Email,Pending Customer,Premium,5,,6,46.42,Bug | Mobile,Customer requested an update after the first response.
TKT-00275,2025-03-09 00:00:00,Shawn Brooks,shawn.brooks@company.co,+12288604471,Seattle,Mosaic Team,Delivery,Low,Live Chat,Open,Free,4,,58,25.02,Feature-Request,Customer mentioned a previous unresolved ticket.
TKT-01774,2024-02-24 03:52:00,Skyler Parker,skyler.parker@example.com,+18913285653,London,Lumen Starter,Account Access,Low,Phone,Open,,5,,48,,Account | Security | Urgent,Escalated to the specialist queue.
TKT-00445,2025-02-24 01:29:00,Quinn Brooks,quinn.brooks69@gmail.com,,New York,Vertex Analytics,Billing,Urgent,Social,Pending Customer,,,,,7.25,Bug | Mobile,Issue reproduced on a mobile device.
TKT-01999,2025-06-13 18:18:00,Avery Ibrahim,avery.ibrahim@company.co,,Toronto,Lumen Starter,Subscription,High,Web-Form,Escalated,,5,,,70.03,Refund,
TKT-01507,2024-07-24 00:00:00,Devon Hughes,devon.hughes@outlook.com,+11654602034,Seattle,Harbor Essentials,Refund,High,Live Chat,Resolved,Premium,5,,91,117.3,Account | Security | Urgent,Customer supplied screenshots.
TKT-02249,2024-11-11 19:13:00,Cameron Reed,cameron.reed@outlook.com,,Leeds,Nimbus Basic,Subscription,High,Social,Resolved,Premium,4,368.0,,68.6,Refund,
TKT-02701,2026-02-09 00:00:00,Kendall Bennett,kendall.bennett@gmail.com,+447056345107,Seattle,Mosaic Team,Refund,High,Email,Closed,Enterprise,,,48,100.27,Feature-Request,Issue reproduced on a mobile device.
TKT-02689,2025-01-03 08:27:00,Avery Brooks,avery.brooks93@outlook.com,,Berlin,Harbor Essentials,Account Access,Urgent,Email,Pending Customer,,4,,60,120.62,Billing | Invoice,
TKT-02418,2024-12-24 04:33:00,Finley Hansen,,,Amsterdam,Orchid Plus,Refund,Low,Phone,Open,Free,5,,,97.73,Refund,
TKT-00668,2025-03-30 00:00:00,Drew Morris,drew.morris25@gmail.com,,Austin,Harbor Essentials,Feature Request,High,Email,Resolved,,4,,13,161.72,Feature-Request,
TKT-00626,2024-01-08 00:00:00,Micah Larsen,micah.larsen@gmail.com,+14034134841,Berlin,Vertex Analytics,Feature Request,High,Email,Open,,,,48,50.88,Account | Security | Urgent,Escalated to the specialist queue.
TKT-01219,2025-07-04 00:00:00,Quinn Kim,quinn.kim@company.co,+447366778322,Birmingham,Lumen Starter,Account Access,High,Phone,Pending Customer,Standard,4,125.0,48,33.06,Login | Password,
TKT-02053,2024-06-07 00:00:00,Taylor Larsen,taylor.larsen@outlook.com,,Seattle,Vertex Analytics,Security,Low,Live Chat,Resolved,Enterprise,4,,48,42.8,Refund,Escalated to the specialist queue.
TKT-00179,2024-03-30 00:00:00,Rowan Grant,rowan.grant@mailbox.org,+447533757746,Austin,Harbor Essentials,Feature Request,Urgent,Phone,Closed,Premium,4,911.0,28,64.44,Account | Security | Urgent,Escalated to the specialist queue.
TKT-00920,2026-04-12 04:47:00,Morgan Novak,morgan.novak36@mailbox.org,+19937922196,Glasgow,Mosaic Team,Account Access,Low,Web-Form,Resolved,Enterprise,,,,,,Issue reproduced on a mobile device.
TKT-02110,2024-12-03 00:00:00,Sage Brooks,sage.brooks@gmail.com,,Birmingham,Vertex Analytics,Account Access,Medium,Web-Form,Resolved,,4,,48,112.18,Account | Security | Urgent,Customer supplied screenshots.
TKT-00679,2024-12-03 11:36:00,Jamie Carter,jamie.carter57@outlook.com,+9147601994,Austin,Atlas Pro,Delivery,High,Web-Form,Pending Customer,Free,,430.0,48,130.46,Billing | Invoice,Issue reproduced on a mobile device.
TICKET-00240,2024-07-31 00:00:00,Rowan Kowalski,,,Austin,Mosaic Team,Account Access,Medium,Phone,Resolved,,2,,,125.88,Account | Security | Urgent,Customer supplied screenshots.
TKT-00973,2025-12-13 00:00:00,Robin Patel,robin.patel@company.co,,Dublin,Cobalt Enterprise,Feature Request,Medium,Web-Form,Pending Customer,,,359.0,48,125.24,Refund,
TKT-02617,2024-01-19 00:00:00,Taylor Novak,taylor.novak@outlook.com,,Amsterdam,Atlas Pro,Technical Issue,High,Social,Closed,,4,,,38.62,Bug | Mobile,Customer mentioned a previous unresolved ticket.
TKT-01922,2025-12-31 00:00:00,Emerson Patel,emerson.patel@mailbox.org,+14875355949,New York,Orchid Plus,Refund,Low,Email,Pending Customer,Enterprise,4,754.0,,120.14,Refund,Customer mentioned a previous unresolved ticket.
TKT-01638,2024-11-23 00:00:00,Emerson Fischer,emerson.fischer@company.co,+12737322824,London,Cobalt Enterprise,Feature Request,Low,Web-Form,Closed,Free,,,48,102.3,Delivery | Late,Issue reproduced on a mobile device.
TKT-00098,2025-02-10 00:00:00,Arden Patel,arden.patel@example.com,+16858006730,Glasgow,Atlas Pro,Delivery,Low,Social,Closed,,,440.0,,93.36,Login | Password,Customer requested an update after the first response.
TKT-02206,2026-01-27 14:40:00,Kendall Singh,kendall.singh@example.com,+13776255600,Austin,Lumen Starter,Feature Request,High,Email,Resolved,Premium,,,48,104.98,Product Question,No additional context provided.
TKT-01354,2024-08-01 00:00:00,micah reed,micah.reed@company.co,+15143486735,Austin,Vertex Analytics,Refund,Urgent,Live Chat,Resolved,,,730.0,62,120.75,,Escalated to the specialist queue.
TKT-01099,2025-07-28 09:53:00,Sage Hansen,sage.hansen28@example.com,,Leeds,Mosaic Team,Billing,Medium,Web-Form,Pending Customer,Premium,4,,,129.4,Bug | Mobile,Escalated to the specialist queue.
TKT-01930,2025-10-31 00:00:00,Shawn Chen,shawn.chen@example.com,+447450997346,London,Atlas Pro,Account Access,Medium,Social,Pending Customer,Premium,5,,,186.71,Feature-Request,Customer mentioned a previous unresolved ticket.
TKT-00717,2024-10-27 00:00:00,Emerson Morales,emerson.morales36@mailbox.org,+5387657634,Amsterdam,Cobalt Enterprise,Billing,Urgent,Social,Escalated,Premium,5,226.0,79,85.28,,Customer mentioned a previous unresolved ticket.
TKT-00937,2026-03-05 10:32:00,Morgan Reed,morgan.reed@outlook.com,+447668670865,Bristol,Cobalt Enterprise,Product Question,Low,Social,Closed,Standard,,,82,22.83,Billing | Invoice,Issue reproduced on a mobile device.
TKT-01425,2025-06-25 00:00:00,Marley Bennett,marley.bennett72@example.com,+447122855874,Singapore,Vertex Analytics,Delivery,Urgent,Social,Resolved,,2,483.0,,21.54,Billing | Invoice,Customer supplied screenshots.
TKT-00651,2026-01-05 21:08:00,Rowan Singh,rowan.singh32@outlook.com,,New York,Atlas Pro,Delivery,High,Live Chat,Pending Customer,,5,,,180.69,Account | Security | Urgent,Customer supplied screenshots.
TKT-02149,2024-01-12 00:00:00,Casey Turner,casey.turner49@gmail.com,+447412393227,Birmingham,Harbor Essentials,Feature Request,High,Phone,Pending Customer,Premium,3,1723.0,,73.32,Delivery | Late,Customer mentioned a previous unresolved ticket.
TKT-00982,2024-12-14 00:00:00,Tatum Hansen,tatum.hansen@example.com,,Toronto,Nimbus Basic,Product Question,Low,Live Chat,Escalated,,5,367.0,8,102.4,Refund,Customer supplied screenshots.
TKT-00281,2024-02-25 03:09:00,Shawn Grant,shawn.grant@gmail.com,+16867483632,Leeds,Harbor Essentials,Refund,Medium,Live Chat,Closed,Premium,,,48,85.24,Feature-Request,Customer requested an update after the first response.
TKT-00248,2024-02-28 12:09:00,Marley Ibrahim,marley.ibrahim@example.com,,Melbourne,Nimbus Basic,Refund,High,Phone,Open,,4,,48,43.07,Feature-Request,
TKT-00853,2024-11-02 04:52:00,Milan Kowalski,milan.kowalski@mailbox.org,+12065251297,New York,Vertex Analytics,Subscription,Urgent,Social,Escalated,Premium,4,677.0,48,43.94,Delivery | Late,Customer supplied screenshots.
TKT-02626,2026-06-15 21:37:00,Riley Morales,riley.morales@gmail.com,+18088794449,Toronto,Vertex Analytics,Technical Issue,Low,Live Chat,Resolved,,5,367.0,48,31.64,,Escalated to the specialist queue.
TKT-01769,2026-01-19 00:00:00,Cameron Petrov,cameron.petrov@outlook.com,+11567755706,Berlin,Nimbus Basic,Account Access,High,Web-Form,Pending Customer,Enterprise,,1741.0,,85.78,,
TKT-01928,2026-03-20 00:00:00,Finley Chen,finley.chen@company.co,+15416565991,Birmingham,Mosaic Team,Delivery,Medium,Web-Form,Escalated,Standard,,,,,Billing | Invoice,Issue reproduced on a mobile device.
TKT-01036,2024-11-01 20:27:00,Kendall Diaz,kendall.diaz12@gmail.com,,Singapore,Cobalt Enterprise,Security,Medium,Web-Form,Closed,Premium,5,,,165.57,Billing | Invoice,Escalated to the specialist queue.
TKT-01181,2024-02-04 00:00:00,Kendall Walker,kendall.walker@company.co,+14604788100,New York,Harbor Essentials,Refund,High,Email,Open,Free,1,,48,88.89,Account | Security | Urgent,Follow-up required next business day.
TKT-01646,2026-01-31 00:00:00,Avery Brooks,avery.brooks@company.co,+6460642472,,Orchid Plus,Delivery,Urgent,Web-Form,Pending Customer,Enterprise,1,1545.0,44,102.56,Account | Security | Urgent,Customer mentioned a previous unresolved ticket.
TKT-01929,2025-01-21 00:00:00,Cameron Ibrahim,cameron.ibrahim@mailbox.org,,Toronto,Atlas Pro,Subscription,Low,Social,Open,Enterprise,4,,,139.55,Product Question,Issue reproduced on a mobile device.
TKT-02002,2025-02-03 19:20:00,Blake Singh,blake.singh@example.com,+15162096958,Glasgow,Mosaic Team,Subscription,Low,Email,Escalated,,2,,,71.05,Billing | Invoice,Follow-up required next business day.
TKT-02303,2026-06-02 00:17:00,Kendall Diaz,kendall.diaz47@mailbox.org,+13838656181,Birmingham,Mosaic Team,Product Question,High,Live Chat,Open,,5,,,57.88,Billing | Invoice,Issue reproduced on a mobile device.
TKT-02281,2024-11-17 17:23:00,Parker Hughes,parker.hughes83@gmail.com,+14379581965,Austin,Nimbus Basic,Technical Issue,High,Live Chat,Resolved,,,,,0,,
TKT-00629,2024-03-17 01:42:00,Kendall Novak,kendall.novak@example.com,+11887064640,Singapore,Atlas Pro,Subscription,High,Phone,Open,Premium,1,,,82.06,Refund,Customer mentioned a previous unresolved ticket.
TKT-00745,2025-09-14 08:16:00,Rowan Okafor,rowan.okafor6@outlook.com,+447135594278,Amsterdam,Mosaic Team,Refund,Urgent,Live Chat,Resolved,,2,,28,107.47,Bug | Mobile,Issue reproduced on a mobile device.
TKT-02077,2025-01-21 03:21:00,Finley Kim,finley.kim@outlook.com,+447432858586,Toronto,Atlas Pro,Account Access,Urgent,Phone,Resolved,,3,,88,112.87,,Issue reproduced on a mobile device.
TKT-01289,2026-02-04 00:00:00,Avery Reed,avery.reed@company.co,+3244536250,Seattle,Nimbus Basic,Account Access,Low,Live Chat,Resolved,,,,,18.31,Feature-Request,Escalated to the specialist queue.
TKT-01597,2025-03-02 00:00:00,Reese Petrov,reese.petrov@example.com,+447844574371,Toronto,Atlas Pro,Subscription,Medium,Web-Form,Resolved,Standard,3,1320.0,48,113.05,Login | Password,No additional context provided.
TKT-02187,2026-02-07 00:00:00,Blake Kowalski,blake.kowalski77@example.com,+18868238148,New York,Harbor Essentials,Feature Request,High,Email,Open,Enterprise,3,,,0.68,Account | Security | Urgent,Customer requested an update after the first response.
TKT-02301,2024-11-28 10:49:00,Kendall Bennett,kendall.bennett40@outlook.com,+13132538069,Glasgow,Cobalt Enterprise,Billing,High,Email,Open,Free,1,182.0,,136.86,Billing | Invoice,Customer mentioned a previous unresolved ticket.
TKT-02271,2024-02-12 00:00:00,Riley Carter,riley.carter@company.co,+12103554827,Berlin,Mosaic Team,Subscription,Urgent,Social,Open,,2,,,98.12,Account | Security | Urgent,No additional context provided.
TKT-00482,2024-01-21 19:29:00,Reese Sullivan,reese.sullivan@outlook.com,+16578188189,London,Nimbus Basic,Account Access,Medium,Live Chat,Resolved,Premium,,,87,26.45,Feature-Request,Customer supplied screenshots.
TKT-02452,2025-05-10 07:06:00,Ellis Okafor,ellis.okafor@gmail.com,+16728169510,Cape Town,Orchid Plus,Security,Low,Web-Form,Closed,Enterprise,2,1380.0,,33.25,Account | Security | Urgent,Issue reproduced on a mobile device.
TKT-01520,2025-11-30 13:13:00,Cameron Bennett,cameron.bennett@gmail.com,,London,Cobalt Enterprise,Account Access,High,Social,Open,Standard,,686.0,,180.98,Bug | Mobile,No additional context provided.
TKT-02310,2025-08-10 07:25:00,Arden Carter,arden.carter48@outlook.com,+11218505079,London,Orchid Plus,Technical Issue,Urgent,Web-Form,Pending Customer,,,,48,127.82,,Customer requested an update after the first response.
TKT-00101,2024-10-28 00:00:00,Marley Patel,marley.patel7@gmail.com,+447888813763,Glasgow,Cobalt Enterprise,Billing,Low,Phone,Closed,Standard,4,,,1.15,Delivery | Late,Issue reproduced on a mobile device.
TKT-02032,2024-04-17 08:11:00,Cameron Hansen,cameron.hansen@gmail.com,+447226706173,Toronto,Cobalt Enterprise,Billing,Urgent,Email,Resolved,Enterprise,4,,,25.45,Refund,
TKT-00102,2026-02-18 05:45:00,Milan Novak,milan.novak@mailbox.org,,,Lumen Starter,Account Access,Medium,Email,Closed,Premium,,392.0,,55.86,Refund,Customer supplied screenshots.
TKT-02200,2025-06-21 00:00:00,Kendall Turner,kendall.turner37@company.co,,London,Atlas Pro,Billing,Urgent,Email,Resolved,Standard,5,,29,105.83,,Issue reproduced on a mobile device.
TKT-01594,2025-03-04 00:00:00,Shawn Meyer,shawn.meyer@example.com,,Melbourne,Nimbus Basic,Product Question,Low,Live Chat,Closed,Free,4,648.0,48,128.72,Refund,
TKT-00346,2024-08-04 00:00:00,Milan Okafor,milan.okafor21@mailbox.org,,New York,Cobalt Enterprise,Subscription,High,Live Chat,Open,Premium,4,,,91.76,Delivery | Late,Customer supplied screenshots.
TKT-00186,2024-07-11 19:04:00,Alexis Turner,alexis.turner69@company.co,+447838237606,Toronto,Orchid Plus,Delivery,High,Live Chat,Open,,,,48,118.27,Bug | Mobile,Customer supplied screenshots.
TKT-02337,2024-03-25 10:33:00,Emerson Larsen,emerson.larsen@gmail.com,,New York,Atlas Pro,Subscription,Low,Phone,Pending Customer,Standard,2,1098.0,48,106.54,Account | Security | Urgent,
TKT-01596,2025-02-18 00:00:00,Tatum Larsen,tatum.larsen@example.com,,Singapore,Atlas Pro,Technical Issue,Urgent,Phone,Pending Customer,,2,286.0,,23.46,Product Question,Follow-up required next business day.
TKT-00171,2026-06-10 18:18:00,Riley Diaz,riley.diaz@company.co,+8427520478,Singapore,Cobalt Enterprise,Security,Medium,Live Chat,Pending Customer,Premium,2,1253.0,80,30.08,,Follow-up required next business day.
TKT-02340,2025-05-19 22:43:00,Sage Carter,sage.carter@example.com,+15695847627,Seattle,Atlas Pro,Refund,Urgent,Web-Form,Pending Customer,,1,,,42.68,Billing | Invoice,Customer supplied screenshots.
TKT-01879,2024-04-04 00:00:00,Shawn Petrov,shawn.petrov@gmail.com,+447497438649,London,Harbor Essentials,Technical Issue,Urgent,Web-Form,Pending Customer,Premium,,,,0,Product Question,Issue reproduced on a mobile device.
TKT-00412,2025-11-03 00:00:00,Milan Kowalski,milan.kowalski@example.com,,Glasgow,Mosaic Team,Feature Request,Medium,Phone,Pending Customer,,5,,,17.14,,
TKT-00807,2026-05-27 00:00:00,Marley Okafor,marley.okafor@mailbox.org,+12072101839,,Harbor Essentials,Account Access,High,Live Chat,Escalated,Premium,,,48,91.22,,Escalated to the specialist queue.
TKT-00595,2026-05-16 19:21:00,Riley Nguyen,riley.nguyen@gmail.com,,Berlin,Mosaic Team,Refund,Low,Live Chat,Pending Customer,Standard,5,,,136.06,Delivery | Late,Issue reproduced on a mobile device.
TKT-02753,2024-04-18 00:13:00,Casey Petrov,casey.petrov36@mailbox.org,,Austin,Orchid Plus,Subscription,Low,Live Chat,Open,Standard,,,,53.38,Billing | Invoice,Issue reproduced on a mobile device.
TKT-01589,2024-03-06 11:42:00,Cameron Hughes,cameron.hughes15@example.com,+18264622878,London,Nimbus Basic,Feature Request,Low,Live Chat,Open,Free,4,,41,33.48,,No additional context provided.
TKT-02467,2024-04-03 21:43:00,Ellis Sullivan,ellis.sullivan@outlook.com,+17526462011,Glasgow,Lumen Starter,Delivery,Urgent,Live Chat,Open,Enterprise,,,,37.02,Login | Password,No additional context provided.
TKT-01902,2025-04-07 06:36:00,Emerson Okafor,emerson.okafor@outlook.com,+447442771019,Berlin,Orchid Plus,Subscription,High,Phone,Pending Customer,Standard,4,,,60.64,Product Question,Customer requested an update after the first response.
TKT-02161,2025-12-06 00:00:00,Kendall Parker,kendall.parker@example.com,,Glasgow,Harbor Essentials,Delivery,Medium,Phone,Open,,1,,,17.87,Delivery | Late,Follow-up required next business day.
TKT-01198,2024-02-03 10:20:00,Reese Carter,reese.carter41@example.com,+2074682077,Seattle,Atlas Pro,Product Question,High,Phone,Closed,Enterprise,,,48,109.39,Feature-Request,Customer mentioned a previous unresolved ticket.
TKT-00655,2025-01-31 00:00:00,Riley Parker,riley.parker@gmail.com,,Manchester,Mosaic Team,Delivery,Low,Live Chat,Open,Standard,5,,87,220.53,,Customer requested an update after the first response.
TKT-01225,2024-06-26 00:00:00,Blake Morales,blake.morales@company.co,+447433472764,Seattle,Mosaic Team,Refund,Medium,Phone,Escalated,Premium,,,,68.81,Feature-Request,
TKT-01037,2024-02-18 19:09:00,Sage Kim,sage.kim13@mailbox.org,+19232384333,Dublin,Nimbus Basic,Feature Request,Medium,Phone,Resolved,Free,,,53,11.58,Delivery | Late,Customer supplied screenshots.
TKT-02219,2026-06-09 00:00:00,Blake Ahmed,blake.ahmed@example.com,,Singapore,Atlas Pro,Delivery,High,Phone,Escalated,Premium,4,,,194.48,Login | Password,Customer supplied screenshots.
TKT-00446,2026-02-14 23:45:00,Kendall Bennett,kendall.bennett@gmail.com,,Dublin,Vertex Analytics,Account Access,Low,Phone,Resolved,,1,,48,115.83,Bug | Mobile,Customer requested an update after the first response.
TKT-00897,2024-12-12 19:20:00,Hayden Singh,hayden.singh@gmail.com,,Manchester,Cobalt Enterprise,Subscription,Low,Social,Escalated,Premium,,548.0,,69.81,,
TKT-01143,2025-11-05 04:27:00,Hayden Bennett,hayden.bennett@outlook.com,,Bristol,Atlas Pro,Product Question,Medium,Email,Resolved,,4,,48,70.75,Login | Password,
TKT-02760,2025-02-07 19:38:00,Arden Reed,arden.reed@example.com,+14637657308,Melbourne,Nimbus Basic,Delivery,Low,Phone,Open,Enterprise,,1784.0,,113.25,Account | Security | Urgent,Customer mentioned a previous unresolved ticket.
TKT-00691,2024-09-06 20:24:00,Drew Ibrahim,drew.ibrahim@gmail.com,+12773709388,,Cobalt Enterprise,Account Access,Urgent,Web-Form,Resolved,Enterprise,5,358.0,48,59.15,Billing | Invoice,
TKT-02051,2025-02-12 00:00:00,Shawn Walker,shawn.walker@company.co,+447320163360,Melbourne,Nimbus Basic,Account Access,Medium,Social,Open,,2,,,124.38,Login | Password,Issue reproduced on a mobile device.
TKT-01342,2025-09-01 13:26:00,Ellis Kowalski,ellis.kowalski@outlook.com,+12931197980,Amsterdam,Cobalt Enterprise,Technical Issue,Urgent,Web-Form,Open,Premium,,,44,,Delivery | Late,No additional context provided.
TKT-00382,2024-07-06 18:19:00,Reese Morales,reese.morales88@outlook.com,,Birmingham,Vertex Analytics,Security,Medium,Phone,Pending Customer,Enterprise,4,262.0,45,46.03,,Customer supplied screenshots.
TKT-01954,2025-02-12 00:00:00,Robin Wilson,,,Berlin,Harbor Essentials,Billing,High,Web-Form,Resolved,Enterprise,4,,,43.04,,Escalated to the specialist queue.
TKT-00525,2024-02-15 23:44:00,Shawn Kim,shawn.kim@gmail.com,,Dublin,Mosaic Team,Refund,Low,Phone,Open,Standard,4,,,,Delivery | Late,Escalated to the specialist queue.
TKT-00604,2024-05-29 04:17:00,Parker Ibrahim,parker.ibrahim@outlook.com,+2021660923,Bristol,Harbor Essentials,Delivery,Medium,Web-Form,Pending Customer,Enterprise,5,,,153.56,Refund,No additional context provided.
TKT-00242,2026-05-17 11:18:00,Reese Kim,reese.kim@mailbox.org,+19039124644,Cape Town,Lumen Starter,Account Access,Urgent,Web-Form,Open,Standard,2,108.0,,72.69,Bug | Mobile,Follow-up required next business day.
TKT-00176,2025-03-14 00:00:00,Parker Ibrahim,parker.ibrahim@gmail.com,+11345359701,Birmingham,Atlas Pro,Subscription,Low,Phone,Pending Customer,,2,1016.0,8,124.5,Bug | Mobile,Customer supplied screenshots.
TKT-02192,2024-03-08 03:49:00,Blake Hughes,blake.hughes@gmail.com,,Birmingham,Orchid Plus,Security,Low,Live Chat,Pending Customer,Free,5,,86,104.42,Account | Security | Urgent,Customer requested an update after the first response.
TKT-01421,2025-07-15 00:00:00,Skyler Singh,skyler.singh97@outlook.com,+14948217934,Seattle,Harbor Essentials,Refund,Urgent,Social,Closed,Premium,1,,,108.61,Billing | Invoice,
TKT-02677,2026-04-18 00:00:00,Arden Larsen,arden.larsen24@outlook.com,+11887142006,London,Cobalt Enterprise,Technical Issue,Medium,Social,Closed,Enterprise,,1463.0,48,98.23,Feature-Request,Customer mentioned a previous unresolved ticket.
TKT-00477,2025-12-24 11:31:00,Blake Ibrahim,blake.ibrahim70@outlook.com,+17292212359,Amsterdam,Orchid Plus,Technical Issue,Medium,Email,Open,Standard,1,280.0,85,110.71,Billing | Invoice,Follow-up required next business day.
TKT-01757,2024-06-06 00:00:00,Taylor Chen,taylor.chen48@mailbox.org,,Singapore,Nimbus Basic,Account Access,Urgent,Social,Resolved,Free,,,48,71.44,,
TKT-01583,2025-03-14 14:27:00,Casey Meyer,,+19863929977,Singapore,Orchid Plus,Billing,Low,Web-Form,Pending Customer,Free,,1198.0,48,23.13,Billing | Invoice,Follow-up required next business day.
TKT-00435,2026-02-22 00:00:00,Reese Patel,reese.patel99@company.co,,Seattle,Atlas Pro,Refund,High,Live Chat,Open,,1,1272.0,,161.63,Account | Security | Urgent,Follow-up required next business day.
TKT-00263,2024-12-18 00:00:00,Avery Novak,avery.novak7@mailbox.org,,Bristol,Orchid Plus,Delivery,High,Web-Form,Open,Standard,,,48,0,,Follow-up required next business day.
TKT-01555,2026-02-11 00:00:00,Emerson Wilson,emerson.wilson@company.co,,Dublin,Orchid Plus,Subscription,Medium,Email,Pending Customer,Enterprise,,439.0,78,66.54,Billing | Invoice,Escalated to the specialist queue.
TKT-00671,2026-02-27 00:00:00,Jamie Nguyen,jamie.nguyen61@company.co,+447860385984,London,Cobalt Enterprise,Subscription,Urgent,Social,Closed,,,555.0,29,147.53,,
TKT-01576,2026-04-02 00:00:00,Marley Walker,marley.walker9@example.com,+19649278862,,Nimbus Basic,Refund,Urgent,Email,Resolved,Premium,2,1734.0,48,77.04,Refund,
TKT-02412,2025-07-09 08:30:00,Morgan Kim,morgan.kim@example.com,+13056754138,Bristol,Lumen Starter,Feature Request,Urgent,Live Chat,Resolved,Premium,5,,,163.59,Feature-Request,No additional context provided.
TKT-01895,2025-03-28 00:00:00,Avery Sullivan,avery.sullivan@example.com,,London,Lumen Starter,Feature Request,Medium,Email,Resolved,Standard,1,461.0,73,74.14,Billing | Invoice,
TKT-01592,2024-04-28 00:00:00,Rowan Brooks,rowan.brooks8@example.com,+14914364524,Austin,Lumen Starter,Delivery,Low,Phone,Open,,5,,,0,Feature-Request,Customer mentioned a previous unresolved ticket.
TKT-01950,2026-05-08 00:00:00,Riley Kowalski,riley.kowalski@gmail.com,+12152311283,Seattle,Orchid Plus,Subscription,Medium,Phone,Resolved,Premium,4,,,76.17,Product Question,
TKT-00084,2025-05-29 22:58:00,shawn carter,shawn.carter29@mailbox.org,,Singapore,Atlas Pro,Delivery,Medium,Email,Resolved,Free,5,1277.0,,50.5,Account | Security | Urgent,Follow-up required next business day.
TKT-00133,2024-06-08 00:00:00,Jamie Hansen,jamie.hansen@gmail.com,+19814338801,London,Vertex Analytics,Technical Issue,Urgent,Social,Resolved,Enterprise,,,,20.57,Billing | Invoice,Customer mentioned a previous unresolved ticket.
TKT-00209,2026-05-18 16:55:00,Kendall Morris,kendall.morris94@company.co,,Cape Town,Vertex Analytics,Feature Request,Urgent,Social,Resolved,Premium,4,,48,107.33,Delivery | Late,No additional context provided.
TKT-02579,2025-12-19 00:00:00,Milan Kowalski,milan.kowalski56@outlook.com,+14828813241,Leeds,Vertex Analytics,Refund,Urgent,Live Chat,Open,Standard,5,136.0,73,94.44,Feature-Request,
TKT-01785,2026-02-24 09:27:00,Tatum Novak,tatum.novak@gmail.com,+447444149893,Birmingham,Lumen Starter,Account Access,Medium,Live Chat,Closed,Free,5,,7,83.53,Bug | Mobile,No additional context provided.
TKT-00169,2025-10-17 00:00:00,Arden Carter,arden.carter@gmail.com,+16533311054,Austin,Nimbus Basic,Subscription,Low,Web-Form,Pending Customer,Premium,,,48,65.5,Login | Password,Issue reproduced on a mobile device.
TKT-00155,2024-11-03 00:00:00,Sage Ibrahim,sage.ibrahim15@example.com,+447338974329,London,Vertex Analytics,Refund,Medium,Live Chat,Pending Customer,Premium,,,,95.12,Account | Security | Urgent,No additional context provided.
TKT-00192,2024-09-26 16:53:00,Milan Santos,milan.santos@company.co,+11278836591,Bristol,Cobalt Enterprise,Account Access,Low,Web-Form,Resolved,Free,5,,,126.1,Product Question,Issue reproduced on a mobile device.
TKT-01966,2025-08-29 00:00:00,Parker Walker,parker.walker@gmail.com,+16195084358,Singapore,Lumen Starter,Delivery,Urgent,Email,Resolved,Premium,4,517.0,48,83.93,Billing | Invoice,Customer mentioned a previous unresolved ticket.
TKT-02672,2024-10-22 00:00:00,Skyler Larsen,skyler.larsen@outlook.com,+12955274742,Birmingham,Vertex Analytics,Account Access,Urgent,Live Chat,Open,Standard,1,,38,111.01,Product Question,Customer requested an update after the first response.
TKT-02254,2024-05-17 03:42:00,Cameron Diaz,cameron.diaz11@mailbox.org,+17718075168,New York,Cobalt Enterprise,Feature Request,Low,Phone,Pending Customer,Premium,,,,78.34,Billing | Invoice,Customer requested an update after the first response.
TKT-01777,2026-03-04 00:00:00,Taylor Turner,taylor.turner@outlook.com,+447585431835,Manchester,Nimbus Basic,Security,Low,Email,Open,,5,,,45.35,Billing | Invoice,Follow-up required next business day.
TKT-02497,2024-07-05 00:00:00,Marley Nguyen,marley.nguyen@example.com,+12004042285,Seattle,Harbor Essentials,Feature Request,Medium,Phone,Open,Enterprise,5,,48,63.66,,No additional context provided.
TKT-01580,2024-10-06 00:00:00,Avery Morris,avery.morris@outlook.com,+447544798552,Toronto,Harbor Essentials,Delivery,High,Phone,Escalated,Standard,4,1123.0,,34.44,Bug | Mobile,
TKT-00425,2025-06-17 00:00:00,Avery Brooks,avery.brooks43@gmail.com,+12527293020,Dublin,Nimbus Basic,Security,Low,Live Chat,Escalated,Free,,,,114.5,Billing | Invoice,
TKT-02235,2026-03-04 00:00:00,Skyler Okafor,skyler.okafor@example.com,+13259684847,Austin,Harbor Essentials,Account Access,Urgent,Live Chat,Closed,,5,1504.0,54,12.39,Billing | Invoice,Issue reproduced on a mobile device.
TKT-02666,2026-02-22 03:06:00,Jamie Nguyen,jamie.nguyen@mailbox.org,+6216864055,Amsterdam,Atlas Pro,Refund,Medium,Live Chat,Escalated,,3,,48,3.81,Feature-Request,No additional context provided.
TKT-01331,2024-10-13 00:00:00,Casey Chen,casey.chen@mailbox.org,+4233703086,Glasgow,Lumen Starter,Refund,High,Phone,Pending Customer,Premium,1,,48,163.19,Login | Password,Issue reproduced on a mobile device.
TKT-01932,2024-10-20 13:07:00,Milan Reed,milan.reed@company.co,+3645779341,Bristol,Orchid Plus,Technical Issue,High,Social,Resolved,Premium,1,89.0,,106.32,Billing | Invoice,
TKT-00794,2024-12-23 18:51:00,Avery Ahmed,avery.ahmed@company.co,+447412146463,London,Harbor Essentials,Delivery,Low,Live Chat,Resolved,,4,,48,8.78,,
TKT-01107,2024-06-20 14:57:00,Jordan Hughes,jordan.hughes@outlook.com,,Bristol,Cobalt Enterprise,Refund,Low,Phone,Open,Free,5,,,112.7,Bug | Mobile,Customer mentioned a previous unresolved ticket.
TKT-01287,2026-05-11 21:00:00,Cameron Grant,cameron.grant@mailbox.org,+16035872375,Seattle,Orchid Plus,Delivery,Low,Live Chat,Resolved,,5,30.0,48,0,,Follow-up required next business day.
TKT-01962,2025-07-08 03:00:00,Devon Nguyen,devon.nguyen6@gmail.com,+15441934190,London,Mosaic Team,Feature Request,High,Email,Resolved,,2,19.0,48,94.71,Billing | Invoice,Customer supplied screenshots.
TKT-00753,2025-03-01 08:56:00,Skyler Bennett,skyler.bennett@outlook.com,+17226941357,Leeds,Nimbus Basic,Account Access,Urgent,Email,Open,Premium,4,,,25.33,Billing | Invoice,Escalated to the specialist queue.
TKT-00579,2024-02-07 00:00:00,Jordan Larsen,jordan.larsen@company.co,,New York,Cobalt Enterprise,Subscription,Medium,Social,Resolved,,5,,48,0,Billing | Invoice,
TKT-01633,2025-04-08 00:00:00,Morgan Ahmed,morgan.ahmed@company.co,+447504642941,Birmingham,Atlas Pro,Account Access,High,Phone,Pending Customer,,2,170.0,,43.6,Account | Security | Urgent,Issue reproduced on a mobile device.
TKT-00919,2026-06-17 00:00:00,reese patel,reese.patel13@company.co,+17906219720,Bristol,Mosaic Team,Technical Issue,High,Social,Escalated,Standard,,,,54.45,Delivery | Late,
TKT-00520,2025-06-20 00:00:00,Reese Parker,reese.parker54@mailbox.org,,New York,Atlas Pro,Refund,Medium,Email,Pending Customer,,,,48,120.33,Billing | Invoice,No additional context provided.
TKT-01577,2024-01-18 00:00:00,Drew Fischer,drew.fischer@outlook.com,+15874133513,Amsterdam,Lumen Starter,Subscription,Low,Social,Open,Premium,4,298.0,48,0,Delivery | Late,Customer mentioned a previous unresolved ticket.
TKT-01946,2025-07-29 00:00:00,Skyler Sullivan,skyler.sullivan@outlook.com,+447954504966,Manchester,Harbor Essentials,Account Access,Low,Web-Form,Resolved,,3,1277.0,,58.67,Refund,Customer mentioned a previous unresolved ticket.
TKT-01138,2025-02-09 00:00:00,Blake Morales,blake.morales@example.com,+19806653396,Singapore,Atlas Pro,Subscription,Urgent,Web-Form,Resolved,Premium,,872.0,,11.48,Account | Security | Urgent,Follow-up required next business day.
TKT-00956,2024-12-03 23:13:00,Skyler Larsen,skyler.larsen@outlook.com,,Birmingham,Nimbus Basic,Refund,Urgent,Phone,Resolved,Standard,,,34,140.45,Feature-Request,
TKT-02268,2026-04-25 00:00:00,Cameron Wilson,cameron.wilson@example.com,+17366493686,London,Cobalt Enterprise,Billing,Medium,Web-Form,Open,Premium,1,,,96.58,Billing | Invoice,No additional context provided.
TKT-00107,2025-11-01 00:00:00,Avery Turner,avery.turner99@company.co,+11975435072,Birmingham,Harbor Essentials,Refund,Urgent,Email,Closed,Free,4,,86,182.74,Account | Security | Urgent,
TKT-01643,2026-03-08 00:00:00,Marley Morales,marley.morales@mailbox.org,,Berlin,Harbor Essentials,Subscription,Medium,Email,Resolved,Free,,1185.0,,74.62,,Customer mentioned a previous unresolved ticket.
TKT-00349,2025-06-07 00:00:00,Jamie Brooks,jamie.brooks@gmail.com,+447375532949,Cape Town,Lumen Starter,Product Question,Low,Phone,Pending Customer,Premium,5,1316.0,,39.49,Feature-Request,No additional context provided.
TKT-01906,2024-10-29 23:18:00,Arden Grant,arden.grant9@example.com,,Seattle,Atlas Pro,Feature Request,High,Phone,Open,Free,,490.0,,103.62,Billing | Invoice,
TKT-01504,2025-01-23 00:00:00,Devon Bennett,devon.bennett72@company.co,+8442528441,Glasgow,Mosaic Team,Billing,Low,Live Chat,Pending Customer,Premium,2,1247.0,,78.81,Login | Password,Customer supplied screenshots.
TKT-00058,2024-08-29 02:07:00,Robin Patel,robin.patel@gmail.com,+447706223119,Berlin,Cobalt Enterprise,Technical Issue,Medium,Email,Escalated,Premium,,,,61.99,Bug | Mobile,Follow-up required next business day.
TKT-02526,2026-03-08 18:34:00,Marley Bennett,marley.bennett@gmail.com,+447103479701,Manchester,Mosaic Team,Product Question,Medium,Phone,Closed,Premium,4,,65,105.55,,Customer mentioned a previous unresolved ticket.
TKT-00028,2024-01-10 15:52:00,Shawn Okafor,shawn.okafor@company.co,+18546345097,Manchester,Harbor Essentials,Product Question,Urgent,Social,Resolved,Standard,,,48,99.66,,No additional context provided.
TKT-02457,2025-03-23 07:56:00,Sage Meyer,sage.meyer82@outlook.com,+18284509980,Berlin,Nimbus Basic,Feature Request,High,Social,Resolved,Premium,,,,47.1,,
TKT-01339,2025-08-03 11:59:00,Taylor Sullivan,taylor.sullivan@mailbox.org,+447117209804,Singapore,Cobalt Enterprise,Billing,Low,Phone,Pending Customer,Premium,,,48,57.65,Login | Password,Customer mentioned a previous unresolved ticket.
TKT-02500,2026-02-20 23:40:00,Morgan Chen,morgan.chen@gmail.com,+13017278572,Toronto,Nimbus Basic,Delivery,Medium,Live Chat,Resolved,Premium,2,1524.0,,97.7,Feature-Request,No additional context provided.
TKT-02081,2026-01-28 09:30:00,Morgan  Walker,morgan.walker@mailbox.org,+8821267630,New York,Orchid Plus,Refund,Low,Email,Open,,5,,48,79.03,Billing | Invoice,No additional context provided.
TKT-00762,2026-04-21 02:24:00,Avery Walker,avery.walker@mailbox.org,+14918287252,New York,Vertex Analytics,Billing,Urgent,Social,Pending Customer,Premium,4,356.0,,85.71,Product Question,No additional context provided.
TKT-02584,2024-06-26 00:00:00,Jordan Ibrahim,jordan.ibrahim@example.com,+447474836905,Amsterdam,Harbor Essentials,Security,High,Email,Open,Standard,,,,146.3,Billing | Invoice,Issue reproduced on a mobile device.
TKT-00797,2024-01-08 02:32:00,Drew Fischer,drew.fischer@example.com,+14215917783,Amsterdam,Cobalt Enterprise,Security,Medium,Web-Form,Pending Customer,Enterprise,2,,,76.82,Billing | Invoice,Customer requested an update after the first response.
TKT-02492,2024-11-02 14:23:00,Drew Walker,drew.walker@mailbox.org,+447048898771,Austin,Nimbus Basic,Billing,Medium,Web-Form,Escalated,Enterprise,1,,48,41.06,,Customer mentioned a previous unresolved ticket.
TKT-02564,2026-06-15 16:29:00,Parker Diaz,parker.diaz@company.co,+17725317850,Seattle,Cobalt Enterprise,Delivery,Medium,Live Chat,Open,,,,,93.05,Delivery | Late,
TKT-02084,2025-08-11 09:15:00,Quinn Nguyen,quinn.nguyen@outlook.com,+18327013010,Austin,Mosaic Team,Security,Low,Live Chat,Pending Customer,Premium,4,,48,0,Billing | Invoice,Escalated to the specialist queue.
TKT-00646,2024-02-20 00:00:00,Robin Turner,robin.turner@gmail.com,,Melbourne,Lumen Starter,Account Access,High,Social,Resolved,Premium,,,,64.0,Account | Security | Urgent,Customer mentioned a previous unresolved ticket.
TKT-00331,2024-06-17 16:13:00,Marley Bennett,marley.bennett@outlook.com,+16735027181,New York,Harbor Essentials,Subscription,Low,Live Chat,Open,,5,,31,78.33,Delivery | Late,No additional context provided.
TKT-01759,2024-10-22 03:46:00,Robin Turner,robin.turner@mailbox.org,+5019220012,Austin,Cobalt Enterprise,Technical Issue,Medium,Social,Open,Premium,,,48,167.68,Account | Security | Urgent,Escalated to the specialist queue.
TKT-00828,2025-04-22 00:00:00,Parker Diaz,parker.diaz@example.com,+447105772706,New York,Cobalt Enterprise,Subscription,Medium,Live Chat,Open,Premium,2,,25,50.24,Account | Security | Urgent,Customer mentioned a previous unresolved ticket.
TKT-01893,2024-11-22 00:00:00,Shawn Morales,shawn.morales95@company.co,+16642914116,New York,Harbor Essentials,Subscription,High,Social,Escalated,Free,4,49.0,20,55.0,Billing | Invoice,
TKT-01700,2026-01-27 00:00:00,Taylor Hansen,taylor.hansen46@example.com,,Leeds,Atlas Pro,Feature Request,Urgent,Social,Pending Customer,Premium,,,,88.88,Billing | Invoice,Issue reproduced on a mobile device.
TKT-00527,2025-03-30 00:00:00,Tatum Hughes,tatum.hughes@company.co,,Glasgow,Nimbus Basic,Product Question,Urgent,Phone,Resolved,,1,1728.0,,0,Delivery | Late,
TKT-01623,2024-02-21 01:46:00,Rowan Singh,rowan.singh83@example.com,+14646959500,,Atlas Pro,Account Access,Urgent,Web-Form,Closed,,2,,,129.56,Bug | Mobile,
TKT-01149,2026-04-26 02:48:00,Drew Ahmed,drew.ahmed@outlook.com,+447378294358,Cape Town,Atlas Pro,Product Question,Urgent,Live Chat,Pending Customer,Free,4,,48,166.7,Product Question,Issue reproduced on a mobile device.
TKT-00786,2025-10-16 00:00:00,Blake Bennett,blake.bennett@company.co,+447588441263,Cape Town,Lumen Starter,Technical Issue,Medium,Social,Open,,4,,48,138.44,Account | Security | Urgent,
TKT-01878,2024-03-11 06:32:00,Kendall Meyer,kendall.meyer24@company.co,,New York,Orchid Plus,Delivery,High,Phone,Resolved,Premium,,,,67.49,,Customer supplied screenshots.
TKT-02380,2025-02-07 00:00:00,Marley Walker,marley.walker6@outlook.com,,Dublin,Lumen Starter,Refund,High,Social,Pending Customer,Premium,,,19,93.32,Login | Password,Customer mentioned a previous unresolved ticket.
TKT-01833,2024-06-22 18:22:00,Sage Novak,sage.novak@mailbox.org,+16449179661,Cape Town,Vertex Analytics,Technical Issue,Low,Phone,Open,Standard,4,,,131.42,Refund,
TKT-02713,2024-05-21 00:00:00,Taylor Wilson,taylor.wilson@outlook.com,,Leeds,Lumen Starter,Feature Request,Urgent,Live Chat,Open,Free,1,320.0,10,106.49,Refund,Customer requested an update after the first response.
TKT-02472,2026-05-06 00:00:00,Robin Brooks,robin.brooks@example.com,+447135635863,Glasgow,Orchid Plus,Account Access,Medium,Phone,Resolved,,,702.0,,209.01,Bug | Mobile,
TKT-02135,2025-06-23 00:00:00,Morgan Walker,morgan.walker@mailbox.org,+447598343621,Bristol,Vertex Analytics,Technical Issue,High,Email,Pending Customer,Enterprise,,824.0,,59.53,,Customer supplied screenshots.
TKT-02166,2024-07-23 00:00:00,Robin Meyer,robin.meyer@example.com,,London,Orchid Plus,Technical Issue,Urgent,Live Chat,Open,Enterprise,,839.0,,23.17,Account | Security | Urgent,Customer mentioned a previous unresolved ticket.
TKT-01434,2024-07-11 00:00:00,Quinn Fischer,quinn.fischer73@outlook.com,,London,Harbor Essentials,Account Access,Low,Social,Pending Customer,Premium,1,,,46.93,Bug | Mobile,Customer supplied screenshots.
TKT-00806,2025-10-12 00:00:00,Ellis Kim,ellis.kim@example.com,,Dublin,Nimbus Basic,Feature Request,Medium,Email,Open,Free,5,240.0,48,62.0,Product Question,No additional context provided.
TKT-01180,2025-04-02 23:47:00,Kendall Larsen,kendall.larsen@example.com,+14788076338,London,Nimbus Basic,Delivery,Low,Live Chat,Closed,,5,1157.0,,18.3,Product Question,Follow-up required next business day.
TKT-02747,2026-05-10 12:19:00,Arden Walker,arden.walker@gmail.com,+14489647828,Seattle,Mosaic Team,Delivery,Medium,Social,Closed,,,,48,92.27,Delivery | Late,Customer supplied screenshots.
TKT-02432,2025-05-20 00:00:00,Robin Walker,robin.walker@mailbox.org,+5578732686,London,Vertex Analytics,Product Question,Urgent,Live Chat,Pending Customer,Enterprise,2,,60,22.92,Product Question,Escalated to the specialist queue.
TKT-01483,2024-03-31 01:55:00,Finley Santos,finley.santos59@gmail.com,+6220098009,Glasgow,Lumen Starter,Account Access,High,Live Chat,Resolved,,,,,173.98,,No additional context provided.
TKT-01246,2026-01-23 00:00:00,Morgan Kim,morgan.kim76@gmail.com,+447518293264,Toronto,Cobalt Enterprise,Technical Issue,High,Email,Open,Standard,4,,48,11.68,Bug | Mobile,
TKT-02566,2024-11-16 00:00:00,Cameron Petrov,cameron.petrov@mailbox.org,,Manchester,Atlas Pro,Technical Issue,Medium,Live Chat,Escalated,Free,5,717.0,48,56.55,Delivery | Late,No additional context provided.
TKT-01399,2025-05-24 00:00:00,Skyler Novak,skyler.novak@outlook.com,,New York,Cobalt Enterprise,Billing,Urgent,Web-Form,Pending Customer,Enterprise,,,43,145.02,Billing | Invoice,Customer supplied screenshots.
TKT-00906,2024-11-10 00:00:00,Micah Hughes,micah.hughes@mailbox.org,+447128986210,Birmingham,Mosaic Team,Feature Request,Medium,Phone,Pending Customer,Premium,5,458.0,1,81.55,Refund,Customer requested an update after the first response.
TKT-00674,2025-04-15 00:00:00,Ellis Reed,ellis.reed@outlook.com,,Singapore,Atlas Pro,Security,High,Web-Form,Pending Customer,Enterprise,,1636.0,,58.57,,Escalated to the specialist queue.
TKT-00615,2024-08-01 00:00:00,Arden Santos,arden.santos54@gmail.com,,Berlin,Orchid Plus,Subscription,Urgent,Social,Open,,,1213.0,48,213.52,Refund,Customer requested an update after the first response.
TKT-01081,2025-10-01 20:07:00,Jordan Diaz,jordan.diaz@mailbox.org,,Toronto,Lumen Starter,Delivery,Low,Web-Form,Open,Premium,5,147.0,48,59.82,Product Question,
TKT-01056,2024-08-11 00:00:00,Drew Diaz,drew.diaz@company.co,,Melbourne,Atlas Pro,Subscription,Medium,Live Chat,Pending Customer,Free,4,,41,42.06,Feature-Request,No additional context provided.
TKT-00778,2025-04-28 00:00:00,Cameron Nguyen,cameron.nguyen38@example.com,+447200990214,Toronto,Cobalt Enterprise,Refund,Urgent,Live Chat,Open,Standard,5,,42,65.39,Login | Password,Customer mentioned a previous unresolved ticket.
TKT-01781,2024-11-03 23:25:00,Casey Sullivan,casey.sullivan@outlook.com,,Manchester,Vertex Analytics,Product Question,Urgent,Email,Pending Customer,Free,3,,14,1.65,Billing | Invoice,
TKT-00821,2024-02-08 00:00:00,Jordan Kowalski,jordan.kowalski@outlook.com,+9553605467,Berlin,Vertex Analytics,Delivery,Low,Web-Form,Open,Premium,4,,,50.55,,
TKT-01033,2025-03-15 00:00:00,Quinn Carter,quinn.carter@mailbox.org,,New York,Lumen Starter,Billing,Urgent,Live Chat,Resolved,Standard,4,314.0,48,100.96,Billing | Invoice,No additional context provided.
TKT-02140,2026-04-09 15:29:00,Ellis Morris,ellis.morris38@mailbox.org,+447128234808,Seattle,Lumen Starter,Product Question,Urgent,Email,Open,Standard,4,,57,0,Billing | Invoice,Customer requested an update after the first response.
TKT-02612,2024-06-09 21:10:00,Blake Nguyen,blake.nguyen@company.co,+19874814138,,Lumen Starter,Product Question,High,Email,Pending Customer,Premium,1,341.0,58,16.43,,Issue reproduced on a mobile device.
TKT-00054,2025-02-26 00:00:00,Quinn Kowalski,quinn.kowalski@company.co,+447574440839,Toronto,Lumen Starter,Delivery,Urgent,Email,Pending Customer,Premium,,,48,112.64,Bug | Mobile,No additional context provided.
TKT-01481,2025-04-15 22:21:00,Milan Kim,milan.kim@company.co,+447773934088,Dublin,Mosaic Team,Feature Request,Medium,Live Chat,Resolved,Standard,4,1051.0,,118.73,Delivery | Late,Escalated to the specialist queue.
TKT-01130,2024-09-10 07:24:00,Micah Turner,micah.turner@example.com,+3268325499,Seattle,Mosaic Team,Technical Issue,Urgent,Live Chat,Resolved,Premium,,173.0,71,97.08,Billing | Invoice,Escalated to the specialist queue.
TKT-01460,2025-03-06 00:00:00,Sage Singh,sage.singh@gmail.com,,Berlin,Lumen Starter,Technical Issue,High,Social,Escalated,Standard,4,,,116.02,,
TKT-00688,2024-03-27 00:00:00,Morgan Nguyen,morgan.nguyen@outlook.com,,Dublin,Vertex Analytics,Technical Issue,Medium,Social,Pending Customer,,5,,,58.38,Login | Password,Customer supplied screenshots.
TKT-00630,2024-08-11 17:56:00,Devon Meyer,devon.meyer2@example.com,+447845546285,Bristol,Mosaic Team,Refund,Low,Social,Open,,4,1612.0,48,139.18,,No additional context provided.
TKT-01011,2024-06-20 00:00:00,Avery Ahmed,,+18194892098,Austin,Atlas Pro,Refund,Medium,Social,Resolved,Free,1,,,151.46,,Escalated to the specialist queue.
TKT-01250,2024-11-07 07:57:00,Blake Grant,blake.grant@outlook.com,,Melbourne,Cobalt Enterprise,Subscription,Low,Live Chat,Resolved,Standard,1,,,0,Billing | Invoice,Follow-up required next business day.
TKT-00941,2025-01-26 00:00:00,Riley Reed,riley.reed64@gmail.com,+17718597344,Austin,Atlas Pro,Account Access,Low,Email,Resolved,Standard,,,48,8.58,Bug | Mobile,No additional context provided.
TKT-01123,2024-12-27 00:00:00,Micah Morris,micah.morris64@company.co,+18428463518,London,Cobalt Enterprise,Refund,Medium,Social,Resolved,Premium,2,525.0,,114.13,,Customer supplied screenshots.
TKT-02488,2026-06-01 00:00:00,Kendall Novak,kendall.novak41@example.com,+3220415283,Toronto,Lumen Starter,Technical Issue,High,Live Chat,Escalated,Standard,4,879.0,95,76.5,,Escalated to the specialist queue.
TKT-01286,2024-12-29 00:00:00,Blake Kowalski,blake.kowalski54@company.co,,,Vertex Analytics,Delivery,Urgent,Web-Form,Resolved,Enterprise,5,,,5.78,Billing | Invoice,Customer supplied screenshots.
TKT-02771,2024-05-25 00:17:00,Kendall Okafor,kendall.okafor@company.co,+447706467192,New York,Mosaic Team,Refund,Medium,Social,Open,Enterprise,,1312.0,86,67.68,,
TKT-00815,2025-05-12 02:34:00,Drew Diaz,drew.diaz44@company.co,,Leeds,Harbor Essentials,Billing,Low,Social,Escalated,,3,,13,135.75,Feature-Request,Customer supplied screenshots.
TKT-00070,2026-06-01 11:14:00,Finley Ibrahim,finley.ibrahim84@gmail.com,,Cape Town,Vertex Analytics,Subscription,Low,Live Chat,Open,,5,,,43.52,Billing | Invoice,
TKT-01054,2025-02-04 02:43:00,Drew Diaz,drew.diaz@company.co,,Glasgow,Vertex Analytics,Feature Request,High,Live Chat,Resolved,Premium,1,,48,93.34,Billing | Invoice,
TKT-02514,2025-11-17 01:46:00,Taylor Wilson,taylor.wilson68@company.co,+11246412786,Berlin,Atlas Pro,Subscription,Medium,Phone,Resolved,Enterprise,4,78.0,,64.98,Account | Security | Urgent,Customer mentioned a previous unresolved ticket.
TKT-00851,2024-03-23 01:06:00,Blake Patel,blake.patel39@company.co,+447706149971,Austin,Vertex Analytics,Technical Issue,High,Social,Pending Customer,,5,,,44.73,Billing | Invoice,No additional context provided.
TKT-00601,2024-03-03 00:00:00,alexis morales,alexis.morales@mailbox.org,+447146580542,Singapore,Mosaic Team,Refund,Urgent,Social,Closed,Enterprise,3,,7,120.63,Refund,
TKT-02278,2026-04-05 04:03:00,Rowan Ahmed,rowan.ahmed@example.com,+18576345437,Amsterdam,Atlas Pro,Subscription,Low,Social,Resolved,Premium,4,626.0,23,15.82,Billing | Invoice,
TKT-00497,2025-04-16 19:49:00,Tatum Parker,tatum.parker@gmail.com,,Seattle,Vertex Analytics,Security,Low,Web-Form,Pending Customer,Free,5,,,21.95,Billing | Invoice,Customer mentioned a previous unresolved ticket.
TKT-02330,2025-06-16 00:00:00,Sage Wilson,sage.wilson@gmail.com,+681490521,London,Lumen Starter,Delivery,High,Email,Resolved,Free,,,,125.7,Delivery | Late,
TKT-02375,2024-05-25 06:53:00,Arden Carter,arden.carter@example.com,+447951452920,Berlin,Harbor Essentials,Product Question,Low,Email,Open,Premium,,,,140.46,Billing | Invoice,Issue reproduced on a mobile device.
TKT-02420,2026-02-15 00:00:00,Taylor Walker,taylor.walker@mailbox.org,+4599362433,Amsterdam,Vertex Analytics,Account Access,Medium,Live Chat,Open,Premium,3,975.0,48,6.04,Delivery | Late,Follow-up required next business day.
TKT-00968,2025-09-13 00:00:00,Quinn Okafor,quinn.okafor47@gmail.com,+18164094170,Leeds,Nimbus Basic,Subscription,Low,Social,Pending Customer,Free,1,,86,178.05,Bug | Mobile,
TKT-02008,2025-04-13 00:00:00,Emerson Kowalski,emerson.kowalski@outlook.com,+12063183876,Dublin,Harbor Essentials,Account Access,Medium,Social,Escalated,Free,,,48,34.06,Refund,Customer requested an update after the first response.
TICKET-00303,2026-04-18 22:26:00,Parker Morales,parker.morales95@company.co,+14958142758,Seattle,Orchid Plus,Subscription,Urgent,Social,Resolved,Standard,4,,,120.10,Billing | Invoice,
TICKET-02352,2024-07-28 22:37:00,Casey Hughes,casey.hughes@company.co,+3221960211,Dublin,Mosaic Team,Security,Medium,Email,Pending Customer,,,,48,112.94,,Customer supplied screenshots.
TKT-00332,2024-12-22 00:00:00,Avery Parker,avery.parker60@outlook.com,,Berlin,Lumen Starter,Billing,Low,Phone,Pending Customer,Enterprise,5,,88,29.65,Refund,
TKT-02441,2024-05-24 00:00:00,Hayden Singh,hayden.singh45@company.co,+447237106377,Manchester,Nimbus Basic,Product Question,High,Web-Form,Resolved,Premium,,1625.0,54,175.23,Delivery | Late,Customer supplied screenshots.
TKT-00159,2025-04-11 10:35:00,Robin Walker,robin.walker@gmail.com,+19079816320,Bristol,Cobalt Enterprise,Feature Request,Medium,Social,Pending Customer,Enterprise,2,,,13.48,Product Question,Customer supplied screenshots.
TKT-01124,2025-12-17 00:00:00,Finley Patel,finley.patel85@example.com,+3531022064,Bristol,Harbor Essentials,Account Access,Medium,Live Chat,Pending Customer,,,,,16.13,Bug | Mobile,Customer requested an update after the first response.
TKT-01512,2024-02-05 00:00:00,Blake Novak,blake.novak@company.co,+447853882304,Toronto,Vertex Analytics,Technical Issue,Low,Email,Resolved,Enterprise,1,,34,68.35,,Follow-up required next business day.
TKT-02311,2024-06-06 18:25:00,micah brooks,micah.brooks@company.co,+16258654778,Birmingham,Cobalt Enterprise,Refund,Medium,Phone,Pending Customer,Standard,5,,,61.36,Product Question,Escalated to the specialist queue.
TKT-00099,2025-12-27 21:56:00,Drew Kowalski,drew.kowalski@gmail.com,,Amsterdam,Atlas Pro,Security,Medium,Phone,Resolved,,,,48,79.28,Billing | Invoice,No additional context provided.
TKT-02270,2025-01-10 00:00:00,Sage Kim,sage.kim@outlook.com,+447531879757,,Orchid Plus,Feature Request,Medium,Social,Resolved,Premium,1,,,74.52,Delivery | Late,
TKT-02477,2024-03-29 03:23:00,parker wilson,parker.wilson7@company.co,+12814378745,Leeds,Nimbus Basic,Technical Issue,Urgent,Web-Form,Closed,Free,5,,48,66.3,Billing | Invoice,Customer requested an update after the first response.
TKT-01822,2025-11-30 00:00:00,Jordan Wilson,jordan.wilson@mailbox.org,+18605727021,Dublin,Harbor Essentials,Security,Low,Social,Closed,,5,1319.0,48,83.23,Delivery | Late,Escalated to the specialist queue.
TKT-01815,2024-08-22 09:02:00,Casey Petrov,casey.petrov8@company.co,,Berlin,Lumen Starter,Account Access,Medium,Phone,Resolved,Standard,5,,,64.23,Billing | Invoice,Follow-up required next business day.
TKT-02107,2024-05-14 21:16:00,Taylor Novak,taylor.novak18@outlook.com,+18024176374,Amsterdam,Nimbus Basic,Delivery,Urgent,Live Chat,Resolved,,5,842.0,,29.47,Refund,Customer requested an update after the first response.
TKT-00561,2025-10-31 12:35:00,Milan Diaz,milan.diaz20@mailbox.org,+447043259000,Birmingham,Cobalt Enterprise,Product Question,Low,Web-Form,Resolved,Free,,1476.0,,94.94,Billing | Invoice,Customer supplied screenshots.
TKT-01168,2025-09-04 23:20:00,Jordan Walker,jordan.walker@gmail.com,+19655841876,London,Vertex Analytics,Security,Urgent,Email,Open,,5,,,110.02,Bug | Mobile,No additional context provided.
TKT-01689,2024-07-04 00:00:00,jamie okafor,jamie.okafor18@company.co,+17657054062,Berlin,Cobalt Enterprise,Delivery,Urgent,Email,Closed,Standard,4,1613.0,,94.58,Billing | Invoice,Escalated to the specialist queue.
TKT-00252,2026-04-27 07:11:00,Marley Diaz,marley.diaz90@mailbox.org,+8531366552,,Atlas Pro,Product Question,Urgent,Phone,Pending Customer,Enterprise,,,48,129.48,Account | Security | Urgent,Customer mentioned a previous unresolved ticket.
TKT-02089,2024-10-12 20:34:00,Kendall Petrov,kendall.petrov@company.co,+16339574600,Berlin,Orchid Plus,Account Access,Urgent,Web-Form,Pending Customer,Standard,5,802.0,,,,Customer requested an update after the first response.
TKT-00116,2026-02-02 19:59:00,Jordan Turner,jordan.turner46@example.com,+447390514306,New York,Orchid Plus,Technical Issue,Low,Email,Open,Premium,4,,,95.59,Billing | Invoice,Escalated to the specialist queue.
TKT-01701,2025-02-07 18:25:00,Shawn Santos,shawn.santos@mailbox.org,,Cape Town,Cobalt Enterprise,Account Access,High,Email,Pending Customer,Premium,,741.0,48,98.28,Account | Security | Urgent,Follow-up required next business day.
TKT-00640,2024-06-08 00:00:00,Jamie Okafor,jamie.okafor@example.com,,Glasgow,Harbor Essentials,Product Question,Medium,Live Chat,Open,Premium,5,,32,,Delivery | Late,
TKT-00016,2025-03-22 00:00:00,Avery Santos,avery.santos86@outlook.com,+17781272375,Birmingham,Harbor Essentials,Billing,Low,Email,Escalated,,,,,48.07,,No additional context provided.
TKT-00587,2024-07-20 00:00:00,Jamie Kowalski,jamie.kowalski@company.co,+14779941575,London,Harbor Essentials,Billing,Low,Live Chat,Escalated,,4,,48,53.74,Bug | Mobile,Follow-up required next business day.
TKT-02410,2025-01-18 00:00:00,Hayden Fischer,hayden.fischer@example.com,,Glasgow,Harbor Essentials,Feature Request,Urgent,Phone,Resolved,Free,4,,,15.85,Delivery | Late,Follow-up required next business day.
TKT-01106,2024-07-24 03:23:00,Emerson Singh,emerson.singh@gmail.com,+447902569636,Bristol,Harbor Essentials,Security,Urgent,Live Chat,Pending Customer,,5,,,21.81,Login | Password,No additional context provided.
TKT-00684,2026-02-03 12:53:00,Emerson Kowalski,emerson.kowalski@gmail.com,,Cape Town,Nimbus Basic,Refund,High,Social,Closed,,,150.0,,105.92,,Escalated to the specialist queue.
TKT-01584,2026-01-11 16:10:00,Jamie Petrov,jamie.petrov77@example.com,+447181756529,Birmingham,Atlas Pro,Billing,High,Phone,Pending Customer,Premium,5,,,82.39,Product Question,Customer supplied screenshots.
TKT-01290,2025-10-04 22:00:00,Emerson Patel,emerson.patel80@example.com,,Glasgow,Vertex Analytics,Technical Issue,Medium,Email,Pending Customer,Premium,4,,,0,Refund,Customer requested an update after the first response.
TKT-01179,2024-11-24 02:04:00,Micah Kowalski,micah.kowalski18@outlook.com,+447639766617,Singapore,Lumen Starter,Product Question,Medium,Live Chat,Resolved,,1,,53,24.63,Feature-Request,Customer requested an update after the first response.
TKT-00142,2026-03-01 00:00:00,Ellis Sullivan,ellis.sullivan66@company.co,+4788135616,,Mosaic Team,Technical Issue,Low,Email,Resolved,,4,1167.0,,150.89,Product Question,Issue reproduced on a mobile device.
TKT-00703,2024-10-28 22:19:00,Arden Sullivan,arden.sullivan@example.com,,London,Harbor Essentials,Security,High,Web-Form,Open,Free,4,,48,40.26,Billing | Invoice,
TKT-00065,2024-02-04 02:32:00,Ellis Singh,ellis.singh@example.com,,Bristol,Orchid Plus,Delivery,Urgent,Social,Closed,,,1131.0,48,123.69,Account | Security | Urgent,Customer mentioned a previous unresolved ticket.
TKT-00180,2024-05-15 10:27:00,Casey Wilson,casey.wilson@outlook.com,+447466274444,Manchester,Cobalt Enterprise,Refund,High,Email,Pending Customer,Premium,3,332.0,48,228.61,Feature-Request,Customer supplied screenshots.
TKT-01622,2026-03-08 00:00:00,Hayden Singh,,,Berlin,Vertex Analytics,Subscription,Low,Web-Form,Pending Customer,,3,,,0,Refund,
TKT-01478,2024-01-01 23:52:00,Avery Kim,avery.kim@company.co,+11897749855,Leeds,Orchid Plus,Security,High,Web-Form,Pending Customer,Free,5,,48,102.07,Delivery | Late,Customer requested an update after the first response.
TKT-02739,2025-06-09 11:42:00,Tatum Nguyen,tatum.nguyen@gmail.com,+6395631938,Singapore,Nimbus Basic,Account Access,Low,Phone,Resolved,Premium,,,19,164.48,Delivery | Late,
TKT-01511,2025-08-05 00:00:00,Milan Morris,milan.morris@company.co,+447575957796,Cape Town,Vertex Analytics,Refund,Urgent,Web-Form,Pending Customer,Enterprise,2,1227.0,48,16.21,,Escalated to the specialist queue.
TKT-01049,2024-03-01 03:58:00,Drew Turner,drew.turner@mailbox.org,+447216520637,Toronto,Orchid Plus,Technical Issue,Medium,Live Chat,Pending Customer,Premium,,,48,160.21,Billing | Invoice,No additional context provided.
TKT-02476,2024-09-14 00:00:00,Jordan Chen,jordan.chen@example.com,+447132362404,Leeds,Lumen Starter,Billing,Medium,Email,Closed,Premium,4,,48,118.69,Login | Password,Customer supplied screenshots.
TKT-01388,2024-06-21 05:39:00,Riley Larsen,riley.larsen33@gmail.com,+17187804153,Dublin,Atlas Pro,Refund,High,Social,Pending Customer,Standard,4,,,164.88,Account | Security | Urgent,Customer requested an update after the first response.
TKT-00450,2026-02-22 00:00:00,Micah Bennett,micah.bennett@example.com,,Berlin,Orchid Plus,Technical Issue,High,Social,Pending Customer,Premium,1,,,20.74,Billing | Invoice,Issue reproduced on a mobile device.
TKT-01231,2026-01-17 00:00:00,Finley Walker,finley.walker@company.co,+18915944068,Dublin,Nimbus Basic,Product Question,Low,Social,Closed,,5,,,48.34,Billing | Invoice,Customer requested an update after the first response.
TKT-01539,2024-05-21 08:48:00,Reese Ahmed,reese.ahmed@mailbox.org,+16835456537,Manchester,Harbor Essentials,Product Question,Medium,Social,Pending Customer,Free,,,48,14.65,Product Question,Issue reproduced on a mobile device.
TKT-02416,2026-01-21 00:00:00,Tatum Morales,tatum.morales23@example.com,+447799715208,Melbourne,Vertex Analytics,Billing,High,Web-Form,Resolved,Premium,4,,48,93.93,Billing | Invoice,
TKT-02261,2025-05-10 00:00:00,Drew Kim,drew.kim@company.co,,Singapore,Vertex Analytics,Billing,Medium,Phone,Pending Customer,Enterprise,,,,103.02,,Issue reproduced on a mobile device.
TKT-00290,2025-10-23 14:23:00,Robin Novak,robin.novak@gmail.com,+447122230120,London,Nimbus Basic,Subscription,Medium,Live Chat,Closed,Premium,5,,,44.75,,Customer requested an update after the first response.
TKT-00193,2025-04-16 22:27:00,Marley Kowalski,marley.kowalski@company.co,,Manchester,Lumen Starter,Security,Urgent,Social,Open,,5,,,90.78,Billing | Invoice,
TKT-01581,2024-05-21 00:00:00,Casey Parker,casey.parker@gmail.com,,Berlin,Lumen Starter,Technical Issue,Low,Email,Pending Customer,Premium,,,48,90.03,Billing | Invoice,
TKT-01915,2024-11-26 06:43:00,Quinn Morales,quinn.morales77@mailbox.org,+11754472526,London,Atlas Pro,Feature Request,Low,Email,Closed,Enterprise,5,,,0,Feature-Request,
TKT-02619,2026-01-16 21:01:00,finley novak,finley.novak56@company.co,+12965238227,Berlin,Orchid Plus,Refund,Urgent,Web-Form,Closed,Standard,2,,,104.15,Account | Security | Urgent,Issue reproduced on a mobile device.
TKT-02285,2024-07-16 00:00:00,Reese Grant,reese.grant@example.com,+447028405261,Birmingham,Lumen Starter,Security,Medium,Phone,Pending Customer,Premium,1,,,53.46,Billing | Invoice,Follow-up required next business day.
TKT-02788,2024-03-04 00:00:00,Emerson Kim,emerson.kim@outlook.com,,Manchester,Mosaic Team,Billing,High,Phone,Pending Customer,Premium,5,,91,7.71,,Customer requested an update after the first response.
TKT-00008,2025-08-16 00:00:00,Jordan Diaz,jordan.diaz@outlook.com,+17091694853,Austin,Vertex Analytics,Product Question,High,Phone,Closed,Enterprise,,,4,121.21,Account | Security | Urgent,Escalated to the specialist queue.
TKT-02601,2025-03-18 00:00:00,Jamie Brooks,jamie.brooks@outlook.com,+15497833807,New York,Harbor Essentials,Account Access,Low,Email,Open,Free,4,,,0,Refund,
TKT-00340,2024-04-05 00:00:00,rowan walker,rowan.walker@mailbox.org,+12354677909,Melbourne,Mosaic Team,Billing,Low,Live Chat,Closed,,2,,77,48.0,Account | Security | Urgent,Customer mentioned a previous unresolved ticket.
TKT-01359,2025-12-07 17:40:00,Parker Sullivan,parker.sullivan@outlook.com,,Cape Town,Mosaic Team,Delivery,Low,Phone,Pending Customer,Standard,,,48,0,,
TKT-01673,2025-03-16 00:00:00,Emerson Patel,emerson.patel49@outlook.com,,Dublin,Atlas Pro,Delivery,High,Live Chat,Escalated,Standard,4,,48,57.45,Product Question,
TKT-00403,2025-05-06 19:08:00,Alexis Okafor,alexis.okafor10@mailbox.org,+12512115493,Toronto,Orchid Plus,Product Question,Urgent,Web-Form,Open,,4,,48,79.29,Login | Password,No additional context provided.
TKT-00734,2025-11-01 13:32:00,Shawn Novak,shawn.novak@mailbox.org,+16838164190,Austin,Harbor Essentials,Subscription,Urgent,Phone,Open,Premium,2,,16,0,Bug | Mobile,Escalated to the specialist queue.
TKT-01621,2026-02-26 00:00:00,Marley Carter,marley.carter28@company.co,+447554801881,Bristol,Vertex Analytics,Delivery,Urgent,Email,Pending Customer,Free,5,,,85.23,Billing | Invoice,
TKT-01675,2024-11-05 11:08:00,Rowan Ibrahim,rowan.ibrahim@gmail.com,+447213749081,Toronto,Harbor Essentials,Delivery,Urgent,Email,Open,Standard,5,1549.0,,167.85,Product Question,
TKT-00144,2025-05-28 00:00:00,Micah Turner,micah.turner@mailbox.org,,Cape Town,Orchid Plus,Subscription,Low,Web-Form,Escalated,,4,,48,89.15,Refund,Customer supplied screenshots.
TKT-00560,2025-06-03 00:00:00,Hayden Nguyen,hayden.nguyen@company.co,+13142636186,Melbourne,Cobalt Enterprise,Feature Request,Medium,Phone,Pending Customer,Free,3,,,55.85,Delivery | Late,Customer requested an update after the first response.
TKT-02496,2026-03-18 00:00:00,Alexis Meyer,alexis.meyer@example.com,,Melbourne,Vertex Analytics,Technical Issue,Low,Web-Form,Pending Customer,Standard,4,1001.0,81,123.73,Refund,Follow-up required next business day.
TKT-02408,2025-09-05 17:38:00,Marley Nguyen,marley.nguyen@gmail.com,+447457250326,New York,Nimbus Basic,Delivery,Urgent,Social,Open,Premium,1,,48,124.64,Billing | Invoice,Customer supplied screenshots.
TKT-01688,2025-10-18 22:53:00,Jordan Carter,jordan.carter41@mailbox.org,,Seattle,Nimbus Basic,Feature Request,Low,Phone,Open,Premium,5,,48,90.06,Account | Security | Urgent,No additional context provided.
TKT-00060,2024-07-03 04:37:00,Micah Walker,micah.walker@gmail.com,,Seattle,Orchid Plus,Product Question,Urgent,Live Chat,Resolved,,4,1711.0,,132.65,Account | Security | Urgent,Customer mentioned a previous unresolved ticket.
TKT-00879,2024-06-24 22:37:00,Blake Turner,blake.turner@company.co,,Glasgow,Harbor Essentials,Technical Issue,High,Web-Form,Pending Customer,Free,3,,,78.1,Login | Password,Follow-up required next business day.
TKT-00012,2024-09-28 00:00:00,Taylor Chen,taylor.chen45@gmail.com,+447260146542,Toronto,Orchid Plus,Delivery,High,Live Chat,Pending Customer,Premium,2,,30,53.38,Refund,Customer mentioned a previous unresolved ticket.
TKT-02462,2025-12-17 00:00:00,Emerson Wilson,emerson.wilson@mailbox.org,+447499336649,Melbourne,Mosaic Team,Refund,Low,Phone,Resolved,Premium,,,,119.85,,No additional context provided.
TKT-01786,2025-04-19 22:23:00,Sage Novak,sage.novak@example.com,+447058300968,Austin,Harbor Essentials,Technical Issue,High,Social,Resolved,,4,544.0,29,0,Billing | Invoice,Customer supplied screenshots.
TKT-02123,2025-12-11 12:26:00,Milan Grant,milan.grant@outlook.com,+17071462659,Amsterdam,Mosaic Team,Delivery,High,Email,Open,Premium,4,1275.0,48,77.94,,Customer requested an update after the first response.
TKT-01573,2025-09-16 18:02:00,Jamie Ibrahim,jamie.ibrahim@company.co,+18128987419,Melbourne,Mosaic Team,Subscription,Low,Live Chat,Open,Premium,1,,,95.15,Bug | Mobile,Customer supplied screenshots.
TKT-01111,2024-03-09 00:00:00,Finley Wilson,finley.wilson@mailbox.org,+18852679069,Cape Town,Atlas Pro,Feature Request,Medium,Email,Open,Premium,4,657.0,,68.51,Delivery | Late,Customer supplied screenshots.
TKT-00178,2025-01-10 05:58:00,Jamie Larsen,jamie.larsen72@example.com,,New York,Lumen Starter,Subscription,Medium,Live Chat,Escalated,Enterprise,5,,27,158.94,Account | Security | Urgent,
TKT-02508,2024-06-21 00:00:00,Emerson Larsen,emerson.larsen@example.com,+15643948088,Manchester,Atlas Pro,Product Question,Urgent,Social,Open,,1,,,147.46,,
TKT-01147,2024-03-16 16:59:00,Ellis Bennett,ellis.bennett@company.co,,Amsterdam,Nimbus Basic,Account Access,Medium,Web-Form,Open,Free,3,,,18.7,,Customer mentioned a previous unresolved ticket.
TKT-02683,2024-08-20 00:00:00,Robin Hughes,robin.hughes@company.co,+12488557785,Cape Town,Nimbus Basic,Product Question,Urgent,Social,Open,Enterprise,5,823.0,,60.88,,
TKT-01438,2024-06-06 00:00:00,Riley Kim,riley.kim@gmail.com,,Manchester,Vertex Analytics,Security,Medium,Web-Form,Resolved,,4,,,167.4,Billing | Invoice,No additional context provided.
TKT-01319,2024-04-18 02:14:00,Blake Patel,blake.patel51@company.co,+15728706705,Melbourne,Harbor Essentials,Subscription,Low,Web-Form,Open,Free,4,,,45.48,Billing | Invoice,Issue reproduced on a mobile device.
TKT-01270,2025-06-07 16:49:00,Cameron Chen,cameron.chen@example.com,+17011907839,Leeds,Orchid Plus,Subscription,Medium,Social,Open,Premium,3,1047.0,,146.99,Billing | Invoice,Follow-up required next business day.
TKT-00605,2024-09-12 00:05:00,Marley Singh,marley.singh@gmail.com,,Seattle,Lumen Starter,Delivery,Low,Live Chat,Pending Customer,Standard,4,831.0,34,101.74,Delivery | Late,Issue reproduced on a mobile device.
TKT-00490,2024-05-31 00:00:00,Avery Parker,avery.parker44@example.com,+6040761227,New York,Cobalt Enterprise,Subscription,High,Live Chat,Closed,Enterprise,,,,127.49,Login | Password,Customer requested an update after the first response.
TKT-00765,2025-08-29 20:05:00,Reese Sullivan,reese.sullivan71@mailbox.org,,Cape Town,Nimbus Basic,Technical Issue,Low,Web-Form,Closed,,,35.0,44,142.21,,Customer requested an update after the first response.
TKT-01426,2025-06-08 00:00:00,Quinn Singh,quinn.singh23@mailbox.org,,,Atlas Pro,Billing,High,Web-Form,Closed,Standard,,,,0,Refund,Customer supplied screenshots.
TKT-01282,2025-08-01 00:00:00,Cameron Patel,cameron.patel@company.co,+15773854051,Glasgow,Harbor Essentials,Product Question,Low,Phone,Resolved,Free,3,,,70.61,Login | Password,Escalated to the specialist queue.
TKT-00748,2025-08-31 00:00:00,Blake Santos,blake.santos@gmail.com,+12088194370,Manchester,Cobalt Enterprise,Technical Issue,Urgent,Web-Form,Closed,Enterprise,3,,52,37.45,Account | Security | Urgent,Customer supplied screenshots.
TKT-02097,2025-07-13 00:00:00,Sage Morris,sage.morris@example.com,+19244299452,Amsterdam,Cobalt Enterprise,Product Question,Low,Email,Escalated,Standard,5,951.0,,115.88,Login | Password,Follow-up required next business day.
TKT-01896,2024-07-28 02:48:00,Parker Novak,parker.novak97@gmail.com,+15525876868,Leeds,Mosaic Team,Account Access,Low,Phone,Open,,,,,58.65,Login | Password,Customer supplied screenshots.
TKT-01307,2025-05-22 00:00:00,Micah Kim,micah.kim45@mailbox.org,+13304626936,,Nimbus Basic,Billing,Medium,Social,Pending Customer,,5,,,80.55,,Issue reproduced on a mobile device.
TKT-01677,2024-05-17 00:00:00,Marley Kowalski,marley.kowalski55@company.co,+447089350175,Singapore,Nimbus Basic,Product Question,Medium,Live Chat,Open,,4,,,145.94,Refund,Customer requested an update after the first response.
TKT-00081,2025-08-31 02:25:00,Blake Grant,blake.grant@example.com,+15747593830,Toronto,Nimbus Basic,Feature Request,Urgent,Phone,Resolved,Enterprise,1,,,66.92,Billing | Invoice,
TKT-00473,2024-05-23 00:00:00,Ellis Ahmed,ellis.ahmed@company.co,,,Orchid Plus,Security,Urgent,Web-Form,Resolved,Premium,5,,48,0,Delivery | Late,Escalated to the specialist queue.
TKT-02661,2026-05-06 13:27:00,Quinn Meyer,quinn.meyer@company.co,+13962993381,Birmingham,Cobalt Enterprise,Product Question,Low,Phone,Pending Customer,,2,,,14.34,,Issue reproduced on a mobile device.
TKT-01416,2025-04-19 01:54:00,Jamie Carter,jamie.carter98@gmail.com,+12055787342,,Cobalt Enterprise,Feature Request,High,Social,Resolved,Enterprise,,1253.0,,130.03,Billing | Invoice,Follow-up required next business day.
TKT-00229,2024-01-11 02:31:00,Hayden Bennett,hayden.bennett@company.co,+2636551621,Bristol,Cobalt Enterprise,Delivery,Low,Phone,Escalated,Premium,5,1137.0,17,39.66,Billing | Invoice,Customer requested an update after the first response.
TKT-00942,2025-03-29 16:54:00,Casey Chen,casey.chen72@example.com,+19981274883,Seattle,Mosaic Team,Delivery,High,Social,Open,Standard,5,574.0,,126.99,Account | Security | Urgent,Follow-up required next business day.
TKT-01713,2025-02-05 03:15:00,Riley Petrov,riley.petrov53@example.com,+19923613047,Leeds,Orchid Plus,Feature Request,Medium,Email,Closed,Standard,2,,48,0,Bug | Mobile,No additional context provided.
TKT-00884,2024-05-11 01:36:00,Parker Parker,parker.parker74@mailbox.org,+4929297925,Berlin,Vertex Analytics,Refund,High,Phone,Resolved,Standard,,,74,136.43,Billing | Invoice,Escalated to the specialist queue.
TKT-01631,2026-02-13 20:22:00,Avery Hansen,avery.hansen@company.co,+18505184331,Amsterdam,Orchid Plus,Account Access,Urgent,Social,Closed,,2,,65,105.66,Feature-Request,Customer requested an update after the first response.
TKT-02613,2025-10-10 18:02:00,Sage Hughes,sage.hughes@gmail.com,,Austin,Atlas Pro,Technical Issue,High,Email,Escalated,Premium,1,757.0,28,67.92,Product Question,Escalated to the specialist queue.
TKT-01323,2024-10-16 20:22:00,Riley Petrov,riley.petrov@gmail.com,+11454891047,Melbourne,Lumen Starter,Technical Issue,High,Phone,Pending Customer,Free,5,427.0,,75.12,,Follow-up required next business day.
TKT-00254,2026-02-02 12:48:00,Micah Turner,micah.turner60@example.com,+12113222910,Birmingham,Orchid Plus,Security,Low,Live Chat,Pending Customer,Free,,984.0,,135.79,,No additional context provided.
TKT-02611,2024-05-25 21:06:00,Ellis Kowalski,ellis.kowalski76@example.com,,Glasgow,Vertex Analytics,Billing,Low,Live Chat,Open,Enterprise,,1530.0,,114.83,Billing | Invoice,
TKT-01395,2026-03-28 00:00:00,Morgan Wilson,morgan.wilson45@company.co,,Berlin,Orchid Plus,Security,Urgent,Web-Form,Pending Customer,,4,808.0,48,58.91,Delivery | Late,Customer supplied screenshots.
TKT-00764,2024-01-22 00:00:00,Drew Fischer,drew.fischer3@outlook.com,+447826751651,Cape Town,Nimbus Basic,Feature Request,Urgent,Email,Resolved,,,,48,73.72,,Customer mentioned a previous unresolved ticket.
TKT-01523,2025-02-17 02:26:00,Cameron Novak,cameron.novak@example.com,,Leeds,Harbor Essentials,Delivery,Low,Phone,Escalated,,1,869.0,,66.54,,Issue reproduced on a mobile device.
TKT-00766,2026-01-03 00:00:00,taylor ibrahim,,+18021987297,Berlin,Cobalt Enterprise,Billing,Medium,Live Chat,Open,,5,1483.0,,40.33,Billing | Invoice,Customer mentioned a previous unresolved ticket.
TKT-02695,2025-06-09 11:08:00,Morgan Grant,morgan.grant@gmail.com,,Cape Town,Nimbus Basic,Billing,Urgent,Email,Resolved,,4,1376.0,,97.36,Product Question,Escalated to the specialist queue.
TKT-00594,2025-07-03 00:00:00,Arden Ahmed,arden.ahmed@example.com,+16695389416,New York,Nimbus Basic,Technical Issue,Low,Phone,Closed,Premium,,778.0,48,97.35,Account | Security | Urgent,Follow-up required next business day.
TKT-02486,2024-04-05 00:00:00,Alexis Hansen,alexis.hansen82@gmail.com,+447555515551,London,Orchid Plus,Subscription,Low,Live Chat,Open,Premium,,,,126.28,Product Question,Customer requested an update after the first response.
TKT-02154,2026-05-19 00:00:00,Alexis Brooks,alexis.brooks@gmail.com,,Amsterdam,Vertex Analytics,Account Access,Low,Web-Form,Escalated,,4,,,91.69,Refund,Customer requested an update after the first response.
TKT-01914,2024-04-10 00:00:00,Casey Chen,casey.chen@company.co,,Leeds,Atlas Pro,Technical Issue,Urgent,Email,Open,,,,,106.55,Refund,
TKT-00025,2025-10-25 05:15:00,Skyler Hansen,skyler.hansen66@outlook.com,,London,Cobalt Enterprise,Refund,High,Phone,Resolved,,4,,26,49.06,Product Question,
TKT-02707,2025-12-28 04:26:00,Casey Diaz,casey.diaz@gmail.com,+12491257704,,Mosaic Team,Billing,Urgent,Web-Form,Closed,,2,,,86.97,Refund,Customer supplied screenshots.
TKT-01945,2025-12-12 00:00:00,Riley Patel,riley.patel@gmail.com,+18586255144,Birmingham,Nimbus Basic,Delivery,Medium,Social,Pending Customer,Premium,,,,113.19,Feature-Request,
TKT-01931,2025-04-01 23:41:00,Emerson Okafor,emerson.okafor1@gmail.com,,Bristol,Lumen Starter,Account Access,High,Web-Form,Closed,Enterprise,,133.0,81,11.37,Delivery | Late,
TKT-00164,2024-02-24 11:43:00,Sage Novak,sage.novak@example.com,+16315615827,Birmingham,Lumen Starter,Product Question,High,Social,Closed,Premium,,348.0,48,33.86,Refund,
TKT-00635,2024-10-24 00:00:00,Hayden Kowalski,hayden.kowalski@gmail.com,,London,Harbor Essentials,Feature Request,High,Email,Escalated,Premium,4,966.0,,23.33,,
TKT-00365,2024-11-26 00:00:00,Milan Reed,milan.reed@gmail.com,,Seattle,Mosaic Team,Billing,High,Live Chat,Escalated,Enterprise,5,,,116.96,Billing | Invoice,Escalated to the specialist queue.
TKT-00355,2025-06-12 00:00:00,Jamie Chen,jamie.chen@gmail.com,+19498636166,London,Vertex Analytics,Delivery,Low,Social,Resolved,Free,,,,77.95,Billing | Invoice,Customer supplied screenshots.
TKT-01330,2024-07-12 00:00:00,Jamie Brooks,jamie.brooks@example.com,+15335813684,Dublin,Orchid Plus,Product Question,Urgent,Web-Form,Pending Customer,Free,4,,48,112.0,Product Question,
TKT-02448,2025-02-19 00:00:00,Kendall Wilson,kendall.wilson28@mailbox.org,+447757593782,Austin,Harbor Essentials,Product Question,Low,Social,Closed,Premium,5,,,66.11,Feature-Request,Follow-up required next business day.
TKT-02772,2026-03-05 07:02:00,Casey Fischer,casey.fischer@outlook.com,+447326774016,Seattle,Orchid Plus,Billing,Medium,Web-Form,Closed,Enterprise,,,15,37.94,Billing | Invoice,No additional context provided.
TKT-01057,2024-02-28 00:00:00,Blake Okafor,blake.okafor@mailbox.org,+14923069624,,Cobalt Enterprise,Billing,Urgent,Live Chat,Resolved,,,,,77.59,Billing | Invoice,Follow-up required next business day.
TKT-02210,2025-03-01 00:00:00,Jamie Patel,jamie.patel4@example.com,+15496674151,Austin,Nimbus Basic,Billing,Medium,Social,Resolved,Standard,5,,,78.96,Account | Security | Urgent,No additional context provided.
TKT-01489,2024-05-23 17:42:00,Marley Reed,marley.reed6@outlook.com,+13952257156,Manchester,Cobalt Enterprise,Account Access,Medium,Web-Form,Resolved,Free,3,,,0,Bug | Mobile,Customer requested an update after the first response.
TKT-02641,2024-08-12 18:26:00,Quinn Brooks,quinn.brooks@gmail.com,+447596300058,Leeds,Orchid Plus,Refund,Low,Social,Closed,,5,1428.0,57,178.51,Refund,Customer mentioned a previous unresolved ticket.
TKT-00344,2024-07-31 00:00:00,Tatum Kowalski,tatum.kowalski@mailbox.org,,Cape Town,Orchid Plus,Subscription,Urgent,Web-Form,Pending Customer,,,,,51.12,Feature-Request,Escalated to the specialist queue.
TKT-02608,2024-02-13 01:52:00,Ellis Brooks,ellis.brooks@company.co,+12768954550,Toronto,Orchid Plus,Technical Issue,Low,Email,Resolved,Premium,3,,56,0,Refund,Escalated to the specialist queue.
TKT-00532,2024-11-01 00:00:00,Marley Chen,marley.chen21@example.com,+11687347342,Singapore,Mosaic Team,Subscription,Low,Live Chat,Escalated,,,1643.0,,0,Feature-Request,Customer mentioned a previous unresolved ticket.
TKT-02083,2026-06-10 04:29:00,Cameron Morales,cameron.morales@mailbox.org,,,Lumen Starter,Billing,High,Phone,Resolved,,3,,38,0,Billing | Invoice,
TKT-01176,2024-09-29 00:00:00,Casey Okafor,casey.okafor@outlook.com,+447935343938,Leeds,Lumen Starter,Subscription,Urgent,Social,Pending Customer,Premium,5,1132.0,64,63.56,Product Question,Follow-up required next business day.
TKT-01776,2026-01-19 14:31:00,Sage Morales,sage.morales26@example.com,,London,Harbor Essentials,Delivery,Low,Web-Form,Resolved,Premium,2,1366.0,48,6.4,Billing | Invoice,Issue reproduced on a mobile device.
TKT-00315,2024-01-26 11:08:00,Alexis Wilson,alexis.wilson@outlook.com,+15018361510,Birmingham,Nimbus Basic,Delivery,High,Web-Form,Open,,5,,48,150.8,Product Question,Customer requested an update after the first response.
TKT-00237,2026-01-20 14:44:00,Finley Santos,finley.santos90@mailbox.org,+939159454,Cape Town,Mosaic Team,Refund,High,Web-Form,Open,Free,2,,,0,,Customer requested an update after the first response.
TKT-02605,2025-04-07 00:00:00,Cameron Chen,cameron.chen@outlook.com,+19083286143,New York,Mosaic Team,Feature Request,Low,Live Chat,Open,Enterprise,5,,48,44.66,Bug | Mobile,
TKT-00923,2024-10-14 00:00:00,Shawn Meyer,shawn.meyer@example.com,+13684487526,Leeds,Atlas Pro,Product Question,Medium,Phone,Pending Customer,Enterprise,4,,48,86.31,Refund,Customer supplied screenshots.
TKT-00096,2025-08-25 00:00:00,Micah Patel,micah.patel@example.com,,Toronto,Lumen Starter,Product Question,Urgent,Live Chat,Escalated,Standard,,,48,0,,No additional context provided.
TKT-02234,2024-07-04 20:26:00,Drew Petrov,,,Manchester,Atlas Pro,Refund,Low,Phone,Escalated,Standard,1,,48,,Refund,Issue reproduced on a mobile device.
TKT-00573,2025-10-08 00:00:00,Emerson Meyer,emerson.meyer@example.com,+3699290377,Glasgow,Orchid Plus,Account Access,Medium,Social,Resolved,Premium,1,292.0,48,96.98,,Customer supplied screenshots.
TKT-01357,2024-01-01 00:00:00,Parker Okafor,parker.okafor@gmail.com,,Berlin,Atlas Pro,Delivery,Low,Social,Escalated,Premium,4,,,48.96,,Escalated to the specialist queue.
TKT-01943,2026-04-01 00:00:00,Hayden Sullivan,hayden.sullivan22@outlook.com,+447832995202,Leeds,Atlas Pro,Billing,Low,Email,Open,Enterprise,,,48,93.8,Delivery | Late,Follow-up required next business day.
TKT-00610,2024-12-26 00:00:00,Drew Santos,drew.santos@gmail.com,+16478342939,Glasgow,Lumen Starter,Delivery,Medium,Social,Escalated,Premium,5,,,161.28,Feature-Request,Customer requested an update after the first response.
TKT-02388,2025-06-19 08:03:00,Reese Morales,reese.morales28@mailbox.org,+447933783184,,Harbor Essentials,Technical Issue,High,Web-Form,Resolved,Enterprise,5,,,28.17,Billing | Invoice,Follow-up required next business day.
TKT-02343,2025-07-13 00:00:00,Sage Ibrahim,sage.ibrahim12@outlook.com,+4532579477,Amsterdam,Lumen Starter,Technical Issue,Urgent,Phone,Closed,Standard,5,843.0,8,106.06,Feature-Request,
TKT-00031,2025-11-17 23:46:00,Sage Kowalski,sage.kowalski96@company.co,+447961393328,London,Atlas Pro,Refund,Urgent,Phone,Escalated,Free,2,,48,45.91,Billing | Invoice,
TKT-01278,2026-03-04 00:00:00,Emerson Bennett,emerson.bennett@outlook.com,,Bristol,Orchid Plus,Security,Medium,Social,Escalated,,5,1061.0,48,100.63,Bug | Mobile,No additional context provided.
TKT-02643,2024-02-24 15:05:00,Finley Ahmed,finley.ahmed@outlook.com,+9172534341,Melbourne,Orchid Plus,Refund,High,Web-Form,Pending Customer,,2,709.0,,32.38,Account | Security | Urgent,Escalated to the specialist queue.
TKT-00258,2024-04-17 04:12:00,Casey Petrov,casey.petrov@outlook.com,+447622203878,Berlin,Atlas Pro,Refund,Urgent,Social,Open,,,,,40.08,Delivery | Late,Customer supplied screenshots.
TKT-01456,2025-06-29 09:42:00,Robin Reed,robin.reed32@outlook.com,,London,Nimbus Basic,Product Question,High,Live Chat,Open,,,367.0,48,0,Login | Password,No additional context provided.
TKT-02170,2025-09-03 09:49:00,Quinn Kowalski,quinn.kowalski@example.com,+4438100070,Singapore,Atlas Pro,Technical Issue,Urgent,Phone,Open,Free,4,,,104.65,Refund,
TKT-01853,2025-11-19 22:38:00,Robin Meyer,robin.meyer79@outlook.com,,Toronto,Orchid Plus,Feature Request,High,Live Chat,Pending Customer,Standard,,,48,13.35,Bug | Mobile,Customer mentioned a previous unresolved ticket.
TKT-00637,2026-05-09 00:00:00,Micah Nguyen,micah.nguyen@gmail.com,,London,Mosaic Team,Product Question,Low,Phone,Open,Premium,,1100.0,,124.27,Bug | Mobile,Follow-up required next business day.
TKT-00441,2024-09-12 01:35:00,Kendall Nguyen,,+12094494380,Seattle,Vertex Analytics,Delivery,Urgent,Phone,Closed,Enterprise,2,,,100.12,,Follow-up required next business day.
TKT-02027,2024-04-29 22:10:00,Morgan Petrov,morgan.petrov18@outlook.com,,New York,Orchid Plus,Subscription,High,Email,Open,,5,,,178.03,Delivery | Late,
TKT-01028,2024-06-10 00:00:00,Alexis Parker,alexis.parker79@company.co,+447220839094,Birmingham,Lumen Starter,Account Access,Medium,Live Chat,Open,,2,1412.0,,85.6,Feature-Request,Escalated to the specialist queue.
TKT-00221,2024-05-25 00:00:00,Sage Morales,sage.morales@mailbox.org,+15933795110,Leeds,Lumen Starter,Security,Urgent,Social,Resolved,,4,,,206.31,Refund,Issue reproduced on a mobile device.
TKT-00974,2024-04-25 16:43:00,Kendall Reed,kendall.reed@outlook.com,+16493407108,Berlin,Mosaic Team,Technical Issue,High,Live Chat,Pending Customer,Free,,963.0,,43.11,Product Question,Follow-up required next business day.
TKT-01998,2024-05-12 07:57:00,Kendall Fischer,kendall.fischer14@outlook.com,,New York,Orchid Plus,Feature Request,Medium,Social,Open,Premium,,499.0,,30.5,Feature-Request,
TKT-01000,2024-09-04 15:42:00,Drew Fischer,,+447389244779,Melbourne,Vertex Analytics,Billing,Low,Email,Pending Customer,Standard,5,530.0,11,110.49,Login | Password,
TKT-01251,2024-02-28 00:00:00,Robin Fischer,robin.fischer@example.com,,Cape Town,Orchid Plus,Security,Medium,Web-Form,Open,Free,2,,78,97.2,Refund,Issue reproduced on a mobile device.
TKT-00328,2025-03-11 00:00:00,Morgan Santos,morgan.santos@mailbox.org,+17419229594,Seattle,Orchid Plus,Account Access,Low,Web-Form,Escalated,,,858.0,,122.54,Billing | Invoice,No additional context provided.
TKT-00390,2024-11-09 00:00:00,Finley Kowalski,finley.kowalski@outlook.com,+447133754489,Seattle,Lumen Starter,Feature Request,Urgent,Phone,Closed,Premium,4,,48,47.27,,Customer mentioned a previous unresolved ticket.
TKT-01100,2026-04-05 00:00:00,Ellis Brooks,ellis.brooks38@mailbox.org,,Cape Town,Vertex Analytics,Security,Medium,Email,Escalated,,,,,98.06,Feature-Request,Customer mentioned a previous unresolved ticket.
TKT-00227,2024-04-15 00:00:00,Alexis Turner,alexis.turner@example.com,+15636318887,Berlin,Orchid Plus,Billing,Urgent,Web-Form,Resolved,Enterprise,,,,82.54,Feature-Request,No additional context provided.
TKT-01826,2025-11-05 00:00:00,Emerson Petrov,emerson.petrov@example.com,+14526889677,Leeds,Orchid Plus,Product Question,Low,Live Chat,Closed,Enterprise,5,,,103.31,Login | Password,
TKT-01959,2025-10-05 00:00:00,Kendall Okafor,kendall.okafor@example.com,+447401532448,Melbourne,Nimbus Basic,Refund,Medium,Social,Pending Customer,Enterprise,5,1630.0,7,137.08,Login | Password,Issue reproduced on a mobile device.
TKT-01655,2024-03-04 14:49:00,Reese Larsen,reese.larsen@outlook.com,+447876752236,Berlin,Vertex Analytics,Security,Urgent,Live Chat,Open,Premium,4,,89,97.62,Billing | Invoice,No additional context provided.
TKT-00112,2026-04-13 15:26:00,Taylor Chen,taylor.chen29@company.co,,Glasgow,Nimbus Basic,Account Access,High,Web-Form,Open,Enterprise,5,,48,77.54,Product Question,Follow-up required next business day.
TKT-01868,2026-05-17 00:00:00,Reese Reed,reese.reed@company.co,,Singapore,Vertex Analytics,Account Access,Urgent,Live Chat,Pending Customer,,4,,48,140.97,Billing | Invoice,
TKT-01695,2026-02-08 22:35:00,Jamie Hansen,jamie.hansen@mailbox.org,+18759633957,Amsterdam,Mosaic Team,Product Question,Urgent,Email,Escalated,Enterprise,,,,,,Follow-up required next business day.
TKT-01110,2024-07-14 00:00:00,Arden Singh,arden.singh75@company.co,+15257747506,,Vertex Analytics,Subscription,Low,Social,Resolved,Standard,3,,6,184.27,Product Question,
TKT-00204,2025-11-28 00:00:00,Taylor Santos,taylor.santos@outlook.com,+19248758861,Berlin,Orchid Plus,Delivery,High,Live Chat,Resolved,,,,13,136.96,Login | Password,Issue reproduced on a mobile device.
TKT-01987,2024-08-11 10:41:00,Jordan Singh,jordan.singh@mailbox.org,,Toronto,Mosaic Team,Refund,Urgent,Phone,Resolved,Premium,1,,,118.88,Billing | Invoice,Customer mentioned a previous unresolved ticket.
TKT-00614,2025-06-26 00:32:00,micah morales,micah.morales@gmail.com,+12764405252,Melbourne,Vertex Analytics,Account Access,Urgent,Live Chat,Escalated,Premium,4,925.0,48,17.1,,No additional context provided.
TKT-00057,2026-05-21 00:00:00,Finley Sullivan,finley.sullivan@mailbox.org,+12797257643,Berlin,Cobalt Enterprise,Product Question,Low,Social,Resolved,,2,822.0,,32.84,Login | Password,No additional context provided.
TKT-01591,2025-08-31 06:59:00,Avery Okafor,avery.okafor@company.co,+447410743012,London,Cobalt Enterprise,Billing,High,Social,Resolved,Premium,4,,,20.03,Login | Password,Follow-up required next business day.
TKT-02741,2026-04-17 15:34:00,Riley Wilson,riley.wilson@company.co,,New York,Mosaic Team,Technical Issue,High,Phone,Open,Standard,3,876.0,24,101.82,Refund,Customer requested an update after the first response.
TKT-02703,2024-09-16 05:58:00,Emerson Turner,emerson.turner10@outlook.com,,Dublin,Vertex Analytics,Refund,High,Phone,Pending Customer,,,,,189.67,Refund,Customer supplied screenshots.
TKT-01476,2025-12-26 00:00:00,Shawn Nguyen,shawn.nguyen@gmail.com,,Singapore,Cobalt Enterprise,Feature Request,High,Web-Form,Open,Standard,2,,,114.66,Refund,Escalated to the specialist queue.
TKT-00289,2024-09-16 20:01:00,Emerson Okafor,emerson.okafor83@company.co,+447366357234,Dublin,Vertex Analytics,Technical Issue,Low,Social,Open,Premium,2,21.0,,94.45,Bug | Mobile,
TKT-00378,2024-02-09 00:00:00,Shawn Wilson,shawn.wilson@example.com,+14455659978,Manchester,Harbor Essentials,Technical Issue,Medium,Email,Open,,2,1371.0,48,89.08,,Follow-up required next business day.
TKT-02344,2025-02-27 00:00:00,Arden Morales,arden.morales79@company.co,+13178306721,London,Harbor Essentials,Subscription,Low,Social,Open,Standard,4,,,50.07,,Customer mentioned a previous unresolved ticket.
TKT-02540,2025-06-04 18:19:00,Finley Okafor,finley.okafor@outlook.com,+15728263274,Austin,Cobalt Enterprise,Subscription,Medium,Social,Pending Customer,,5,92.0,48,82.02,Login | Password,Escalated to the specialist queue.
TKT-01005,2025-03-26 00:00:00,Riley Santos,riley.santos47@mailbox.org,+447702513392,Amsterdam,Mosaic Team,Technical Issue,Urgent,Social,Closed,Premium,,,48,117.4,,
TICKET-01748,2024-04-28 00:00:00,Devon Santos,devon.santos@outlook.com,+447117602049,,Atlas Pro,Feature Request,Urgent,Email,Escalated,Premium,3,,,106.56,,No additional context provided.
TKT-01508,2024-02-17 22:40:00,Arden Nguyen,arden.nguyen@example.com,,Singapore,Orchid Plus,Technical Issue,Low,Social,Resolved,Standard,3,,48,131.54,Delivery | Late,Customer mentioned a previous unresolved ticket.
TKT-00462,2025-03-03 00:00:00,Jamie Brooks,jamie.brooks@mailbox.org,,New York,Orchid Plus,Security,Medium,Web-Form,Pending Customer,Enterprise,,,48,80.94,Billing | Invoice,Customer supplied screenshots.
TKT-01552,2024-08-03 00:00:00,Blake Sullivan,blake.sullivan@example.com,+19805629161,Cape Town,Lumen Starter,Delivery,High,Live Chat,Pending Customer,Premium,,112.0,,67.8,,Follow-up required next business day.
TKT-00362,2024-05-24 00:00:00,Casey Morris,casey.morris17@example.com,+447887875788,Berlin,Cobalt Enterprise,Billing,Low,Email,Resolved,Enterprise,3,312.0,35,163.3,Bug | Mobile,No additional context provided.
TKT-01046,2026-05-31 00:00:00,Riley Sullivan,riley.sullivan52@company.co,+447313447189,Leeds,Cobalt Enterprise,Delivery,High,Email,Resolved,,4,,48,127.6,Account | Security | Urgent,Customer supplied screenshots.
TKT-00215,2025-08-09 00:10:00,Finley Ibrahim,finley.ibrahim96@mailbox.org,+19039343293,Singapore,Orchid Plus,Subscription,Urgent,Phone,Open,Premium,4,,48,61.66,,Customer mentioned a previous unresolved ticket.
TKT-01335,2026-01-26 00:00:00,Milan Santos,milan.santos@outlook.com,+9230922226,Leeds,Lumen Starter,Delivery,Medium,Email,Open,Premium,4,289.0,,87.18,Billing | Invoice,Follow-up required next business day.
TKT-00198,2024-04-02 00:00:00,Cameron Fischer,cameron.fischer57@mailbox.org,+18545226451,Manchester,Orchid Plus,Subscription,High,Email,Open,Standard,2,,48,87.45,Account | Security | Urgent,Escalated to the specialist queue.
TKT-00018,2025-08-02 01:24:00,Hayden Larsen,,+447443479781,Birmingham,Lumen Starter,Subscription,Urgent,Phone,Open,Premium,5,,,96.28,Refund,Escalated to the specialist queue.
TKT-02241,2024-08-02 05:11:00,Sage Turner,sage.turner80@gmail.com,+862921716,Bristol,Cobalt Enterprise,Delivery,High,Social,Closed,,,1165.0,48,84.82,Billing | Invoice,Customer requested an update after the first response.
TKT-02199,2025-05-24 00:00:00,Riley Larsen,riley.larsen@mailbox.org,+17372458631,London,Orchid Plus,Delivery,High,Web-Form,Open,Standard,2,,,43.72,,Follow-up required next business day.
TKT-00373,2026-01-23 10:01:00,Alexis Morris,alexis.morris@example.com,+13519964700,Berlin,Mosaic Team,Security,Low,Email,Closed,Enterprise,4,,24,158.81,,Customer mentioned a previous unresolved ticket.
TKT-00544,2024-11-18 00:00:00,Marley Larsen,,,,Nimbus Basic,Account Access,Medium,Email,Open,Enterprise,4,,,158.29,,Customer requested an update after the first response.
TKT-01514,2025-10-20 00:10:00,Micah Chen,micah.chen14@company.co,+19379462891,Berlin,Nimbus Basic,Account Access,High,Live Chat,Closed,Enterprise,1,164.0,,0,Product Question,Customer mentioned a previous unresolved ticket.
TKT-02160,2024-12-28 00:00:00,Quinn Nguyen,quinn.nguyen67@outlook.com,+14107365127,New York,Cobalt Enterprise,Billing,High,Social,Open,Enterprise,5,,20,109.67,,No additional context provided.
TKT-02127,2024-05-10 16:31:00,Rowan Santos,rowan.santos@example.com,+12202786324,London,Cobalt Enterprise,Refund,Low,Phone,Resolved,,2,717.0,,14.06,Bug | Mobile,
TKT-01916,2024-01-04 00:00:00,Casey Morales,casey.morales6@gmail.com,+447934690563,Leeds,Vertex Analytics,Security,Medium,Live Chat,Resolved,,1,,,49.15,Login | Password,No additional context provided.
TKT-02550,2024-03-06 00:00:00,Devon Okafor,devon.okafor@example.com,+14761525064,Austin,Atlas Pro,Technical Issue,Urgent,Web-Form,Closed,Premium,3,,48,193.86,Login | Password,
TKT-00475,2026-05-03 11:23:00,Milan Kim,milan.kim@outlook.com,+4237151869,Berlin,Orchid Plus,Technical Issue,Low,Live Chat,Resolved,,4,,70,169.47,Feature-Request,Customer requested an update after the first response.
TKT-01907,2025-02-13 00:00:00,Cameron Carter,cameron.carter@outlook.com,+18292202833,London,Nimbus Basic,Refund,Urgent,Web-Form,Pending Customer,Premium,5,,48,0,Billing | Invoice,Customer supplied screenshots.
TKT-02414,2025-07-02 15:53:00,Parker Nguyen,parker.nguyen@mailbox.org,,Seattle,Vertex Analytics,Feature Request,Urgent,Social,Resolved,,5,,48,,Billing | Invoice,
TKT-01620,2025-04-28 18:18:00,Avery Kowalski,avery.kowalski94@gmail.com,,Leeds,Vertex Analytics,Product Question,Low,Phone,Closed,Free,4,44.0,48,142.16,Delivery | Late,Customer supplied screenshots.
TKT-01612,2026-01-11 06:08:00,Blake Meyer,blake.meyer40@outlook.com,,Toronto,Atlas Pro,Subscription,Urgent,Social,Pending Customer,Enterprise,3,535.0,86,0,Billing | Invoice,Escalated to the specialist queue.
TKT-02169,2026-04-29 07:04:00,Alexis Walker,alexis.walker@gmail.com,+447009424345,Cape Town,Orchid Plus,Delivery,Medium,Live Chat,Open,Free,4,493.0,21,66.13,Account | Security | Urgent,Customer mentioned a previous unresolved ticket.
TKT-02000,2025-11-05 15:32:00,Skyler Novak,skyler.novak@company.co,+2670893145,Berlin,Atlas Pro,Account Access,Urgent,Live Chat,Escalated,Enterprise,,,,38.03,Product Question,
TKT-00515,2026-05-25 00:11:00,Micah Grant,micah.grant@company.co,+18231923260,Glasgow,Orchid Plus,Account Access,Urgent,Email,Open,Enterprise,,380.0,,47.28,Product Question,Customer mentioned a previous unresolved ticket.
TKT-01432,2024-10-21 16:12:00,Riley Morales,riley.morales@mailbox.org,+447842600702,Berlin,Vertex Analytics,Subscription,Medium,Email,Pending Customer,Enterprise,,,,123.87,Delivery | Late,Issue reproduced on a mobile device.
TKT-00592,2024-01-26 08:39:00,Reese Parker,reese.parker@outlook.com,+13624135012,Glasgow,Vertex Analytics,Product Question,Medium,Phone,Resolved,Premium,3,,,52.73,Billing | Invoice,Customer mentioned a previous unresolved ticket.
TKT-02542,2026-02-28 00:00:00,Taylor Sullivan,taylor.sullivan@company.co,+12152906967,London,Cobalt Enterprise,Feature Request,High,Live Chat,Open,,2,,,9.78,Refund,Customer requested an update after the first response.
TKT-01745,2025-01-17 08:23:00,Ellis Novak,ellis.novak@company.co,,Manchester,Orchid Plus,Refund,Medium,Email,Open,Free,5,1658.0,48,28.0,Billing | Invoice,Follow-up required next business day.
TKT-02755,2025-04-21 09:28:00,Tatum Santos,tatum.santos@outlook.com,,Manchester,Vertex Analytics,Delivery,High,Phone,Open,Premium,5,,,74.93,,Customer requested an update after the first response.
TKT-00300,2026-06-15 00:00:00,Tatum Morris,tatum.morris@mailbox.org,+15122875871,New York,Atlas Pro,Security,Medium,Phone,Closed,,,,48,113.63,,Customer mentioned a previous unresolved ticket.
TKT-00613,2024-08-20 13:05:00,Avery Hughes,avery.hughes@outlook.com,+14866328578,Manchester,Vertex Analytics,Technical Issue,Urgent,Email,Closed,Standard,1,,,94.4,,
TKT-02299,2026-05-24 10:59:00,Skyler Meyer,skyler.meyer98@company.co,,Manchester,Cobalt Enterprise,Feature Request,Urgent,Email,Pending Customer,Enterprise,5,,48,114.77,Billing | Invoice,
TKT-00001,2025-10-16 00:00:00,Avery Diaz,avery.diaz@outlook.com,,Austin,Nimbus Basic,Technical Issue,High,Live Chat,Resolved,,,,57,106.32,,Escalated to the specialist queue.
TKT-02216,2024-08-08 00:00:00,Arden Carter,arden.carter87@example.com,+19452457557,Melbourne,Vertex Analytics,Subscription,High,Social,Resolved,Standard,,,87,93.62,Bug | Mobile,Issue reproduced on a mobile device.
TKT-02403,2026-06-06 00:00:00,Rowan Morris,rowan.morris14@mailbox.org,+15065035537,Seattle,Orchid Plus,Subscription,High,Social,Resolved,,,1456.0,,48.93,Account | Security | Urgent,Issue reproduced on a mobile device.
TKT-00484,2026-06-11 05:33:00,Quinn Parker,quinn.parker@company.co,,Manchester,Orchid Plus,Account Access,Medium,Web-Form,Pending Customer,Free,,1688.0,,90.19,,Issue reproduced on a mobile device.
TKT-01428,2024-06-15 00:00:00,Morgan Walker,morgan.walker20@outlook.com,+17665765714,Austin,Vertex Analytics,Security,High,Social,Pending Customer,Free,1,1054.0,48,18.32,Billing | Invoice,Customer mentioned a previous unresolved ticket.
TKT-00908,2024-06-29 06:21:00,Reese Novak,reese.novak@company.co,,Seattle,Mosaic Team,Technical Issue,High,Email,Pending Customer,Premium,1,,,120.04,Bug | Mobile,Issue reproduced on a mobile device.
TKT-02785,2024-02-19 09:09:00,Micah Okafor,micah.okafor@gmail.com,,Bristol,Harbor Essentials,Billing,Medium,Web-Form,Open,Standard,3,1449.0,48,52.2,Billing | Invoice,
TKT-00791,2025-05-31 00:00:00,Finley Reed,finley.reed@outlook.com,+447347316015,Manchester,Harbor Essentials,Billing,Medium,Email,Closed,,4,,,102.63,Feature-Request,Customer mentioned a previous unresolved ticket.
TKT-02354,2026-02-13 21:51:00,Kendall Hughes,kendall.hughes74@outlook.com,+13016761265,Toronto,Atlas Pro,Product Question,Low,Live Chat,Pending Customer,Enterprise,,,,3.87,Product Question,Issue reproduced on a mobile device.
TKT-00239,2025-10-12 17:50:00,Jamie Singh,,,Berlin,Nimbus Basic,Refund,Medium,Web-Form,Escalated,Premium,1,1682.0,65,42.6,Billing | Invoice,Customer supplied screenshots.
TKT-02800,2024-10-03 00:00:00,Ellis Reed,ellis.reed@company.co,+9826075861,Bristol,Harbor Essentials,Delivery,Urgent,Live Chat,Closed,,1,1738.0,,,Billing | Invoice,Issue reproduced on a mobile device.
TKT-00834,2025-04-18 02:37:00,Cameron Meyer,cameron.meyer@example.com,+4994731443,,Orchid Plus,Refund,High,Social,Pending Customer,Premium,,,,36.77,Billing | Invoice,
TKT-02317,2024-03-27 09:31:00,Rowan Hansen,rowan.hansen@gmail.com,+447363570005,Berlin,Atlas Pro,Product Question,High,Web-Form,Escalated,Standard,1,,,125.14,Product Question,Issue reproduced on a mobile device.
TKT-01894,2025-08-11 01:57:00,Arden Novak,arden.novak@gmail.com,+14391265454,Berlin,Harbor Essentials,Delivery,Urgent,Web-Form,Closed,Free,4,9.0,40,72.97,Feature-Request,Escalated to the specialist queue.
TKT-01965,2025-11-07 00:00:00,Avery Reed,avery.reed73@mailbox.org,+4494759763,Manchester,Cobalt Enterprise,Feature Request,Urgent,Web-Form,Closed,,5,1626.0,42,109.56,Billing | Invoice,Escalated to the specialist queue.
TKT-02203,2024-06-28 00:00:00,Devon Larsen,devon.larsen@example.com,+447393698397,Dublin,Lumen Starter,Refund,Low,Web-Form,Pending Customer,,5,282.0,48,118.59,Product Question,Customer requested an update after the first response.
TKT-01668,2025-02-04 23:29:00,Robin Petrov,robin.petrov58@gmail.com,+16587368157,Cape Town,Atlas Pro,Technical Issue,Medium,Web-Form,Pending Customer,Premium,2,,24,51.24,,
TKT-00887,2025-10-07 00:00:00,Micah Chen,micah.chen@outlook.com,+447842864183,London,Lumen Starter,Technical Issue,High,Live Chat,Resolved,Premium,5,1800.0,,111.12,,Follow-up required next business day.
TKT-02163,2025-01-07 18:17:00,Parker Parker,parker.parker@outlook.com,+443063133,New York,Nimbus Basic,Delivery,Urgent,Email,Closed,Standard,1,,48,106.4,Refund,Customer supplied screenshots.
TKT-00976,2024-07-09 19:03:00,Casey Santos,casey.santos86@company.co,+13261848217,London,Harbor Essentials,Subscription,Medium,Phone,Closed,Standard,5,1626.0,48,0,,Escalated to the specialist queue.
TKT-02791,2026-03-31 00:00:00,Cameron Meyer,cameron.meyer96@company.co,+3244405099,London,Nimbus Basic,Delivery,Urgent,Social,Escalated,,,148.0,,111.73,,Follow-up required next business day.
TKT-02259,2026-03-04 06:46:00,Blake Hughes,blake.hughes62@company.co,+12819018247,,Harbor Essentials,Subscription,Low,Social,Escalated,Free,2,,,0,Login | Password,Customer requested an update after the first response.
TKT-02275,2024-08-28 00:00:00,Hayden Novak,hayden.novak@company.co,+13907026294,Birmingham,Atlas Pro,Security,Urgent,Email,Pending Customer,Enterprise,2,425.0,6,19.2,Product Question,Issue reproduced on a mobile device.
TKT-01316,2026-05-07 09:48:00,Sage Reed,sage.reed@gmail.com,,Leeds,Atlas Pro,Account Access,High,Web-Form,Resolved,Premium,1,,,6.85,Billing | Invoice,
TKT-02778,2025-03-21 03:59:00,Quinn Sullivan,,+447002196669,London,Mosaic Team,Refund,Low,Phone,Pending Customer,Standard,4,,,65.72,Delivery | Late,No additional context provided.
TKT-00870,2024-10-27 14:04:00,Morgan Singh,morgan.singh@example.com,+12002528683,London,Orchid Plus,Subscription,Medium,Social,Pending Customer,Premium,1,100.0,48,189.56,Billing | Invoice,Follow-up required next business day.
TICKET-01375,2024-06-22 00:00:00,Tatum Petrov,tatum.petrov@example.com,+447350865586,Toronto,Nimbus Basic,Billing,Medium,Social,Open,Premium,2,1114.0,48,159.91,Billing | Invoice,Customer requested an update after the first response.
TKT-00936,2024-12-12 00:00:00,Hayden Hansen,hayden.hansen95@outlook.com,+447637358729,Seattle,Vertex Analytics,Refund,High,Live Chat,Escalated,,4,,,51.39,,
TKT-02348,2025-01-10 08:24:00,Ellis Diaz,ellis.diaz41@gmail.com,+2335433249,Berlin,Cobalt Enterprise,Billing,Urgent,Social,Open,Standard,,1777.0,68,31.55,Bug | Mobile,Issue reproduced on a mobile device.
TKT-00478,2024-01-06 11:03:00,Reese Reed,reese.reed@example.com,,Berlin,Orchid Plus,Refund,Low,Web-Form,Open,Premium,,1025.0,,96.12,,Customer supplied screenshots.
TKT-01547,2024-09-25 00:00:00,Reese Nguyen,reese.nguyen@company.co,,Manchester,Nimbus Basic,Subscription,Low,Email,Escalated,Premium,,,,24.09,Billing | Invoice,No additional context provided.
TKT-01901,2024-01-23 21:19:00,Sage Hansen,sage.hansen@gmail.com,+14432373954,,Nimbus Basic,Billing,Urgent,Phone,Closed,Premium,1,,,117.33,Account | Security | Urgent,No additional context provided.
TKT-01119,2025-05-08 22:02:00,Jamie Hughes,jamie.hughes@example.com,,Toronto,Orchid Plus,Account Access,Medium,Web-Form,Escalated,Premium,2,,,90.06,Billing | Invoice,Follow-up required next business day.
TKT-00356,2024-11-25 00:00:00,Tatum Santos,tatum.santos72@outlook.com,+16504802750,Toronto,Nimbus Basic,Subscription,High,Live Chat,Resolved,,4,,,23.86,Feature-Request,No additional context provided.
TKT-02750,2024-12-13 00:27:00,Rowan Sullivan,rowan.sullivan18@gmail.com,+447012810170,Leeds,Cobalt Enterprise,Technical Issue,Urgent,Web-Form,Open,,1,,48,67.75,Product Question,Follow-up required next business day.
TKT-01369,2024-04-29 12:41:00,Quinn Ibrahim,quinn.ibrahim@mailbox.org,+16429623830,,Vertex Analytics,Account Access,Low,Email,Resolved,,5,1222.0,48,54.62,Feature-Request,Escalated to the specialist queue.
TICKET-01288,2025-01-05 00:00:00,Emerson Diaz,emerson.diaz17@example.com,+14879557739,Berlin,Orchid Plus,Refund,High,Phone,Open,,,,86,106.94,Feature-Request,Follow-up required next business day.
TKT-01526,2026-05-13 00:00:00,Blake Nguyen,blake.nguyen@example.com,+12188722236,Glasgow,Harbor Essentials,Technical Issue,High,Social,Resolved,Standard,4,,,138.88,Feature-Request,Customer requested an update after the first response.
TKT-02308,2025-11-16 04:32:00,Hayden Singh,hayden.singh@example.com,+447648551055,London,Orchid Plus,Subscription,Low,Phone,Escalated,Standard,3,1700.0,,68.92,Refund,Issue reproduced on a mobile device.
TKT-01921,2024-01-13 00:00:00,Taylor Walker,taylor.walker@mailbox.org,+447240747161,New York,Cobalt Enterprise,Technical Issue,Medium,Phone,Open,,4,,38,0,,
TKT-01718,2024-11-11 00:00:00,Parker Walker,,+447569459065,Singapore,Mosaic Team,Subscription,Urgent,Email,Open,Premium,5,692.0,8,89.48,Delivery | Late,
TKT-01982,2024-10-09 05:34:00,Milan Kowalski,milan.kowalski@gmail.com,+19571781996,Birmingham,Mosaic Team,Account Access,Urgent,Email,Closed,Premium,2,,48,3.12,Feature-Request,Escalated to the specialist queue.
TKT-00631,2024-07-20 00:00:00,Casey Brooks,casey.brooks@gmail.com,,,Vertex Analytics,Account Access,Low,Phone,Resolved,Standard,5,879.0,48,0,Login | Password,Issue reproduced on a mobile device.
TKT-01061,2026-04-04 13:07:00,Jordan Kim,jordan.kim95@mailbox.org,+14882889669,Singapore,Harbor Essentials,Security,Urgent,Phone,Pending Customer,Enterprise,1,1240.0,,121.44,Delivery | Late,Issue reproduced on a mobile device.
TKT-02383,2025-08-31 00:00:00,Jamie Bennett,jamie.bennett75@mailbox.org,+447762988105,Cape Town,Vertex Analytics,Refund,Low,Social,Pending Customer,Standard,5,138.0,,97.91,Feature-Request,No additional context provided.
TKT-01026,2026-02-10 11:49:00,Jordan Reed,jordan.reed@outlook.com,+14523889445,Amsterdam,Orchid Plus,Subscription,Urgent,Web-Form,Pending Customer,Enterprise,5,621.0,8,103.0,Account | Security | Urgent,Customer supplied screenshots.
TKT-02787,2024-04-23 17:31:00,Drew Morris,drew.morris@company.co,+6152422588,Leeds,Harbor Essentials,Security,Medium,Web-Form,Resolved,,,,48,36.65,Feature-Request,Follow-up required next business day.
TKT-01025,2024-02-06 00:00:00,Rowan Ibrahim,rowan.ibrahim@gmail.com,+447534263220,Berlin,Orchid Plus,Billing,High,Social,Closed,Standard,,189.0,,174.01,Product Question,
TKT-02595,2025-11-24 00:00:00,Skyler Meyer,skyler.meyer66@company.co,+447026183090,London,Cobalt Enterprise,Refund,High,Web-Form,Open,,4,,14,125.66,Feature-Request,
TKT-00145,2025-01-17 00:00:00,Micah Diaz,micah.diaz15@example.com,,Berlin,Atlas Pro,Product Question,High,Email,Closed,Standard,,,48,93.29,Delivery | Late,Customer requested an update after the first response.
TKT-00581,2026-02-17 05:27:00,Blake Santos,,,,Atlas Pro,Refund,Medium,Phone,Open,Enterprise,,1710.0,48,97.62,Login | Password,Customer supplied screenshots.
TKT-02378,2025-01-30 00:00:00,Ellis Chen,ellis.chen@mailbox.org,+17471479893,Singapore,Lumen Starter,Account Access,Urgent,Live Chat,Open,,1,516.0,48,6.07,Billing | Invoice,
TKT-01035,2026-03-17 00:00:00,Emerson Morales,emerson.morales@company.co,+15993505983,Singapore,Mosaic Team,Security,Medium,Email,Resolved,Free,,,48,52.42,Billing | Invoice,Follow-up required next business day.
TKT-02468,2024-01-02 00:00:00,Marley Diaz,marley.diaz@mailbox.org,,,Harbor Essentials,Security,Low,Social,Escalated,Standard,5,,,81.09,Feature-Request,Follow-up required next business day.
TKT-01818,2025-09-04 14:27:00,Micah Hansen,micah.hansen@gmail.com,,Birmingham,Cobalt Enterprise,Account Access,High,Live Chat,Pending Customer,Free,5,,48,39.45,Product Question,Customer supplied screenshots.
TKT-01516,2024-06-05 10:28:00,Tatum Novak,tatum.novak@gmail.com,,Dublin,Vertex Analytics,Technical Issue,Urgent,Email,Pending Customer,,,1382.0,34,72.3,Product Question,Issue reproduced on a mobile device.
TKT-02738,2025-03-24 00:00:00,Robin Sullivan,robin.sullivan@gmail.com,+447557230547,Bristol,Lumen Starter,Billing,Medium,Email,Pending Customer,Free,,1640.0,,97.83,,Customer supplied screenshots.
TKT-02346,2025-03-18 19:59:00,Jordan Nguyen,jordan.nguyen63@company.co,+13836935890,Amsterdam,Orchid Plus,Delivery,Medium,Phone,Closed,,3,1399.0,48,139.34,,Customer mentioned a previous unresolved ticket.
TKT-00409,2024-02-09 00:00:00,Micah Grant,micah.grant@example.com,+19328462540,Glasgow,Harbor Essentials,Product Question,High,Web-Form,Resolved,Premium,,,,85.62,Product Question,Customer requested an update after the first response.
TKT-01373,2024-03-21 09:16:00,Drew Patel,drew.patel85@mailbox.org,+17556562003,Manchester,Mosaic Team,Refund,High,Live Chat,Open,Standard,,,77,3.55,Refund,
TKT-01967,2024-03-03 13:47:00,Milan Kowalski,milan.kowalski@outlook.com,+13806673314,London,Vertex Analytics,Technical Issue,Urgent,Social,Pending Customer,,3,,83,68.15,Feature-Request,Escalated to the specialist queue.
TKT-01063,2025-11-01 17:45:00,Reese Ibrahim,reese.ibrahim@example.com,+9224243671,,Harbor Essentials,Delivery,Low,Phone,Closed,Free,,896.0,,142.18,Bug | Mobile,No additional context provided.
TKT-02655,2025-02-08 00:00:00,Hayden Kim,hayden.kim@outlook.com,+447777979117,London,Harbor Essentials,Security,Urgent,Social,Open,,5,,48,42.82,Login | Password,
TKT-01540,2024-04-13 00:00:00,Drew Ahmed,drew.ahmed85@company.co,+447679901391,Amsterdam,Atlas Pro,Feature Request,Low,Web-Form,Closed,Premium,,1409.0,,0,,Customer supplied screenshots.
TKT-02546,2026-02-23 00:00:00,Shawn Chen,shawn.chen@mailbox.org,,New York,Orchid Plus,Refund,Low,Social,Closed,Standard,,,,102.81,Billing | Invoice,
TKT-00108,2025-06-03 00:00:00,Sage Walker,sage.walker@gmail.com,,Manchester,Vertex Analytics,Subscription,Medium,Web-Form,Pending Customer,,,2.0,48,88.6,Billing | Invoice,
TKT-01310,2025-02-27 01:29:00,Avery Larsen,avery.larsen47@example.com,+447013107263,Dublin,Atlas Pro,Subscription,Medium,Email,Open,,3,,,105.11,Billing | Invoice,Customer supplied screenshots.
TKT-01994,2026-01-01 00:00:00,Ellis Larsen,ellis.larsen@mailbox.org,+12813675405,Leeds,Harbor Essentials,Account Access,Low,Social,Pending Customer,Free,2,,,117.96,Delivery | Late,Customer requested an update after the first response.
TKT-02174,2024-06-04 00:00:00,Robin Meyer,robin.meyer@example.com,,Bristol,Harbor Essentials,Technical Issue,Low,Social,Resolved,,2,,54,87.35,Delivery | Late,Escalated to the specialist queue.
TKT-00471,2025-04-07 00:00:00,Sage Petrov,sage.petrov@gmail.com,+13834409912,Leeds,Mosaic Team,Feature Request,Urgent,Phone,Pending Customer,Premium,,564.0,92,63.87,,
TKT-02469,2024-03-31 23:59:00,Casey Ibrahim,,+5132694741,Amsterdam,Cobalt Enterprise,Billing,High,Email,Open,Enterprise,2,1267.0,,116.58,Account | Security | Urgent,Escalated to the specialist queue.
TKT-00742,2025-11-14 00:00:00,Taylor Turner,taylor.turner@example.com,+18935586710,Amsterdam,Harbor Essentials,Billing,High,Phone,Pending Customer,Standard,2,,,8.62,Feature-Request,Escalated to the specialist queue.
TKT-01208,2024-01-25 00:00:00,casey petrov,casey.petrov@mailbox.org,,Seattle,Nimbus Basic,Delivery,Medium,Web-Form,Closed,Free,2,676.0,24,42.54,Account | Security | Urgent,
TKT-00758,2025-07-25 02:16:00,Jamie Diaz,jamie.diaz@outlook.com,+447415950497,London,Harbor Essentials,Security,Medium,Social,Resolved,,5,735.0,48,89.17,,Follow-up required next business day.
TKT-00247,2025-10-13 00:00:00,Morgan Okafor,morgan.okafor@example.com,+16896962651,Austin,Cobalt Enterprise,Delivery,Medium,Live Chat,Open,Premium,1,,48,52.88,Feature-Request,Customer mentioned a previous unresolved ticket.
TKT-01230,2025-10-07 01:43:00,Riley Patel,riley.patel@example.com,+18259896845,London,Cobalt Enterprise,Delivery,Urgent,Live Chat,Escalated,Standard,5,1305.0,,200.58,Billing | Invoice,Customer mentioned a previous unresolved ticket.
TKT-02316,2025-02-19 11:00:00,Jamie Wilson,jamie.wilson@company.co,,,Orchid Plus,Delivery,High,Live Chat,Pending Customer,Free,3,,82,102.19,Login | Password,
TKT-00546,2024-07-25 00:00:00,Parker Novak,parker.novak@gmail.com,+447485326093,Singapore,Cobalt Enterprise,Delivery,Urgent,Social,Closed,Standard,,381.0,,35.17,Feature-Request,
TKT-00050,2026-06-03 00:00:00,Morgan Carter,morgan.carter34@company.co,+3974819756,Seattle,Nimbus Basic,Refund,Urgent,Phone,Open,Premium,1,,,0,Feature-Request,Escalated to the specialist queue.
TKT-00162,2024-02-01 08:01:00,Emerson Turner,emerson.turner51@company.co,+14939636902,Singapore,Harbor Essentials,Security,High,Phone,Open,Premium,3,277.0,,122.29,,Customer supplied screenshots.
TKT-02256,2025-12-09 00:00:00,Drew Parker,drew.parker@example.com,+18738737246,Toronto,Vertex Analytics,Refund,Medium,Web-Form,Closed,Free,,,40,99.00,Delivery | Late,Escalated to the specialist queue.
TKT-00578,2024-08-19 00:00:00,Tatum Wilson,tatum.wilson@company.co,+11898528851,Singapore,Lumen Starter,Refund,Low,Social,Resolved,,3,,57,121.4,,Customer supplied screenshots.
TKT-02562,2024-09-27 15:51:00,Devon Turner,devon.turner@outlook.com,+447556873280,Toronto,Vertex Analytics,Billing,Medium,Email,Closed,Premium,,,95,83.71,Refund,Issue reproduced on a mobile device.
TKT-00068,2025-07-20 00:00:00,Emerson Morales,emerson.morales@company.co,+4995080736,Birmingham,Cobalt Enterprise,Feature Request,Medium,Social,Resolved,,2,,48,134.19,,
TKT-02559,2024-07-25 00:00:00,Robin Diaz,robin.diaz@outlook.com,,Leeds,Mosaic Team,Subscription,Medium,Live Chat,Pending Customer,Enterprise,,933.0,,97.03,Login | Password,Escalated to the specialist queue.
TKT-01362,2025-04-12 18:19:00,Hayden Turner,hayden.turner@mailbox.org,+939890940,,Cobalt Enterprise,Technical Issue,Urgent,Live Chat,Resolved,Enterprise,3,587.0,48,110.86,Delivery | Late,Customer supplied screenshots.
TKT-02394,2025-06-27 00:00:00,Sage Kowalski,sage.kowalski@company.co,,Dublin,Mosaic Team,Refund,High,Phone,Resolved,Enterprise,3,131.0,20,43.25,,Follow-up required next business day.
TKT-02391,2026-02-28 13:11:00,Casey Morris,casey.morris@example.com,+18479493787,Berlin,Vertex Analytics,Feature Request,Low,Email,Pending Customer,Free,5,,48,0,Bug | Mobile,Customer mentioned a previous unresolved ticket.
TKT-00800,2025-05-23 02:44:00,Drew Santos,drew.santos@mailbox.org,,London,Mosaic Team,Technical Issue,Urgent,Phone,Open,Standard,4,25.0,,80.64,,Customer requested an update after the first response.
TKT-01569,2025-08-27 00:00:00,Cameron Petrov,cameron.petrov95@gmail.com,,,Orchid Plus,Subscription,Urgent,Email,Open,,,,36,0,Billing | Invoice,Issue reproduced on a mobile device.
TKT-00759,2025-08-24 00:00:00,Devon Singh,devon.singh47@outlook.com,+5974888253,Leeds,Nimbus Basic,Subscription,Urgent,Social,Resolved,,2,,,31.79,Bug | Mobile,Customer mentioned a previous unresolved ticket.
TKT-01186,2025-03-28 00:00:00,Tatum Brooks,tatum.brooks55@gmail.com,+447615298942,Cape Town,Cobalt Enterprise,Technical Issue,Low,Email,Open,,,,,130.74,Account | Security | Urgent,Escalated to the specialist queue.
TKT-01564,2026-04-20 13:15:00,Avery Chen,avery.chen@outlook.com,+15924209235,,Orchid Plus,Feature Request,High,Social,Open,Premium,5,1658.0,,127.62,,Follow-up required next business day.
TKT-02050,2025-06-10 00:00:00,Marley Okafor,marley.okafor36@outlook.com,+17372964432,Amsterdam,Orchid Plus,Feature Request,High,Phone,Pending Customer,Free,,,,87.54,Bug | Mobile,Follow-up required next business day.
TKT-02356,2025-12-01 17:58:00,Quinn Brooks,quinn.brooks@mailbox.org,+18828383389,Cape Town,Orchid Plus,Account Access,Low,Phone,Pending Customer,Standard,5,111.0,30,93.37,Product Question,
TKT-01538,2025-06-18 00:00:00,Shawn Sullivan,shawn.sullivan97@company.co,+17875862089,New York,Harbor Essentials,Feature Request,Medium,Social,Open,,,,48,49.7,,Issue reproduced on a mobile device.
TKT-01252,2025-08-11 00:00:00,Parker Patel,parker.patel@example.com,+15312654694,Birmingham,Vertex Analytics,Security,Low,Phone,Pending Customer,Standard,,67.0,82,124.84,Billing | Invoice,No additional context provided.
TKT-01532,2024-09-21 00:00:00,Alexis Meyer,,+18192087352,Toronto,Nimbus Basic,Feature Request,Medium,Web-Form,Open,Premium,5,,,0,Product Question,
TKT-00826,2026-06-17 02:38:00,Cameron Fischer,cameron.fischer@mailbox.org,+19838071621,Amsterdam,Nimbus Basic,Security,Urgent,Web-Form,Resolved,Free,4,,80,158.94,Refund,Customer mentioned a previous unresolved ticket.
TKT-01699,2024-06-02 09:19:00,Parker Morris,parker.morris@gmail.com,+17548892248,Leeds,Mosaic Team,Feature Request,Urgent,Phone,Escalated,Premium,4,,,107.26,Account | Security | Urgent,
TKT-00645,2025-07-20 16:17:00,Marley Santos,marley.santos@company.co,,Melbourne,Atlas Pro,Billing,Low,Live Chat,Closed,Premium,5,1667.0,,65.48,Product Question,Issue reproduced on a mobile device.
TKT-00006,2024-08-13 00:14:00,Morgan Turner,morgan.turner@example.com,+16905844981,Austin,Nimbus Basic,Delivery,Urgent,Web-Form,Pending Customer,Standard,4,,,66.12,Billing | Invoice,Issue reproduced on a mobile device.
TKT-01245,2024-08-10 12:59:00,Avery Petrov,avery.petrov@example.com,+13479734323,Toronto,Harbor Essentials,Subscription,Medium,Live Chat,Open,Standard,5,1743.0,,43.29,Bug | Mobile,No additional context provided.
TKT-00620,2025-01-31 00:00:00,Hayden Walker,hayden.walker39@example.com,,London,Mosaic Team,Subscription,Medium,Live Chat,Resolved,Standard,5,,48,91.31,Account | Security | Urgent,
TKT-02687,2024-09-09 08:37:00,Devon Parker,devon.parker5@example.com,+6261629840,Dublin,Mosaic Team,Product Question,Medium,Social,Open,Premium,,,84,104.81,,No additional context provided.
TKT-01306,2024-04-27 00:00:00,Milan Morales,milan.morales@example.com,+18723475867,New York,Vertex Analytics,Technical Issue,High,Phone,Open,Free,5,,66,29.58,Account | Security | Urgent,
TKT-00793,2025-04-10 07:48:00,Micah Okafor,micah.okafor@company.co,+15796126517,Austin,Orchid Plus,Delivery,High,Web-Form,Resolved,Premium,4,,,93.94,Feature-Request,
TKT-00991,2026-02-14 00:00:00,Shawn Ahmed,shawn.ahmed@mailbox.org,,Manchester,Atlas Pro,Account Access,Medium,Web-Form,Pending Customer,Premium,,533.0,3,,,No additional context provided.
TKT-02664,2026-05-02 00:00:00,Avery Fischer,avery.fischer@mailbox.org,+12925368071,Dublin,Atlas Pro,Technical Issue,Low,Social,Resolved,,,,,26.84,Bug | Mobile,No additional context provided.
TKT-00009,2024-11-19 02:28:00,Avery Brooks,avery.brooks@company.co,,Dublin,Cobalt Enterprise,Delivery,Low,Web-Form,Pending Customer,Premium,,,29,53.18,Billing | Invoice,Issue reproduced on a mobile device.
TKT-02082,2025-09-10 00:00:00,Riley Carter,riley.carter@outlook.com,,Amsterdam,Mosaic Team,Technical Issue,Urgent,Email,Escalated,,3,,,112.07,Refund,
TKT-02632,2024-09-26 00:00:00,Micah Singh,micah.singh@company.co,,Birmingham,Cobalt Enterprise,Account Access,Medium,Web-Form,Open,Enterprise,1,,48,104.48,Bug | Mobile,No additional context provided.
TKT-00122,2025-02-19 00:00:00,Milan Walker,milan.walker93@example.com,,Bristol,Atlas Pro,Delivery,High,Phone,Open,Standard,3,,48,28.98,Billing | Invoice,Follow-up required next business day.
TKT-00511,2024-05-29 00:00:00,Jordan Ahmed,,,Birmingham,Lumen Starter,Billing,Urgent,Web-Form,Closed,Premium,,,69,93.88,Refund,Follow-up required next business day.
TKT-00182,2024-12-31 00:00:00,Reese Carter,reese.carter@company.co,+16245034185,Cape Town,Nimbus Basic,Delivery,Urgent,Live Chat,Pending Customer,Premium,,,,31.86,Refund,Escalated to the specialist queue.
TKT-00410,2025-08-22 00:00:00,Devon Petrov,devon.petrov@gmail.com,+15396362796,Bristol,Nimbus Basic,Account Access,High,Phone,Resolved,Enterprise,3,1584.0,,107.29,,Follow-up required next business day.
TKT-01137,2024-10-20 11:58:00,Kendall Patel,kendall.patel@gmail.com,+447585335003,Dublin,Cobalt Enterprise,Subscription,Medium,Social,Resolved,Premium,,277.0,,144.42,,Escalated to the specialist queue.
TKT-02209,2025-07-02 00:00:00,Jamie Kim,jamie.kim@company.co,,Manchester,Nimbus Basic,Technical Issue,Medium,Email,Open,,1,534.0,,61.78,Delivery | Late,
TKT-02792,2025-01-29 20:01:00,Cameron Grant,cameron.grant@gmail.com,+447458574054,Glasgow,Mosaic Team,Product Question,Low,Email,Closed,Free,1,,48,48.34,Billing | Invoice,Escalated to the specialist queue.
TKT-01755,2026-01-16 00:00:00,Drew Brooks,drew.brooks49@example.com,+18673806996,Toronto,Nimbus Basic,Product Question,High,Email,Open,,1,1542.0,48,107.12,Account | Security | Urgent,Issue reproduced on a mobile device.
TKT-01441,2024-01-24 00:00:00,Kendall Sullivan,kendall.sullivan@mailbox.org,+6642341292,Toronto,Orchid Plus,Billing,Low,Web-Form,Open,Premium,4,,,115.46,Product Question,
TKT-01767,2025-05-03 00:00:00,Ellis Sullivan,ellis.sullivan@example.com,+2653166747,,Nimbus Basic,Billing,Medium,Web-Form,Pending Customer,Standard,,,48,198.4,Bug | Mobile,Issue reproduced on a mobile device.
TKT-01311,2025-03-10 00:00:00,Kendall Morales,kendall.morales27@mailbox.org,,New York,Vertex Analytics,Product Question,High,Live Chat,Escalated,Premium,3,1504.0,,77.62,Refund,Customer supplied screenshots.
TKT-00389,2024-01-21 00:00:00,Robin Morris,robin.morris@outlook.com,,London,Harbor Essentials,Refund,High,Email,Escalated,,2,,,131.27,Refund,Follow-up required next business day.
TKT-00236,2026-01-30 00:00:00,Rowan Grant,rowan.grant@mailbox.org,+447601312832,Toronto,Mosaic Team,Account Access,High,Web-Form,Pending Customer,Premium,4,1655.0,,113.87,Billing | Invoice,No additional context provided.
TKT-01350,2025-03-27 00:00:00,Morgan Wilson,morgan.wilson@outlook.com,,,Atlas Pro,Billing,High,Social,Pending Customer,,5,,,66.64,Account | Security | Urgent,Follow-up required next business day.
TKT-01158,2025-06-29 00:00:00,Shawn Ibrahim,shawn.ibrahim20@mailbox.org,,Seattle,Lumen Starter,Subscription,Low,Email,Pending Customer,,4,,48,202.88,Account | Security | Urgent,
TKT-02433,2025-12-11 10:32:00,Alexis Ahmed,alexis.ahmed@company.co,+13714669327,London,Orchid Plus,Account Access,Urgent,Live Chat,Pending Customer,Standard,,258.0,10,77.7,,Customer supplied screenshots.
TKT-00465,2025-01-12 07:31:00,Jamie Sullivan,jamie.sullivan@outlook.com,+447906246518,Birmingham,Lumen Starter,Billing,High,Web-Form,Closed,Free,5,41.0,,72.82,,Customer requested an update after the first response.
TKT-01053,2025-12-17 00:00:00,Jordan Santos,jordan.santos@outlook.com,+15587951147,Berlin,Vertex Analytics,Account Access,Medium,Phone,Resolved,Premium,1,522.0,,106.17,Product Question,
TKT-00859,2026-01-21 08:50:00,Parker Ibrahim,parker.ibrahim84@company.co,,Dublin,Atlas Pro,Subscription,Medium,Phone,Pending Customer,Enterprise,4,,40,48.63,Bug | Mobile,No additional context provided.
TKT-02320,2026-05-22 00:00:00,Morgan Grant,morgan.grant@outlook.com,+447107852414,Bristol,Harbor Essentials,Feature Request,Low,Live Chat,Open,,,943.0,,18.49,Billing | Invoice,
TKT-01875,2025-07-27 16:38:00,Tatum Ibrahim,tatum.ibrahim@company.co,,Berlin,Harbor Essentials,Technical Issue,Low,Email,Open,,2,,,151.07,Billing | Invoice,Customer requested an update after the first response.
TKT-02289,2025-02-04 10:54:00,Marley Fischer,marley.fischer@example.com,+13572625339,Birmingham,Nimbus Basic,Feature Request,Low,Web-Form,Pending Customer,,3,,,46.14,Billing | Invoice,Follow-up required next business day.
TKT-00781,2025-12-21 06:52:00,Casey Hughes,casey.hughes6@example.com,+447752235075,Berlin,Mosaic Team,Billing,High,Email,Closed,Premium,2,687.0,86,88.77,Billing | Invoice,Customer requested an update after the first response.
TKT-00930,2025-07-13 00:00:00,Cameron Ibrahim,cameron.ibrahim@company.co,+15204122183,Bristol,Atlas Pro,Security,Medium,Social,Closed,Premium,3,813.0,63,75.38,Billing | Invoice,No additional context provided.
TKT-02524,2024-07-10 19:20:00,Blake Santos,blake.santos@gmail.com,,Melbourne,Orchid Plus,Delivery,Urgent,Social,Open,,3,,,61.76,Product Question,No additional context provided.
TKT-02297,2024-11-05 00:00:00,Robin Kowalski,robin.kowalski6@company.co,,Austin,Mosaic Team,Account Access,Low,Social,Escalated,,,,48,102.01,Account | Security | Urgent,Issue reproduced on a mobile device.
TKT-01798,2025-09-03 20:22:00,Shawn Okafor,shawn.okafor15@company.co,,Bristol,Lumen Starter,Product Question,Low,Live Chat,Closed,Enterprise,2,,,35.22,,
TKT-02609,2025-12-14 00:00:00,Marley Patel,marley.patel79@example.com,+14322556846,Manchester,Cobalt Enterprise,Refund,Medium,Web-Form,Open,,5,629.0,,,Feature-Request,Escalated to the specialist queue.
TKT-02531,2024-05-29 06:34:00,Micah Diaz,micah.diaz45@outlook.com,+12757832707,Dublin,Atlas Pro,Account Access,High,Social,Resolved,Premium,,,,,Account | Security | Urgent,
TKT-01773,2025-12-26 11:43:00,Robin Sullivan,robin.sullivan@outlook.com,+18143689319,Leeds,Mosaic Team,Product Question,High,Live Chat,Escalated,Enterprise,,,71,44.75,Feature-Request,Escalated to the specialist queue.
TKT-00953,2024-10-17 00:00:00,Riley Fischer,riley.fischer@company.co,+376231055,,Cobalt Enterprise,Security,Urgent,Live Chat,Pending Customer,Premium,,,,10.17,Billing | Invoice,Customer mentioned a previous unresolved ticket.
TKT-00051,2025-04-05 00:00:00,Riley Patel,riley.patel@example.com,,London,Nimbus Basic,Security,High,Social,Resolved,,2,,,96.82,Refund,
TKT-01479,2025-10-25 00:00:00,quinn reed,quinn.reed48@outlook.com,,Birmingham,Orchid Plus,Account Access,High,Live Chat,Closed,,4,591.0,88,30.19,Feature-Request,
TKT-02323,2024-01-24 00:00:00,Taylor Reed,taylor.reed@example.com,+19495271885,Seattle,Orchid Plus,Technical Issue,Medium,Phone,Pending Customer,Premium,4,,48,,Account | Security | Urgent,Escalated to the specialist queue.
TKT-01766,2024-06-15 00:22:00,Taylor Hansen,taylor.hansen@company.co,+4653390531,Singapore,Orchid Plus,Product Question,Low,Web-Form,Open,Enterprise,2,1283.0,,32.62,Billing | Invoice,No additional context provided.
TKT-00487,2026-03-08 00:00:00,Milan Reed,milan.reed@example.com,+16345676351,London,Lumen Starter,Billing,High,Social,Resolved,Enterprise,2,1596.0,,43.44,Feature-Request,Customer supplied screenshots.
TKT-01670,2026-01-31 08:03:00,Hayden Brooks,hayden.brooks@outlook.com,+526175587,London,Mosaic Team,Security,Urgent,Email,Closed,,,,,109.07,Billing | Invoice,Escalated to the specialist queue.
TKT-00682,2025-03-19 13:16:00,Avery Brooks,avery.brooks@mailbox.org,+15983803004,Bristol,Mosaic Team,Feature Request,Medium,Social,Open,Standard,,,11,16.9,Delivery | Late,Customer supplied screenshots.
TKT-01209,2025-06-09 00:00:00,Hayden Diaz,hayden.diaz@example.com,,Cape Town,Vertex Analytics,Billing,High,Email,Pending Customer,,4,1644.0,,1.86,Product Question,No additional context provided.
TKT-02709,2026-04-20 22:10:00,Quinn Parker,quinn.parker57@company.co,+16126179589,,Lumen Starter,Security,Urgent,Email,Pending Customer,,2,,,59.67,Bug | Mobile,Customer requested an update after the first response.
TKT-02645,2026-06-12 05:20:00,Hayden Wilson,hayden.wilson@example.com,+916349821,Leeds,Orchid Plus,Account Access,Medium,Web-Form,Resolved,Standard,4,,,19.07,,No additional context provided.
TKT-00999,2025-09-01 17:04:00,Arden Morris,arden.morris@company.co,+11601959382,Seattle,Nimbus Basic,Subscription,Low,Email,Escalated,Premium,5,280.0,48,47.59,Feature-Request,Issue reproduced on a mobile device.
TKT-02353,2025-07-29 00:00:00,Casey Sullivan,casey.sullivan@company.co,+16512977843,,Nimbus Basic,Technical Issue,Low,Social,Escalated,Premium,1,,65,116.6,Billing | Invoice,Customer requested an update after the first response.
TKT-02171,2025-07-12 00:00:00,Alexis Santos,alexis.santos@outlook.com,+18811348723,Amsterdam,Lumen Starter,Subscription,High,Phone,Open,Free,5,1755.0,68,133.3,Billing | Invoice,Follow-up required next business day.
TKT-01790,2025-11-04 07:13:00,Reese Sullivan,reese.sullivan@outlook.com,,Birmingham,Harbor Essentials,Technical Issue,High,Live Chat,Resolved,Premium,4,206.0,76,152.72,Feature-Request,Escalated to the specialist queue.
TKT-00234,2024-07-11 14:38:00,Micah Turner,micah.turner@gmail.com,+277082048,Austin,Mosaic Team,Security,Urgent,Live Chat,Open,Premium,4,,48,43.16,Login | Password,Customer supplied screenshots.
TKT-00830,2025-08-29 00:00:00,Ellis Kowalski,,,Cape Town,Vertex Analytics,Feature Request,Urgent,Phone,Closed,Enterprise,1,,95,63.5,Account | Security | Urgent,Follow-up required next business day.
TKT-01453,2026-06-16 03:02:00,Taylor Hansen,taylor.hansen46@example.com,+13574162132,Cape Town,Orchid Plus,Technical Issue,Medium,Live Chat,Resolved,,,,33,92.24,,Escalated to the specialist queue.
TKT-00448,2025-08-31 00:00:00,Robin Morris,robin.morris@mailbox.org,+13005155842,,Orchid Plus,Billing,High,Web-Form,Escalated,,,,,27.31,Account | Security | Urgent,Issue reproduced on a mobile device.
TKT-01647,2025-06-25 13:25:00,Jordan Morales,jordan.morales38@company.co,+14205687002,Birmingham,Mosaic Team,Refund,Low,Social,Pending Customer,Free,,,48,68.71,Feature-Request,Escalated to the specialist queue.
TKT-00841,2026-02-03 00:00:00,Ellis Meyer,ellis.meyer@company.co,+447566575251,Bristol,Harbor Essentials,Delivery,Medium,Phone,Pending Customer,Free,4,,,76.28,Login | Password,Escalated to the specialist queue.
TKT-00203,2024-07-06 01:13:00,Skyler Sullivan,skyler.sullivan@mailbox.org,+12416526841,Birmingham,Vertex Analytics,Subscription,Medium,Email,Resolved,Premium,4,583.0,48,138.57,Bug | Mobile,Customer requested an update after the first response.
TKT-02560,2025-07-19 02:24:00,Alexis Reed,alexis.reed59@gmail.com,+17612943554,Bristol,Atlas Pro,Refund,Urgent,Live Chat,Pending Customer,Enterprise,1,1417.0,48,129.83,Delivery | Late,Customer requested an update after the first response.
TKT-00611,2024-05-20 00:00:00,Sage Parker,sage.parker@outlook.com,,New York,Nimbus Basic,Technical Issue,Low,Email,Resolved,,4,,,114.99,Bug | Mobile,Follow-up required next business day.
TKT-02749,2025-07-03 20:33:00,Parker Ahmed,parker.ahmed@mailbox.org,+13197588084,Amsterdam,Cobalt Enterprise,Security,High,Phone,Open,Standard,1,,,100.25,Billing | Invoice,Follow-up required next business day.
TKT-01145,2025-08-07 21:15:00,Robin Carter,robin.carter40@gmail.com,+447968142698,Amsterdam,Vertex Analytics,Refund,Medium,Social,Pending Customer,Premium,4,999.0,48,69.48,Billing | Invoice,
TKT-02417,2025-06-15 00:00:00,Robin Santos,robin.santos@example.com,+9150772346,,Orchid Plus,Feature Request,Low,Live Chat,Resolved,Free,4,327.0,48,109.33,Product Question,Issue reproduced on a mobile device.
TKT-00049,2025-11-27 17:39:00,Hayden Hughes,hayden.hughes82@company.co,,,Orchid Plus,Account Access,Medium,Social,Resolved,,,583.0,48,97.9,Account | Security | Urgent,Issue reproduced on a mobile device.
TKT-00773,2024-11-21 00:00:00,Quinn Diaz,quinn.diaz@gmail.com,+16596352523,Seattle,Mosaic Team,Refund,Medium,Email,Open,Premium,,,,113.78,Product Question,Customer requested an update after the first response.
TKT-01849,2025-06-28 00:00:00,Robin Santos,robin.santos@outlook.com,+18862651219,Melbourne,Cobalt Enterprise,Refund,High,Web-Form,Open,,2,,48,132.32,Billing | Invoice,Issue reproduced on a mobile device.
TKT-01232,2026-03-12 00:00:00,milan turner,milan.turner49@company.co,+19779817297,Cape Town,Atlas Pro,Refund,Medium,Web-Form,Pending Customer,Premium,3,,90,3.66,Bug | Mobile,Customer mentioned a previous unresolved ticket.
